,scene_name,probs
0,playroom       ,0.250568777323
1,study          ,0.241656407714
2,reception_room ,0.119519606233
3,office_kitchen ,0.111740350723
4,bedroom        ,0.0599547028542
