,scene_name,probs
0,furniture_store,0.402912735939
1,office         ,0.222491577268
2,classroom      ,0.0841754674911
3,dining_room    ,0.0806604027748
4,bookstore      ,0.080575093627
