,scene_name,probs
0,office         ,0.653889536858
1,kitchen        ,0.14164544642
2,bedroom        ,0.0692535117269
3,dining_room    ,0.030927317217
4,living_room    ,0.0293300952762
