,scene_name,probs
0,dining_room    ,0.536131680012
1,bookstore      ,0.175098925829
2,furniture_store,0.134325906634
3,reception_room ,0.0552790537477
4,kitchen        ,0.0348596386611
