,scene_name,probs
0,bathroom       ,0.527278542519
1,office         ,0.154553577304
2,study          ,0.0630427077413
3,home_office    ,0.0470315143466
4,living_room    ,0.0457584634423
