,scene_name,probs
0,classroom      ,0.712133169174
1,playroom       ,0.0995655953884
2,bookstore      ,0.0477681085467
3,reception_room ,0.0475233569741
4,furniture_store,0.0385759994388
