,scene_name,probs
0,reception_room ,0.580857992172
1,dining_room    ,0.173357307911
2,bookstore      ,0.0560900047421
3,office         ,0.0337575785816
4,kitchen        ,0.0320673361421
