,scene_name,probs
0,office         ,0.293056070805
1,living_room    ,0.220717728138
2,bedroom        ,0.117672964931
3,study          ,0.105814434588
4,kitchen        ,0.0464225113392
