,scene_name,probs
0,office         ,0.416189461946
1,bathroom       ,0.193844512105
2,kitchen        ,0.191418975592
3,bedroom        ,0.0535778962076
4,living_room    ,0.0527986325324
