,scene_name,probs
0,classroom      ,0.302173763514
1,bedroom        ,0.291941463947
2,playroom       ,0.113146826625
3,living_room    ,0.101820476353
4,home_office    ,0.0775771141052
