,scene_name,probs
0,reception_room ,0.627010941505
1,dining_room    ,0.0850715264678
2,home_office    ,0.0603654794395
3,playroom       ,0.0384648554027
4,classroom      ,0.0345626361668
