,scene_name,probs
0,office         ,0.343769788742
1,study          ,0.224977523088
2,bedroom        ,0.113432876766
3,playroom       ,0.0872222855687
4,kitchen        ,0.0492487959564
