,scene_name,probs
0,home_office    ,0.330627530813
1,playroom       ,0.190329626203
2,office         ,0.178358152509
3,classroom      ,0.112861484289
4,dining_room    ,0.0644762814045
