,scene_name,probs
0,bedroom        ,0.609789788723
1,living_room    ,0.138007476926
2,playroom       ,0.0752790570259
3,office         ,0.0684654563665
4,home_office    ,0.0390982553363
