,scene_name,probs
0,office         ,0.181430786848
1,living_room    ,0.156685128808
2,bedroom        ,0.120606340468
3,dining_room    ,0.104653716087
4,playroom       ,0.103850409389
