,scene_name,probs
0,office         ,0.183112084866
1,study          ,0.181119740009
2,playroom       ,0.164291590452
3,reception_room ,0.100945882499
4,home_office    ,0.0864442884922
