,scene_name,probs
0,bookstore      ,0.257642477751
1,kitchen        ,0.246887952089
2,dining_room    ,0.153292626143
3,reception_room ,0.117785491049
4,living_room    ,0.0537074282765
