,scene_name,probs
0,office         ,0.532721161842
1,bedroom        ,0.0982938483357
2,living_room    ,0.0650957375765
3,bathroom       ,0.0622289814055
4,home_office    ,0.0446874499321
