,scene_name,probs
0,kitchen        ,0.547922492027
1,bookstore      ,0.129105761647
2,living_room    ,0.103294201195
3,dining_room    ,0.0708088949323
4,office         ,0.0458507314324
