,scene_name,probs
0,study          ,0.42469766736
1,office         ,0.340569019318
2,home_office    ,0.119827285409
3,playroom       ,0.0231349077076
4,bathroom       ,0.0216740388423
