,scene_name,probs
0,office         ,0.395725518465
1,home_office    ,0.143634602427
2,study          ,0.101693749428
3,reception_room ,0.0816692486405
4,playroom       ,0.0645569488406
