,scene_name,probs
0,classroom      ,0.393851518631
1,dining_room    ,0.203754961491
2,playroom       ,0.100532993674
3,living_room    ,0.0643360689282
4,home_office    ,0.057958342135
