,scene_name,probs
0,reception_room ,0.253830492496
1,study          ,0.222005784512
2,office         ,0.115419842303
3,playroom       ,0.0853124037385
4,bookstore      ,0.0546403303742
