,scene_name,probs
0,office         ,0.346137940884
1,kitchen        ,0.323398470879
2,bathroom       ,0.123466052115
3,dining_room    ,0.0753732919693
4,living_room    ,0.051380392164
