,scene_name,probs
0,bedroom        ,0.46367752552
1,kitchen        ,0.135319784284
2,living_room    ,0.104435533285
3,office         ,0.0754542499781
4,home_office    ,0.0468986369669
