,scene_name,probs
0,classroom      ,0.607217550278
1,living_room    ,0.138957723975
2,home_office    ,0.0870447978377
3,dining_room    ,0.050653424114
4,bedroom        ,0.0442412905395
