,scene_name,probs
0,classroom      ,0.241175144911
1,home_office    ,0.203373283148
2,bedroom        ,0.142236739397
3,dining_room    ,0.116014800966
4,office         ,0.0728142634034
