,scene_name,probs
0,home_office    ,0.251830369234
1,bathroom       ,0.247008651495
2,kitchen        ,0.133005067706
3,playroom       ,0.103126324713
4,living_room    ,0.0596081204712
