,scene_name,probs
0,classroom      ,0.353966802359
1,dining_room    ,0.243054747581
2,furniture_store,0.138694986701
3,office         ,0.132396876812
4,kitchen        ,0.0423909313977
