,scene_name,probs
0,study          ,0.234921678901
1,playroom       ,0.204443991184
2,home_office    ,0.170024976134
3,reception_room ,0.1386539042
4,office_kitchen ,0.128759786487
