,scene_name,probs
0,office_kitchen ,0.751647233963
1,reception_room ,0.0727806389332
2,study          ,0.055071644485
3,playroom       ,0.0289993993938
4,bedroom        ,0.021012660116
