,scene_name,probs
0,dining_room    ,0.394857198
1,office         ,0.224285006523
2,bookstore      ,0.125783473253
3,kitchen        ,0.122277855873
4,home_office    ,0.0410458408296
