,scene_name,probs
0,bedroom        ,0.515658080578
1,bathroom       ,0.34901240468
2,living_room    ,0.103518873453
3,kitchen        ,0.0125280274078
4,study          ,0.00571886450052
