,scene_name,probs
0,bookstore      ,0.725654840469
1,office         ,0.0855003669858
2,dining_room    ,0.0458635427058
3,furniture_store,0.0431045778096
4,reception_room ,0.0297941938043
