,scene_name,probs
0,office_kitchen ,0.209970697761
1,study          ,0.197040706873
2,dining_room    ,0.116331480443
3,reception_room ,0.108969628811
4,office         ,0.0816610231996
