,scene_name,probs
0,office         ,0.894660055637
1,playroom       ,0.0286151506007
2,living_room    ,0.0198624804616
3,study          ,0.0178384687752
4,kitchen        ,0.0119038270786
