,scene_name,probs
0,kitchen        ,0.592403590679
1,dining_room    ,0.0951043739915
2,bedroom        ,0.0756488069892
3,living_room    ,0.0556930117309
4,office         ,0.040910884738
