,scene_name,probs
0,bedroom        ,0.297226846218
1,bathroom       ,0.178533643484
2,office_kitchen ,0.159040316939
3,playroom       ,0.146479204297
4,living_room    ,0.0748806446791
