,scene_name,probs
0,study          ,0.279998779297
1,reception_room ,0.210440635681
2,office_kitchen ,0.121703445911
3,playroom       ,0.074674859643
4,bookstore      ,0.0711219832301
