,scene_name,probs
0,bedroom        ,0.72218221426
1,living_room    ,0.0617065168917
2,bathroom       ,0.0389831513166
3,reception_room ,0.038143184036
4,playroom       ,0.031351249665
