,scene_name,probs
0,bedroom        ,0.578509628773
1,bathroom       ,0.11182526499
2,playroom       ,0.0607797168195
3,kitchen        ,0.052411980927
4,office         ,0.0455597117543
