,scene_name,probs
0,bedroom        ,0.289191186428
1,office         ,0.282919436693
2,bathroom       ,0.178774356842
3,home_office    ,0.0587849095464
4,living_room    ,0.0531612746418
