,scene_name,probs
0,office         ,0.710021138191
1,bedroom        ,0.11278988421
2,home_office    ,0.065282844007
3,kitchen        ,0.0266535077244
4,playroom       ,0.0229098461568
