,scene_name,probs
0,playroom       ,0.289284616709
1,bookstore      ,0.0990440398455
2,dining_room    ,0.0885958522558
3,reception_room ,0.0864144042134
4,office         ,0.0732580199838
