,scene_name,probs
0,home_office    ,0.214319989085
1,study          ,0.213336527348
2,bathroom       ,0.152133405209
3,dining_room    ,0.12305060029
4,kitchen        ,0.0575988851488
