,scene_name,probs
0,bookstore      ,0.938246428967
1,office         ,0.0161482952535
2,dining_room    ,0.0107179414481
3,kitchen        ,0.0104529038072
4,furniture_store,0.00869935564697
