,scene_name,probs
0,home_office    ,0.626834392548
1,office_kitchen ,0.104552999139
2,bedroom        ,0.0641188323498
3,reception_room ,0.0521132685244
4,bathroom       ,0.0300519075245
