,scene_name,probs
0,bedroom        ,0.339189171791
1,bathroom       ,0.178781792521
2,living_room    ,0.171264231205
3,kitchen        ,0.0874761715531
4,dining_room    ,0.0475660040975
