,scene_name,probs
0,study          ,0.247638195753
1,office         ,0.128492221236
2,playroom       ,0.122349210083
3,reception_room ,0.111645013094
4,home_office    ,0.106135249138
