,scene_name,probs
0,kitchen        ,0.300205886364
1,dining_room    ,0.175501286983
2,bookstore      ,0.118999704719
3,living_room    ,0.107851758599
4,bathroom       ,0.107418686152
