,scene_name,probs
0,bathroom       ,0.662708818913
1,dining_room    ,0.0921449661255
2,home_office    ,0.0541562289
3,study          ,0.0445995368063
4,office         ,0.0435995385051
