,scene_name,probs
0,office         ,0.733642697334
1,dining_room    ,0.0934273824096
2,living_room    ,0.0672194063663
3,kitchen        ,0.0379533581436
4,home_office    ,0.0219184253365
