,scene_name,probs
0,office         ,0.346307516098
1,bedroom        ,0.299904823303
2,living_room    ,0.0820120349526
3,study          ,0.0719952136278
4,playroom       ,0.0677259415388
