,scene_name,probs
0,furniture_store,0.812387287617
1,bookstore      ,0.0601435415447
2,reception_room ,0.0415624640882
3,classroom      ,0.0217017382383
4,playroom       ,0.0197118185461
