,scene_name,probs
0,bedroom        ,0.777478456497
1,living_room    ,0.110199898481
2,playroom       ,0.0194371193647
3,office         ,0.0189617332071
4,office_kitchen ,0.0144031047821
