,scene_name,probs
0,office         ,0.346921831369
1,kitchen        ,0.131255239248
2,bedroom        ,0.0911941379309
3,home_office    ,0.0886858999729
4,playroom       ,0.067357249558
