,scene_name,probs
0,office         ,0.276742815971
1,dining_room    ,0.187992990017
2,playroom       ,0.176643058658
3,classroom      ,0.061484515667
4,living_room    ,0.0584023892879
