,scene_name,probs
0,kitchen        ,0.404869198799
1,office         ,0.118930071592
2,living_room    ,0.091695331037
3,playroom       ,0.082226768136
4,study          ,0.0737864524126
