,scene_name,probs
0,playroom       ,0.47651129961
1,living_room    ,0.134311199188
2,bedroom        ,0.126396253705
3,home_office    ,0.0915615335107
4,office         ,0.0824057683349
