,scene_name,probs
0,kitchen        ,0.299351423979
1,home_office    ,0.131481915712
2,office         ,0.121313303709
3,bathroom       ,0.10464066267
4,bedroom        ,0.0880057513714
