,scene_name,probs
0,bedroom        ,0.260351628065
1,playroom       ,0.123397961259
2,dining_room    ,0.104942962527
3,office_kitchen ,0.0961995571852
4,home_office    ,0.0758422389627
