,scene_name,probs
0,kitchen        ,0.27378281951
1,bathroom       ,0.190203115344
2,dining_room    ,0.186245143414
3,living_room    ,0.0886803865433
4,study          ,0.0870390608907
