,scene_name,probs
0,office         ,0.260002911091
1,kitchen        ,0.197781309485
2,living_room    ,0.172354578972
3,bathroom       ,0.109923966229
4,bedroom        ,0.092925183475
