,scene_name,probs
0,office         ,0.966154813766
1,living_room    ,0.00753674469888
2,playroom       ,0.00511736422777
3,dining_room    ,0.00440848525614
4,bedroom        ,0.00435978313908
