,scene_name,probs
0,office         ,0.952545046806
1,kitchen        ,0.0106291482225
2,living_room    ,0.00608560536057
3,bedroom        ,0.00582221057266
4,bathroom       ,0.00533308601007
