,scene_name,probs
0,office         ,0.775157690048
1,bedroom        ,0.0554933845997
2,playroom       ,0.0500175505877
3,living_room    ,0.0394321382046
4,reception_room ,0.0192480869591
