,scene_name,probs
0,study          ,0.331317961216
1,home_office    ,0.130595371127
2,office         ,0.078989289701
3,office_kitchen ,0.0789453536272
4,bathroom       ,0.0782511532307
