,scene_name,probs
0,study          ,0.356517225504
1,office         ,0.169425144792
2,bathroom       ,0.105761915445
3,reception_room ,0.0916211009026
4,bedroom        ,0.0599749572575
