,scene_name,probs
0,kitchen        ,0.368534356356
1,study          ,0.136726900935
2,living_room    ,0.114710174501
3,home_office    ,0.0908220931888
4,office         ,0.0708178132772
