,scene_name,probs
0,bathroom       ,0.379145026207
1,dining_room    ,0.223125144839
2,study          ,0.18701851368
3,office         ,0.0453948788345
4,kitchen        ,0.0420336686075
