,scene_name,probs
0,office_kitchen ,0.644942939281
1,dining_room    ,0.102915428579
2,kitchen        ,0.0949934870005
3,study          ,0.03815311566
4,office         ,0.0274822376668
