,scene_name,probs
0,study          ,0.377635151148
1,bathroom       ,0.151529014111
2,playroom       ,0.0948514342308
3,dining_room    ,0.0827972590923
4,living_room    ,0.0701799690723
