,scene_name,probs
0,bedroom        ,0.349401116371
1,bathroom       ,0.175346240401
2,living_room    ,0.154730498791
3,dining_room    ,0.100530862808
4,home_office    ,0.0728205740452
