,scene_name,probs
0,office         ,0.174656361341
1,study          ,0.158474743366
2,office_kitchen ,0.1449444592
3,home_office    ,0.121001705527
4,kitchen        ,0.0819066017866
