,scene_name,probs
0,bedroom        ,0.635295629501
1,bathroom       ,0.143841862679
2,office         ,0.0880466103554
3,living_room    ,0.0498582422733
4,home_office    ,0.0291689392179
