,scene_name,probs
0,living_room    ,0.618323802948
1,bookstore      ,0.156529203057
2,kitchen        ,0.140870258212
3,bathroom       ,0.0213450472802
4,dining_room    ,0.0183640196919
