,scene_name,probs
0,dining_room    ,0.552387773991
1,office         ,0.110402487218
2,living_room    ,0.0832246169448
3,kitchen        ,0.0664697140455
4,bookstore      ,0.0327773988247
