,scene_name,probs
0,classroom      ,0.775097668171
1,living_room    ,0.0514112822711
2,office         ,0.0416586697102
3,dining_room    ,0.0267056748271
4,home_office    ,0.0228912737221
