,scene_name,probs
0,bathroom       ,0.501615524292
1,bedroom        ,0.0857438147068
2,office         ,0.0758382454515
3,living_room    ,0.0698042958975
4,study          ,0.066871970892
