,scene_name,probs
0,furniture_store,0.915807366371
1,dining_room    ,0.0196344722062
2,bookstore      ,0.01807869412
3,office         ,0.0157306268811
4,reception_room ,0.00593326566741
