,scene_name,probs
0,classroom      ,0.43108022213
1,bedroom        ,0.247302427888
2,home_office    ,0.0954477265477
3,playroom       ,0.086584687233
4,living_room    ,0.0471733175218
