,scene_name,probs
0,playroom       ,0.358007848263
1,home_office    ,0.19007614255
2,classroom      ,0.125558748841
3,study          ,0.0914908349514
4,office         ,0.0447065122426
