,scene_name,probs
0,bookstore      ,0.784029364586
1,reception_room ,0.0433849394321
2,home_office    ,0.0427182875574
3,playroom       ,0.0240894351155
4,classroom      ,0.0193757954985
