,scene_name,probs
0,playroom       ,0.326893299818
1,office_kitchen ,0.215053349733
2,office         ,0.15978744626
3,bedroom        ,0.0996112748981
4,home_office    ,0.0594299063087
