,scene_name,probs
0,office         ,0.279732763767
1,kitchen        ,0.199063867331
2,home_office    ,0.162595197558
3,playroom       ,0.106383778155
4,dining_room    ,0.0661152675748
