,scene_name,probs
0,study          ,0.356122970581
1,bathroom       ,0.216199234128
2,office         ,0.180085837841
3,bedroom        ,0.115470200777
4,reception_room ,0.03096485883
