,scene_name,probs
0,bedroom        ,0.484869450331
1,office         ,0.156516045332
2,living_room    ,0.10678820312
3,kitchen        ,0.105618670583
4,bathroom       ,0.0547385141253
