,scene_name,probs
0,dining_room    ,0.30428147316
1,bathroom       ,0.221788659692
2,home_office    ,0.0987021997571
3,office         ,0.0964164808393
4,study          ,0.0773797482252
