,scene_name,probs
0,bookstore      ,0.579393684864
1,furniture_store,0.2919511199
2,reception_room ,0.0404122471809
3,dining_room    ,0.0287071857601
4,playroom       ,0.0201240964234
