,scene_name,probs
0,classroom      ,0.895587325096
1,office         ,0.0511094592512
2,furniture_store,0.0174705255777
3,living_room    ,0.0106444535777
4,home_office    ,0.00827389489859
