,scene_name,probs
0,study          ,0.237333998084
1,reception_room ,0.203004971147
2,dining_room    ,0.128498703241
3,playroom       ,0.115434892476
4,home_office    ,0.0816791653633
