,scene_name,probs
0,bedroom        ,0.435791909695
1,living_room    ,0.122368596494
2,bathroom       ,0.118883535266
3,playroom       ,0.0700390338898
4,study          ,0.064566925168
