,scene_name,probs
0,bedroom        ,0.494787305593
1,playroom       ,0.210192248225
2,living_room    ,0.117682270706
3,office         ,0.0746816694736
4,classroom      ,0.0437628105283
