,scene_name,probs
0,bedroom        ,0.586925625801
1,kitchen        ,0.100698202848
2,home_office    ,0.0645316541195
3,bathroom       ,0.0624390989542
4,office         ,0.0522279143333
