,scene_name,probs
0,living_room    ,0.19720697403
1,furniture_store,0.189942717552
2,reception_room ,0.138151660562
3,playroom       ,0.118981651962
4,office         ,0.112513713539
