,scene_name,probs
0,bedroom        ,0.707180261612
1,playroom       ,0.0760604888201
2,living_room    ,0.0699257850647
3,office         ,0.0476807020605
4,bathroom       ,0.0264273863286
