,scene_name,probs
0,reception_room ,0.789885103703
1,dining_room    ,0.0451302714646
2,study          ,0.0427884571254
3,playroom       ,0.0292761623859
4,office         ,0.0265786889941
