,scene_name,probs
0,bedroom        ,0.195281565189
1,dining_room    ,0.189554527402
2,living_room    ,0.169686183333
3,home_office    ,0.157580718398
4,kitchen        ,0.100829303265
