,scene_name,probs
0,study          ,0.374376326799
1,bathroom       ,0.178412348032
2,home_office    ,0.0922211110592
3,reception_room ,0.0895764231682
4,dining_room    ,0.0722624212503
