,scene_name,probs
0,kitchen        ,0.238299295306
1,bathroom       ,0.225602716208
2,home_office    ,0.118745550513
3,dining_room    ,0.110573880374
4,study          ,0.0775816589594
