,scene_name,probs
0,kitchen        ,0.57522213459
1,office         ,0.164838954806
2,dining_room    ,0.0905618295074
3,living_room    ,0.0808055177331
4,bedroom        ,0.0293760541826
