,scene_name,probs
0,home_office    ,0.815631687641
1,office         ,0.0544046983123
2,kitchen        ,0.0281251128763
3,bedroom        ,0.022789914161
4,living_room    ,0.017741272226
