,scene_name,probs
0,dining_room    ,0.237846985459
1,office         ,0.213177338243
2,living_room    ,0.173313066363
3,bedroom        ,0.111850269139
4,classroom      ,0.0621464960277
