,scene_name,probs
0,office_kitchen ,0.40136346221
1,study          ,0.159380182624
2,playroom       ,0.137780159712
3,reception_room ,0.107176467776
4,bathroom       ,0.0445003062487
