,scene_name,probs
0,bookstore      ,0.870074748993
1,living_room    ,0.0365032851696
2,office         ,0.0309846177697
3,dining_room    ,0.0278038159013
4,kitchen        ,0.014329909347
