,scene_name,probs
0,reception_room ,0.267439931631
1,office_kitchen ,0.174941644073
2,bookstore      ,0.161712735891
3,study          ,0.146294206381
4,playroom       ,0.0996697321534
