,scene_name,probs
0,playroom       ,0.522608220577
1,classroom      ,0.187950879335
2,office         ,0.0675046145916
3,bedroom        ,0.0541873201728
4,living_room    ,0.0418503023684
