,scene_name,probs
0,classroom      ,0.731659591198
1,living_room    ,0.08745226264
2,home_office    ,0.0515505634248
3,playroom       ,0.047510292381
4,bedroom        ,0.0452263765037
