,scene_name,probs
0,office         ,0.310574263334
1,living_room    ,0.165907263756
2,classroom      ,0.130130365491
3,dining_room    ,0.0981566905975
4,reception_room ,0.0875265076756
