,scene_name,probs
0,office         ,0.423408031464
1,kitchen        ,0.240664854646
2,dining_room    ,0.137291029096
3,living_room    ,0.0444088280201
4,reception_room ,0.0382161848247
