,scene_name,probs
0,study          ,0.40065664053
1,playroom       ,0.119354113936
2,home_office    ,0.110655017197
3,bedroom        ,0.0930152237415
4,bathroom       ,0.0811427086592
