,scene_name,probs
0,classroom      ,0.479549795389
1,living_room    ,0.232029348612
2,home_office    ,0.102249883115
3,dining_room    ,0.0578673258424
4,playroom       ,0.0358111634851
