,scene_name,probs
0,bookstore      ,0.892657160759
1,living_room    ,0.0227387901396
2,furniture_store,0.0161524824798
3,dining_room    ,0.014688976109
4,playroom       ,0.0144947553053
