,scene_name,probs
0,living_room    ,0.214322388172
1,office         ,0.185474827886
2,study          ,0.120900273323
3,kitchen        ,0.101073898375
4,playroom       ,0.0826198682189
