,scene_name,probs
0,home_office    ,0.228077918291
1,office         ,0.202078312635
2,playroom       ,0.0906977280974
3,bathroom       ,0.0782016068697
4,reception_room ,0.0770729780197
