,scene_name,probs
0,home_office    ,0.266512870789
1,living_room    ,0.179934978485
2,playroom       ,0.130766168237
3,dining_room    ,0.121185638011
4,kitchen        ,0.0990657806396
