,scene_name,probs
0,office         ,0.946421921253
1,living_room    ,0.00989536754787
2,bathroom       ,0.00981721002609
3,bedroom        ,0.00711955688894
4,dining_room    ,0.00688686268404
