,scene_name,probs
0,study          ,0.443033546209
1,office         ,0.211745068431
2,bedroom        ,0.122974358499
3,living_room    ,0.0657950416207
4,playroom       ,0.0607235319912
