,scene_name,probs
0,dining_room    ,0.476832836866
1,reception_room ,0.103483974934
2,bookstore      ,0.0689183995128
3,home_office    ,0.0666345432401
4,bathroom       ,0.066259726882
