,scene_name,probs
0,office         ,0.896305084229
1,bedroom        ,0.0347217321396
2,living_room    ,0.0138816749677
3,home_office    ,0.0117370896041
4,study          ,0.0111008705571
