,scene_name,probs
0,kitchen        ,0.697093188763
1,bathroom       ,0.135362297297
2,dining_room    ,0.0584428422153
3,office         ,0.0240526665002
4,bedroom        ,0.0239278562367
