,scene_name,probs
0,office         ,0.656349658966
1,dining_room    ,0.0978385359049
2,home_office    ,0.0765299573541
3,reception_room ,0.0456512123346
4,playroom       ,0.035786382854
