,scene_name,probs
0,bookstore      ,0.837756216526
1,furniture_store,0.134234204888
2,reception_room ,0.0149312866852
3,classroom      ,0.00459777191281
4,playroom       ,0.00356905092485
