,scene_name,probs
0,office         ,0.221390560269
1,kitchen        ,0.176668658853
2,living_room    ,0.152702629566
3,dining_room    ,0.0867119953036
4,bedroom        ,0.0683189332485
