,scene_name,probs
0,bedroom        ,0.365892112255
1,bathroom       ,0.308481782675
2,living_room    ,0.134774208069
3,office         ,0.0509698428214
4,home_office    ,0.0263973716646
