,scene_name,probs
0,office         ,0.341081798077
1,furniture_store,0.198168039322
2,classroom      ,0.152106210589
3,home_office    ,0.0720040500164
4,playroom       ,0.05325531587
