,scene_name,probs
0,bookstore      ,0.947775363922
1,kitchen        ,0.0174658484757
2,furniture_store,0.0100452508777
3,living_room    ,0.00762099353597
4,dining_room    ,0.0056084333919
