,scene_name,probs
0,dining_room    ,0.412452489138
1,classroom      ,0.19271568954
2,playroom       ,0.0931684449315
3,home_office    ,0.0767566263676
4,furniture_store,0.0580395869911
