,scene_name,probs
0,home_office    ,0.200383469462
1,study          ,0.159670248628
2,playroom       ,0.15007956326
3,bedroom        ,0.14992788434
4,reception_room ,0.120260059834
