,scene_name,probs
0,bedroom        ,0.365727812052
1,living_room    ,0.222916081548
2,home_office    ,0.130724683404
3,playroom       ,0.0771890580654
4,bathroom       ,0.0434897542
