,scene_name,probs
0,study          ,0.490509092808
1,bathroom       ,0.146366477013
2,playroom       ,0.0916175469756
3,bedroom        ,0.0656954050064
4,home_office    ,0.054767947644
