,scene_name,probs
0,bookstore      ,0.832292437553
1,playroom       ,0.0390656739473
2,reception_room ,0.0238382779062
3,classroom      ,0.0212038923055
4,furniture_store,0.0210333652794
