,scene_name,probs
0,living_room    ,0.662426352501
1,bookstore      ,0.11271148175
2,dining_room    ,0.0888369381428
3,kitchen        ,0.0631051436067
4,playroom       ,0.0285817757249
