,scene_name,probs
0,furniture_store,0.85768955946
1,dining_room    ,0.0401924997568
2,bookstore      ,0.0327267423272
3,office         ,0.0313762389123
4,classroom      ,0.0107753425837
