,scene_name,probs
0,bedroom        ,0.506071388721
1,office         ,0.150010049343
2,living_room    ,0.102636985481
3,kitchen        ,0.0935014113784
4,playroom       ,0.0564812980592
