,scene_name,probs
0,home_office    ,0.446518242359
1,living_room    ,0.119356423616
2,dining_room    ,0.0914916843176
3,office         ,0.0703686475754
4,kitchen        ,0.06680098176
