,scene_name,probs
0,office_kitchen ,0.519363939762
1,playroom       ,0.111027486622
2,study          ,0.0969998911023
3,reception_room ,0.067164413631
4,bedroom        ,0.0634355098009
