,scene_name,probs
0,playroom       ,0.462476402521
1,study          ,0.152579024434
2,reception_room ,0.114427417517
3,home_office    ,0.100054241717
4,classroom      ,0.0357148423791
