,scene_name,probs
0,office         ,0.37834495306
1,kitchen        ,0.306551963091
2,dining_room    ,0.126922294497
3,living_room    ,0.0753445550799
4,bathroom       ,0.052220761776
