,scene_name,probs
0,dining_room    ,0.456188559532
1,living_room    ,0.249084830284
2,kitchen        ,0.10294342041
3,playroom       ,0.0482598543167
4,bookstore      ,0.0399105250835
