,scene_name,probs
0,living_room    ,0.352450042963
1,playroom       ,0.109559424222
2,study          ,0.0943273231387
3,home_office    ,0.0700641423464
4,classroom      ,0.0659684687853
