,scene_name,probs
0,playroom       ,0.620742499828
1,bedroom        ,0.257673591375
2,living_room    ,0.0293956380337
3,classroom      ,0.0203336887062
4,home_office    ,0.0153760258108
