,scene_name,probs
0,kitchen        ,0.381255477667
1,office         ,0.195199564099
2,dining_room    ,0.120186939836
3,home_office    ,0.114200785756
4,living_room    ,0.069928906858
