,scene_name,probs
0,home_office    ,0.400924801826
1,study          ,0.193861842155
2,office         ,0.150197938085
3,reception_room ,0.0647610351443
4,playroom       ,0.0595640577376
