,scene_name,probs
0,home_office    ,0.65116250515
1,living_room    ,0.0913189426064
2,bedroom        ,0.0557397454977
3,classroom      ,0.0365262702107
4,dining_room    ,0.0339360423386
