,scene_name,probs
0,bedroom        ,0.674657225609
1,living_room    ,0.178932189941
2,playroom       ,0.0775405094028
3,office         ,0.0147101245821
4,home_office    ,0.0131455017254
