,scene_name,probs
0,living_room    ,0.285811930895
1,bathroom       ,0.267089605331
2,dining_room    ,0.124245025218
3,kitchen        ,0.0826120451093
4,bookstore      ,0.0766363143921
