,scene_name,probs
0,bedroom        ,0.71071600914
1,living_room    ,0.0700450763106
2,office         ,0.066249884665
3,playroom       ,0.0632564127445
4,kitchen        ,0.0215100087225
