,scene_name,probs
0,furniture_store,0.846320927143
1,office         ,0.0812844336033
2,classroom      ,0.0174743998796
3,living_room    ,0.0168225392699
4,bookstore      ,0.0147937936708
