,scene_name,probs
0,bookstore      ,0.843396246433
1,furniture_store,0.0546541698277
2,playroom       ,0.0325444564223
3,dining_room    ,0.0194405969232
4,classroom      ,0.0111734289676
