,scene_name,probs
0,reception_room ,0.681054770947
1,dining_room    ,0.108046665788
2,study          ,0.0747006088495
3,office         ,0.0475841239095
4,kitchen        ,0.0356805808842
