,scene_name,probs
0,furniture_store,0.481584250927
1,reception_room ,0.293792694807
2,bookstore      ,0.0714531391859
3,study          ,0.0494122803211
4,home_office    ,0.0417957566679
