,scene_name,probs
0,furniture_store,0.285038769245
1,dining_room    ,0.263266891241
2,bookstore      ,0.12699778378
3,home_office    ,0.0875552669168
4,classroom      ,0.0791851356626
