,scene_name,probs
0,office         ,0.283446103334
1,bathroom       ,0.242953285575
2,study          ,0.202377080917
3,dining_room    ,0.0679540783167
4,home_office    ,0.0429342538118
