,scene_name,probs
0,classroom      ,0.702756047249
1,home_office    ,0.0941697359085
2,furniture_store,0.0853664204478
3,bookstore      ,0.0491079315543
4,reception_room ,0.0306326057762
