,scene_name,probs
0,bookstore      ,0.280929088593
1,reception_room ,0.266640603542
2,study          ,0.153381556273
3,furniture_store,0.090835377574
4,home_office    ,0.0593070089817
