,scene_name,probs
0,office         ,0.204775199294
1,dining_room    ,0.140569791198
2,bathroom       ,0.132398888469
3,living_room    ,0.108457639813
4,home_office    ,0.106913991272
