,scene_name,probs
0,reception_room ,0.297280579805
1,study          ,0.245958611369
2,furniture_store,0.160833194852
3,playroom       ,0.0801046937704
4,bookstore      ,0.0718249678612
