,scene_name,probs
0,reception_room ,0.276301413774
1,study          ,0.152527838945
2,kitchen        ,0.130708560348
3,playroom       ,0.130425289273
4,bookstore      ,0.0797397494316
