,scene_name,probs
0,bookstore      ,0.628133058548
1,home_office    ,0.0927283540368
2,study          ,0.0767595544457
3,kitchen        ,0.0626303479075
4,reception_room ,0.0413570143282
