,scene_name,probs
0,reception_room ,0.41659578681
1,study          ,0.370979219675
2,office_kitchen ,0.0569509752095
3,playroom       ,0.0440707355738
4,home_office    ,0.0272113960236
