,scene_name,probs
0,bedroom        ,0.337753891945
1,office         ,0.136190742254
2,playroom       ,0.132783040404
3,living_room    ,0.0903424099088
4,office_kitchen ,0.0799421444535
