,scene_name,probs
0,kitchen        ,0.298085927963
1,dining_room    ,0.218284294009
2,office         ,0.203612685204
3,home_office    ,0.156164705753
4,bathroom       ,0.035502742976
