,scene_name,probs
0,dining_room    ,0.629662036896
1,home_office    ,0.149106755853
2,office         ,0.0775951594114
3,reception_room ,0.0300969034433
4,playroom       ,0.0223857313395
