,scene_name,probs
0,office_kitchen ,0.845018267632
1,home_office    ,0.0393797121942
2,bathroom       ,0.0229336954653
3,dining_room    ,0.0216926615685
4,study          ,0.0170572008938
