,scene_name,probs
0,office_kitchen ,0.291944503784
1,study          ,0.242558285594
2,reception_room ,0.102830372751
3,playroom       ,0.0845311358571
4,home_office    ,0.0698318332434
