,scene_name,probs
0,dining_room    ,0.319000065327
1,reception_room ,0.235657066107
2,office         ,0.148682951927
3,study          ,0.0742600038648
4,playroom       ,0.0697691440582
