,scene_name,probs
0,furniture_store,0.827011525631
1,office         ,0.056918811053
2,dining_room    ,0.0542491152883
3,bookstore      ,0.0174480527639
4,classroom      ,0.0135663570836
