,scene_name,probs
0,kitchen        ,0.291892856359
1,dining_room    ,0.240767613053
2,living_room    ,0.155734837055
3,office         ,0.108611635864
4,playroom       ,0.0505478717387
