,scene_name,probs
0,kitchen        ,0.260335624218
1,office         ,0.154020220041
2,living_room    ,0.132696568966
3,reception_room ,0.116483099759
4,playroom       ,0.108557358384
