,scene_name,probs
0,classroom      ,0.232262805104
1,office         ,0.149785608053
2,dining_room    ,0.135338529944
3,home_office    ,0.12944637239
4,bedroom        ,0.121871709824
