,scene_name,probs
0,office         ,0.291920691729
1,kitchen        ,0.162160336971
2,bathroom       ,0.156902253628
3,living_room    ,0.14982047677
4,dining_room    ,0.0952508300543
