,scene_name,probs
0,study          ,0.23841483891
1,office_kitchen ,0.224715456367
2,playroom       ,0.159878790379
3,home_office    ,0.144614458084
4,reception_room ,0.108581990004
