,scene_name,probs
0,playroom       ,0.225622341037
1,study          ,0.2136349231
2,home_office    ,0.200891062617
3,reception_room ,0.0886132642627
4,bedroom        ,0.0806700587273
