,scene_name,probs
0,classroom      ,0.418828845024
1,office         ,0.277378112078
2,home_office    ,0.0791254118085
3,living_room    ,0.0548438578844
4,dining_room    ,0.0513044074178
