,scene_name,probs
0,bathroom       ,0.248274803162
1,dining_room    ,0.225223779678
2,living_room    ,0.178175583482
3,kitchen        ,0.173593997955
4,bedroom        ,0.0576927922666
