,scene_name,probs
0,dining_room    ,0.441965281963
1,office         ,0.15177538991
2,furniture_store,0.107494741678
3,kitchen        ,0.0852281600237
4,bookstore      ,0.0846699923277
