,scene_name,probs
0,living_room    ,0.17631457746
1,office         ,0.156153321266
2,bedroom        ,0.155075535178
3,home_office    ,0.151004761457
4,dining_room    ,0.121551707387
