,scene_name,probs
0,office         ,0.311076313257
1,bedroom        ,0.177641153336
2,home_office    ,0.122540235519
3,playroom       ,0.0979755222797
4,living_room    ,0.0833625048399
