,scene_name,probs
0,study          ,0.813935518265
1,home_office    ,0.0669562071562
2,playroom       ,0.03732451424
3,bathroom       ,0.0212949290872
4,bedroom        ,0.0131896473467
