,scene_name,probs
0,study          ,0.399023234844
1,office         ,0.229313448071
2,bedroom        ,0.140341967344
3,living_room    ,0.0761550068855
4,playroom       ,0.0606784336269
