,scene_name,probs
0,bedroom        ,0.234935715795
1,office         ,0.23089812696
2,office_kitchen ,0.103463165462
3,living_room    ,0.0987535640597
4,home_office    ,0.0859735235572
