,scene_name,probs
0,study          ,0.316942036152
1,reception_room ,0.206785649061
2,office_kitchen ,0.104481197894
3,playroom       ,0.100099675357
4,bookstore      ,0.0643804967403
