,scene_name,probs
0,bedroom        ,0.685894668102
1,playroom       ,0.0962851047516
2,living_room    ,0.0872366651893
3,office         ,0.0249763689935
4,home_office    ,0.023955155164
