,scene_name,probs
0,furniture_store,0.858512938023
1,bookstore      ,0.0379961170256
2,reception_room ,0.021459819749
3,living_room    ,0.0187449902296
4,classroom      ,0.016977025196
