,scene_name,probs
0,dining_room    ,0.621252954006
1,kitchen        ,0.11332116276
2,office         ,0.0962746590376
3,home_office    ,0.0572195164859
4,living_room    ,0.0429182089865
