,scene_name,probs
0,office_kitchen ,0.237695798278
1,bookstore      ,0.19745503366
2,study          ,0.123761087656
3,bathroom       ,0.0900189876556
4,playroom       ,0.0862877517939
