,scene_name,probs
0,bathroom       ,0.735217630863
1,bedroom        ,0.0809422209859
2,study          ,0.0480926856399
3,home_office    ,0.0363886877894
4,office         ,0.0308679156005
