,scene_name,probs
0,office         ,0.393829405308
1,kitchen        ,0.261460840702
2,dining_room    ,0.144578188658
3,living_room    ,0.080479554832
4,bookstore      ,0.0567083694041
