,scene_name,probs
0,bathroom       ,0.613559782505
1,kitchen        ,0.110953181982
2,bedroom        ,0.0614876970649
3,living_room    ,0.0506590306759
4,dining_room    ,0.0414357185364
