,scene_name,probs
0,bathroom       ,0.321487724781
1,bedroom        ,0.191380769014
2,office         ,0.185961067677
3,kitchen        ,0.0772907659411
4,study          ,0.0655956715345
