,scene_name,probs
0,bedroom        ,0.345562785864
1,bathroom       ,0.121377587318
2,home_office    ,0.106037266552
3,office         ,0.08635918051
4,office_kitchen ,0.0823156088591
