,scene_name,probs
0,bedroom        ,0.440222084522
1,study          ,0.18663418293
2,bathroom       ,0.153536826372
3,playroom       ,0.0499629452825
4,office_kitchen ,0.0345932208002
