,scene_name,probs
0,office         ,0.397139072418
1,playroom       ,0.132306531072
2,classroom      ,0.0880756378174
3,furniture_store,0.0678323432803
4,reception_room ,0.0612578690052
