,scene_name,probs
0,kitchen        ,0.644666194916
1,dining_room    ,0.112776406109
2,office         ,0.0757535547018
3,living_room    ,0.0407798215747
4,bedroom        ,0.0282411221415
