,scene_name,probs
0,reception_room ,0.362979888916
1,study          ,0.195378392935
2,bedroom        ,0.105611495674
3,playroom       ,0.104676149786
4,office_kitchen ,0.0906597971916
