,scene_name,probs
0,bathroom       ,0.415403425694
1,study          ,0.205669090152
2,playroom       ,0.0968976914883
3,dining_room    ,0.0664992779493
4,office_kitchen ,0.0524697899818
