,scene_name,probs
0,dining_room    ,0.58561784029
1,playroom       ,0.0869749858975
2,classroom      ,0.0813520178199
3,home_office    ,0.062969379127
4,office_kitchen ,0.0317609086633
