,scene_name,probs
0,office         ,0.246850028634
1,bedroom        ,0.219060942531
2,living_room    ,0.123409889638
3,study          ,0.0981962382793
4,bathroom       ,0.0972045660019
