,scene_name,probs
0,bookstore      ,0.986131072044
1,kitchen        ,0.00363040529191
2,furniture_store,0.00280062574893
3,dining_room    ,0.00177557335701
4,reception_room ,0.00172177702188
