,scene_name,probs
0,playroom       ,0.323892921209
1,home_office    ,0.153174027801
2,reception_room ,0.14689655602
3,office_kitchen ,0.0836526677012
4,study          ,0.0792057514191
