,scene_name,probs
0,bookstore      ,0.968416750431
1,kitchen        ,0.00772543856874
2,playroom       ,0.00591982668266
3,dining_room    ,0.00438585970551
4,furniture_store,0.00355557817966
