,scene_name,probs
0,bedroom        ,0.355411529541
1,living_room    ,0.235027760267
2,home_office    ,0.133052632213
3,playroom       ,0.0729889571667
4,bathroom       ,0.0430640615523
