,scene_name,probs
0,bookstore      ,0.859447836876
1,furniture_store,0.0721801966429
2,dining_room    ,0.044403899461
3,reception_room ,0.00564415287226
4,home_office    ,0.00359175656922
