,scene_name,probs
0,study          ,0.606369674206
1,reception_room ,0.205774351954
2,playroom       ,0.04575612396
3,home_office    ,0.0313199236989
4,kitchen        ,0.0252617150545
