,scene_name,probs
0,bathroom       ,0.283116847277
1,study          ,0.183287411928
2,playroom       ,0.151989713311
3,bedroom        ,0.119986087084
4,living_room    ,0.0521927066147
