,scene_name,probs
0,office         ,0.283446401358
1,dining_room    ,0.198822334409
2,bathroom       ,0.0922585502267
3,reception_room ,0.0803987458348
4,home_office    ,0.0650852546096
