,scene_name,probs
0,furniture_store,0.770784556866
1,playroom       ,0.0914495587349
2,bookstore      ,0.0363150127232
3,office         ,0.0304580051452
4,classroom      ,0.0245160292834
