,scene_name,probs
0,office         ,0.554550051689
1,living_room    ,0.186208873987
2,bedroom        ,0.0596030727029
3,kitchen        ,0.0501925088465
4,playroom       ,0.0369897969067
