,scene_name,probs
0,living_room    ,0.266048640013
1,kitchen        ,0.184796944261
2,dining_room    ,0.16228659451
3,office         ,0.151026979089
4,home_office    ,0.0545658655465
