,scene_name,probs
0,home_office    ,0.586082875729
1,office         ,0.158684670925
2,kitchen        ,0.042094103992
3,dining_room    ,0.0400652624667
4,bathroom       ,0.0348747223616
