,scene_name,probs
0,bedroom        ,0.805124878883
1,living_room    ,0.102744154632
2,playroom       ,0.0293059125543
3,office         ,0.0196958594024
4,kitchen        ,0.0163401551545
