,scene_name,probs
0,bookstore      ,0.383630245924
1,furniture_store,0.277746915817
2,kitchen        ,0.192356184125
3,living_room    ,0.0355769172311
4,office         ,0.0330076925457
