,scene_name,probs
0,classroom      ,0.593365848064
1,playroom       ,0.196834817529
2,home_office    ,0.116145931184
3,bookstore      ,0.0155347753316
4,study          ,0.0148109933361
