,scene_name,probs
0,study          ,0.860225021839
1,bathroom       ,0.0417796932161
2,kitchen        ,0.0183394104242
3,reception_room ,0.0156403556466
4,office_kitchen ,0.014161573723
