,scene_name,probs
0,furniture_store,0.813400328159
1,bookstore      ,0.0962123647332
2,reception_room ,0.0528612062335
3,study          ,0.0112267546356
4,playroom       ,0.00802623108029
