,scene_name,probs
0,living_room    ,0.231175273657
1,playroom       ,0.227982491255
2,bedroom        ,0.185821980238
3,office         ,0.115034744143
4,dining_room    ,0.052619677037
