,scene_name,probs
0,reception_room ,0.853149414062
1,office         ,0.0366269312799
2,dining_room    ,0.030649844557
3,study          ,0.0226292572916
4,furniture_store,0.0158903151751
