,scene_name,probs
0,dining_room    ,0.335513055325
1,office         ,0.295269787312
2,home_office    ,0.069279961288
3,reception_room ,0.0578361041844
4,classroom      ,0.0449007600546
