,scene_name,probs
0,playroom       ,0.278647780418
1,classroom      ,0.206599324942
2,study          ,0.119303956628
3,reception_room ,0.0947528705001
4,home_office    ,0.0885362029076
