,scene_name,probs
0,office         ,0.334322392941
1,kitchen        ,0.167351379991
2,bathroom       ,0.115808792412
3,living_room    ,0.101807042956
4,dining_room    ,0.0562060922384
