,scene_name,probs
0,study          ,0.332824289799
1,bedroom        ,0.166575923562
2,bathroom       ,0.148323312402
3,reception_room ,0.0787253901362
4,playroom       ,0.0698965713382
