,scene_name,probs
0,office         ,0.967058181763
1,kitchen        ,0.0124136963859
2,living_room    ,0.00525089912117
3,bedroom        ,0.00269602658227
4,home_office    ,0.00267171231098
