,scene_name,probs
0,bedroom        ,0.388805776834
1,playroom       ,0.184698835015
2,classroom      ,0.0893187969923
3,living_room    ,0.0860347747803
4,home_office    ,0.0786303505301
