,scene_name,probs
0,bookstore      ,0.365364462137
1,furniture_store,0.293812602758
2,kitchen        ,0.196043923497
3,living_room    ,0.036212682724
4,office         ,0.0345134697855
