,scene_name,probs
0,playroom       ,0.314054965973
1,bookstore      ,0.140148490667
2,study          ,0.116378970444
3,office_kitchen ,0.11409047991
4,reception_room ,0.100185908377
