,scene_name,probs
0,bookstore      ,0.253310114145
1,study          ,0.182208731771
2,home_office    ,0.130435615778
3,furniture_store,0.128926306963
4,reception_room ,0.0895152464509
