,scene_name,probs
0,office         ,0.963692843914
1,kitchen        ,0.0169774498791
2,home_office    ,0.00440743938088
3,bedroom        ,0.00423349440098
4,dining_room    ,0.00394470756873
