,scene_name,probs
0,office         ,0.360389322042
1,kitchen        ,0.242444336414
2,home_office    ,0.0796069204807
3,dining_room    ,0.0764678791165
4,living_room    ,0.0536138266325
