,scene_name,probs
0,office         ,0.292399644852
1,home_office    ,0.225590482354
2,playroom       ,0.157716438174
3,classroom      ,0.105220720172
4,dining_room    ,0.0706673488021
