,scene_name,probs
0,playroom       ,0.28844165802
1,living_room    ,0.142878890038
2,kitchen        ,0.118872314692
3,study          ,0.107684269547
4,bookstore      ,0.0774748399854
