,scene_name,probs
0,bedroom        ,0.463217973709
1,playroom       ,0.18185955286
2,home_office    ,0.0974096357822
3,office         ,0.0594781264663
4,office_kitchen ,0.0338810831308
