,scene_name,probs
0,home_office    ,0.540403366089
1,office         ,0.124303668737
2,reception_room ,0.0627363473177
3,kitchen        ,0.0588534809649
4,study          ,0.048555418849
