,scene_name,probs
0,office_kitchen ,0.877623200417
1,dining_room    ,0.0653807520866
2,study          ,0.0120567306876
3,home_office    ,0.0114885503426
4,bathroom       ,0.00785870756954
