,scene_name,probs
0,playroom       ,0.782086610794
1,furniture_store,0.0600622445345
2,classroom      ,0.0516973026097
3,home_office    ,0.0225870385766
4,bookstore      ,0.0213361345232
