,scene_name,probs
0,office         ,0.310352265835
1,home_office    ,0.185920074582
2,dining_room    ,0.123647846282
3,living_room    ,0.106056638062
4,classroom      ,0.061172530055
