,scene_name,probs
0,bookstore      ,0.775902032852
1,living_room    ,0.0695178955793
2,kitchen        ,0.0468506105244
3,dining_room    ,0.0352108106017
4,office         ,0.026648260653
