,scene_name,probs
0,kitchen        ,0.442672938108
1,dining_room    ,0.185276150703
2,living_room    ,0.114088557661
3,home_office    ,0.0824692845345
4,office         ,0.050480555743
