,scene_name,probs
0,bookstore      ,0.955522656441
1,kitchen        ,0.0190677661449
2,dining_room    ,0.0153150297701
3,living_room    ,0.00585556030273
4,furniture_store,0.00206521549262
