,scene_name,probs
0,furniture_store,0.31205072999
1,kitchen        ,0.18671938777
2,dining_room    ,0.184818908572
3,living_room    ,0.173084199429
4,bookstore      ,0.0605200007558
