,scene_name,probs
0,office         ,0.781431436539
1,study          ,0.0619932897389
2,bedroom        ,0.0505050234497
3,playroom       ,0.0216081459075
4,bathroom       ,0.0188928768039
