,scene_name,probs
0,dining_room    ,0.388857752085
1,living_room    ,0.363076031208
2,kitchen        ,0.0578660033643
3,classroom      ,0.0507801659405
4,playroom       ,0.0381550714374
