,scene_name,probs
0,office         ,0.271053642035
1,dining_room    ,0.172626674175
2,home_office    ,0.114380560815
3,bedroom        ,0.108454883099
4,living_room    ,0.107116095722
