,scene_name,probs
0,bookstore      ,0.246605977416
1,office         ,0.114212878048
2,dining_room    ,0.108943402767
3,living_room    ,0.0965253487229
4,playroom       ,0.0937029570341
