,scene_name,probs
0,bedroom        ,0.490665346384
1,kitchen        ,0.149111390114
2,office         ,0.118988364935
3,playroom       ,0.067495405674
4,living_room    ,0.0579966977239
