,scene_name,probs
0,bedroom        ,0.880953073502
1,living_room    ,0.061690878123
2,playroom       ,0.0277113113552
3,bathroom       ,0.00688454322517
4,office         ,0.00433580763638
