,scene_name,probs
0,bathroom       ,0.260945737362
1,kitchen        ,0.193007931113
2,office         ,0.156709492207
3,bedroom        ,0.133611187339
4,living_room    ,0.0845615789294
