,scene_name,probs
0,classroom      ,0.253262132406
1,kitchen        ,0.209470450878
2,reception_room ,0.14406658709
3,dining_room    ,0.0835015624762
4,playroom       ,0.0834469497204
