,scene_name,probs
0,bedroom        ,0.706417441368
1,bathroom       ,0.125813469291
2,living_room    ,0.0362930782139
3,playroom       ,0.0349002256989
4,home_office    ,0.0320134498179
