,scene_name,probs
0,furniture_store,0.267073571682
1,office         ,0.178407073021
2,living_room    ,0.173000648618
3,bookstore      ,0.15135294199
4,dining_room    ,0.0924741253257
