,scene_name,probs
0,bedroom        ,0.487830996513
1,bathroom       ,0.1601767838
2,living_room    ,0.120978154242
3,office         ,0.0990765914321
4,home_office    ,0.0416345261037
