,scene_name,probs
0,home_office    ,0.218357145786
1,office         ,0.146076738834
2,study          ,0.102474026382
3,reception_room ,0.101969480515
4,playroom       ,0.10083014518
