,scene_name,probs
0,playroom       ,0.474008023739
1,living_room    ,0.128934830427
2,office         ,0.127624094486
3,bedroom        ,0.0707173720002
4,home_office    ,0.0678319707513
