,scene_name,probs
0,office         ,0.488749027252
1,bathroom       ,0.171854287386
2,kitchen        ,0.10983941704
3,living_room    ,0.0918362662196
4,dining_room    ,0.0465228036046
