,scene_name,probs
0,study          ,0.468631148338
1,playroom       ,0.208178773522
2,home_office    ,0.102283142507
3,office_kitchen ,0.0670704171062
4,bedroom        ,0.0534456931055
