,scene_name,probs
0,reception_room ,0.413669884205
1,furniture_store,0.221560359001
2,playroom       ,0.104656383395
3,study          ,0.0803183764219
4,bookstore      ,0.0743535161018
