,scene_name,probs
0,dining_room    ,0.203481405973
1,office         ,0.174162581563
2,kitchen        ,0.144476771355
3,study          ,0.122394628823
4,home_office    ,0.107329122722
