,scene_name,probs
0,reception_room ,0.757199764252
1,study          ,0.0882368758321
2,playroom       ,0.0493824966252
3,bookstore      ,0.0443530976772
4,furniture_store,0.0181719735265
