,scene_name,probs
0,kitchen        ,0.326537072659
1,home_office    ,0.156258761883
2,dining_room    ,0.0925453752279
3,office         ,0.0710651129484
4,reception_room ,0.0697270855308
