,scene_name,probs
0,bathroom       ,0.478566199541
1,kitchen        ,0.213467642665
2,study          ,0.0712341964245
3,dining_room    ,0.0601191148162
4,bedroom        ,0.054100394249
