,scene_name,probs
0,classroom      ,0.41256698966
1,home_office    ,0.293898075819
2,dining_room    ,0.069690272212
3,office         ,0.0622633174062
4,living_room    ,0.0345551893115
