,scene_name,probs
0,office         ,0.49726742506
1,home_office    ,0.154102504253
2,dining_room    ,0.107010550797
3,kitchen        ,0.048180770129
4,living_room    ,0.0461258515716
