,scene_name,probs
0,bedroom        ,0.653584957123
1,living_room    ,0.0922750160098
2,home_office    ,0.0522276721895
3,office_kitchen ,0.0349791757762
4,playroom       ,0.032474681735
