,scene_name,probs
0,office         ,0.320617198944
1,study          ,0.24029918015
2,bathroom       ,0.123632878065
3,dining_room    ,0.0755853354931
4,kitchen        ,0.063307993114
