,scene_name,probs
0,dining_room    ,0.587888717651
1,home_office    ,0.11985039711
2,bathroom       ,0.0758794993162
3,study          ,0.0564292557538
4,office         ,0.0534939803183
