,scene_name,probs
0,office         ,0.748493134975
1,kitchen        ,0.0490125566721
2,bathroom       ,0.0436697490513
3,home_office    ,0.033419713378
4,dining_room    ,0.0248738881201
