,scene_name,probs
0,classroom      ,0.867924630642
1,dining_room    ,0.0458039827645
2,living_room    ,0.0230023674667
3,furniture_store,0.0118660358712
4,bookstore      ,0.01166663412
