,scene_name,probs
0,bookstore      ,0.86828905344
1,dining_room    ,0.0886523574591
2,kitchen        ,0.0140224099159
3,furniture_store,0.00532707758248
4,living_room    ,0.00438123010099
