,scene_name,probs
0,bathroom       ,0.724012136459
1,office         ,0.0924796238542
2,study          ,0.0902304798365
3,bedroom        ,0.0376528613269
4,kitchen        ,0.0177768077701
