,scene_name,probs
0,bedroom        ,0.317793607712
1,bathroom       ,0.259638994932
2,study          ,0.135290011764
3,playroom       ,0.0788588002324
4,office         ,0.0769577696919
