,scene_name,probs
0,office         ,0.550985276699
1,bedroom        ,0.0902828797698
2,living_room    ,0.0643857643008
3,bathroom       ,0.063868522644
4,kitchen        ,0.0468324907124
