,scene_name,probs
0,dining_room    ,0.415040850639
1,living_room    ,0.151115849614
2,office         ,0.133980587125
3,home_office    ,0.128124549985
4,classroom      ,0.0907965749502
