,scene_name,probs
0,classroom      ,0.403393417597
1,bedroom        ,0.278356045485
2,home_office    ,0.0982334762812
3,playroom       ,0.0902874320745
4,office         ,0.0435341969132
