,scene_name,probs
0,study          ,0.829250097275
1,bathroom       ,0.0374102182686
2,playroom       ,0.03605081141
3,home_office    ,0.0250685065985
4,office         ,0.0183095131069
