,scene_name,probs
0,office_kitchen ,0.259982347488
1,playroom       ,0.217074364424
2,study          ,0.119505882263
3,reception_room ,0.10138694942
4,dining_room    ,0.0855200812221
