,scene_name,probs
0,furniture_store,0.643931984901
1,bookstore      ,0.120702490211
2,playroom       ,0.0622557401657
3,classroom      ,0.0608239099383
4,home_office    ,0.0391317978501
