,scene_name,probs
0,bedroom        ,0.520833194256
1,living_room    ,0.163205608726
2,home_office    ,0.151109859347
3,bathroom       ,0.0661434754729
4,office         ,0.0293772295117
