,scene_name,probs
0,kitchen        ,0.30990588665
1,office         ,0.195984140038
2,bedroom        ,0.171401888132
3,bathroom       ,0.0774981379509
4,living_room    ,0.0568824149668
