,scene_name,probs
0,office         ,0.739827156067
1,living_room    ,0.0585851445794
2,bathroom       ,0.0439429059625
3,kitchen        ,0.0404316931963
4,home_office    ,0.0246972199529
