,scene_name,probs
0,playroom       ,0.322882533073
1,home_office    ,0.244381934404
2,classroom      ,0.170905068517
3,study          ,0.101323112845
4,office         ,0.0379641540349
