,scene_name,probs
0,bookstore      ,0.390146791935
1,reception_room ,0.232241332531
2,study          ,0.210662677884
3,office_kitchen ,0.0559591762722
4,home_office    ,0.0356095954776
