,scene_name,probs
0,office         ,0.427084267139
1,kitchen        ,0.236411735415
2,dining_room    ,0.14252281189
3,bathroom       ,0.103211157024
4,living_room    ,0.0599697120488
