,scene_name,probs
0,bedroom        ,0.365955412388
1,home_office    ,0.138773441315
2,playroom       ,0.132665276527
3,living_room    ,0.079663656652
4,dining_room    ,0.0725126937032
