,scene_name,probs
0,office         ,0.185036331415
1,dining_room    ,0.182429581881
2,kitchen        ,0.128506198525
3,playroom       ,0.103439219296
4,bedroom        ,0.0859996750951
