,scene_name,probs
0,playroom       ,0.422948658466
1,home_office    ,0.161148577929
2,bedroom        ,0.159269541502
3,living_room    ,0.125452548265
4,study          ,0.040938667953
