,scene_name,probs
0,furniture_store,0.424705028534
1,bookstore      ,0.179439365864
2,playroom       ,0.105837911367
3,classroom      ,0.0960791036487
4,office         ,0.085430495441
