,scene_name,probs
0,dining_room    ,0.22876508534
1,classroom      ,0.165937393904
2,home_office    ,0.153829962015
3,playroom       ,0.139037266374
4,kitchen        ,0.125146061182
