,scene_name,probs
0,dining_room    ,0.254715710878
1,office         ,0.233337819576
2,kitchen        ,0.229759931564
3,bathroom       ,0.180758938193
4,living_room    ,0.039582721889
