,scene_name,probs
0,bedroom        ,0.201771423221
1,bathroom       ,0.199400156736
2,kitchen        ,0.171257421374
3,living_room    ,0.138460293412
4,office         ,0.0723914131522
