,scene_name,probs
0,kitchen        ,0.314751446247
1,bedroom        ,0.206226304173
2,bathroom       ,0.135568529367
3,dining_room    ,0.0851036533713
4,home_office    ,0.0809841230512
