,scene_name,probs
0,bedroom        ,0.290641099215
1,living_room    ,0.204708889127
2,bathroom       ,0.113240286708
3,office         ,0.0975328758359
4,kitchen        ,0.0703010037541
