,scene_name,probs
0,office         ,0.849374353886
1,living_room    ,0.0614880882204
2,furniture_store,0.0392326787114
3,classroom      ,0.010737891309
4,dining_room    ,0.00935552921146
