,scene_name,probs
0,playroom       ,0.357691794634
1,classroom      ,0.300539553165
2,office         ,0.10593483597
3,furniture_store,0.0822579935193
4,home_office    ,0.0516592673957
