,scene_name,probs
0,home_office    ,0.33060207963
1,bathroom       ,0.303587317467
2,bedroom        ,0.121958002448
3,living_room    ,0.048199698329
4,dining_room    ,0.0441856645048
