,scene_name,probs
0,study          ,0.674451589584
1,bedroom        ,0.060834415257
2,playroom       ,0.0481385923922
3,home_office    ,0.0470956265926
4,bathroom       ,0.0411934889853
