,scene_name,probs
0,bedroom        ,0.607156217098
1,bathroom       ,0.134506970644
2,living_room    ,0.124502964318
3,playroom       ,0.0335998423398
4,office         ,0.0231518857181
