,scene_name,probs
0,study          ,0.497566491365
1,reception_room ,0.109837979078
2,playroom       ,0.101896069944
3,office_kitchen ,0.0811322107911
4,bedroom        ,0.0689800307155
