,scene_name,probs
0,bedroom        ,0.520632266998
1,playroom       ,0.123808167875
2,office         ,0.0955223441124
3,living_room    ,0.0663225799799
4,study          ,0.0620009116828
