,scene_name,probs
0,office         ,0.472359091043
1,kitchen        ,0.162327349186
2,bedroom        ,0.141257882118
3,living_room    ,0.123457118869
4,dining_room    ,0.030217923224
