,scene_name,probs
0,office_kitchen ,0.400327771902
1,study          ,0.255403071642
2,playroom       ,0.0947183519602
3,reception_room ,0.0623661614954
4,home_office    ,0.0600896216929
