,scene_name,probs
0,kitchen        ,0.574006736279
1,bedroom        ,0.0843236371875
2,bathroom       ,0.0689028501511
3,office         ,0.0586313195527
4,home_office    ,0.0536198504269
