,scene_name,probs
0,home_office    ,0.29252448678
1,kitchen        ,0.151288077235
2,office         ,0.149361565709
3,living_room    ,0.083427593112
4,dining_room    ,0.0813001096249
