,scene_name,probs
0,bookstore      ,0.931476473808
1,furniture_store,0.0547497719526
2,reception_room ,0.0041045458056
3,classroom      ,0.00346255162731
4,playroom       ,0.00318255927414
