,scene_name,probs
0,home_office    ,0.248907119036
1,playroom       ,0.139294594526
2,study          ,0.132554247975
3,bookstore      ,0.114641599357
4,office_kitchen ,0.0941846743226
