,scene_name,probs
0,office         ,0.21244160831
1,home_office    ,0.166393697262
2,reception_room ,0.115168243647
3,kitchen        ,0.0954528227448
4,dining_room    ,0.0889226794243
