,scene_name,probs
0,classroom      ,0.858105361462
1,home_office    ,0.0261125322431
2,living_room    ,0.0227275118232
3,playroom       ,0.0221415292472
4,furniture_store,0.0183020215482
