,scene_name,probs
0,kitchen        ,0.231009066105
1,bedroom        ,0.217303484678
2,office         ,0.0940200909972
3,bathroom       ,0.0893252342939
4,home_office    ,0.087152980268
