,scene_name,probs
0,office_kitchen ,0.879981994629
1,study          ,0.0223362334073
2,dining_room    ,0.0201532952487
3,home_office    ,0.0137445796281
4,kitchen        ,0.0136876190081
