,scene_name,probs
0,office_kitchen ,0.379393517971
1,study          ,0.156888857484
2,home_office    ,0.106399223208
3,bathroom       ,0.09943382442
4,bedroom        ,0.0637547597289
