,scene_name,probs
0,office_kitchen ,0.38116273284
1,playroom       ,0.301115095615
2,home_office    ,0.0808961838484
3,study          ,0.0678574591875
4,reception_room ,0.0529789254069
