,scene_name,probs
0,bedroom        ,0.591998934746
1,playroom       ,0.0991149991751
2,kitchen        ,0.0564449205995
3,living_room    ,0.050815872848
4,office         ,0.0477114021778
