,scene_name,probs
0,reception_room ,0.416047722101
1,study          ,0.168046236038
2,furniture_store,0.0977589488029
3,home_office    ,0.0922535732388
4,playroom       ,0.068610444665
