,scene_name,probs
0,bookstore      ,0.731029212475
1,living_room    ,0.0615531355143
2,office         ,0.0542806833982
3,dining_room    ,0.0422750860453
4,kitchen        ,0.0422380939126
