,scene_name,probs
0,bedroom        ,0.330351293087
1,office         ,0.151185423136
2,living_room    ,0.119605660439
3,study          ,0.105800054967
4,bathroom       ,0.0757417678833
