,scene_name,probs
0,living_room    ,0.276401430368
1,playroom       ,0.244006827474
2,bedroom        ,0.212568894029
3,office_kitchen ,0.0661150887609
4,kitchen        ,0.0513349287212
