,scene_name,probs
0,classroom      ,0.382202684879
1,playroom       ,0.147301644087
2,furniture_store,0.117268577218
3,bookstore      ,0.0942832604051
4,reception_room ,0.0846500322223
