,scene_name,probs
0,furniture_store,0.596278786659
1,bookstore      ,0.118813671172
2,study          ,0.0771537199616
3,home_office    ,0.0726890265942
4,reception_room ,0.0594288222492
