,scene_name,probs
0,study          ,0.332591563463
1,office_kitchen ,0.271269112825
2,home_office    ,0.085851483047
3,playroom       ,0.0749405547976
4,reception_room ,0.0673169493675
