,scene_name,probs
0,dining_room    ,0.726596057415
1,office         ,0.0722621306777
2,bookstore      ,0.0484824851155
3,furniture_store,0.0466835685074
4,home_office    ,0.0410857535899
