,scene_name,probs
0,home_office    ,0.870614826679
1,office         ,0.0246519315988
2,dining_room    ,0.023104256019
3,classroom      ,0.02013916336
4,playroom       ,0.0142553383484
