,scene_name,probs
0,kitchen        ,0.386866569519
1,bedroom        ,0.184116452932
2,office_kitchen ,0.171591356397
3,living_room    ,0.0599206574261
4,reception_room ,0.0526732839644
