,scene_name,probs
0,office         ,0.250177651644
1,kitchen        ,0.174625888467
2,playroom       ,0.124367214739
3,living_room    ,0.123937569559
4,dining_room    ,0.0934750363231
