,scene_name,probs
0,study          ,0.519802808762
1,bathroom       ,0.134617522359
2,bedroom        ,0.116282761097
3,reception_room ,0.0625618696213
4,playroom       ,0.0467468313873
