,scene_name,probs
0,dining_room    ,0.925497055054
1,bookstore      ,0.0168803613633
2,home_office    ,0.0111546842381
3,kitchen        ,0.0104624060914
4,office         ,0.0104321325198
