,scene_name,probs
0,playroom       ,0.383180886507
1,living_room    ,0.251057624817
2,kitchen        ,0.171985536814
3,bookstore      ,0.0356642752886
4,dining_room    ,0.0353549793363
