,scene_name,probs
0,home_office    ,0.761835575104
1,dining_room    ,0.0443330481648
2,office         ,0.0395799539983
3,living_room    ,0.0336791239679
4,kitchen        ,0.0255885757506
