,scene_name,probs
0,study          ,0.41535666585
1,playroom       ,0.252450823784
2,office_kitchen ,0.153638109565
3,home_office    ,0.0748194232583
4,reception_room ,0.030850617215
