,scene_name,probs
0,study          ,0.494165867567
1,reception_room ,0.0970565602183
2,playroom       ,0.0933236777782
3,office         ,0.0878569856286
4,home_office    ,0.0608762279153
