,scene_name,probs
0,playroom       ,0.414494812489
1,office_kitchen ,0.169712305069
2,study          ,0.124628424644
3,reception_room ,0.0953894779086
4,home_office    ,0.0606102272868
