,scene_name,probs
0,living_room    ,0.226551607251
1,office         ,0.186194688082
2,home_office    ,0.144309535623
3,bedroom        ,0.111631415784
4,playroom       ,0.109030351043
