,scene_name,probs
0,furniture_store,0.505992054939
1,reception_room ,0.302788287401
2,office         ,0.0937359258533
3,study          ,0.0288038048893
4,classroom      ,0.023000381887
