,scene_name,probs
0,bedroom        ,0.521864652634
1,bathroom       ,0.127138316631
2,office         ,0.105708606541
3,living_room    ,0.0836506858468
4,playroom       ,0.0475708581507
