,scene_name,probs
0,playroom       ,0.780392885208
1,office         ,0.0763580203056
2,bedroom        ,0.036800917238
3,living_room    ,0.0301526989788
4,home_office    ,0.0139915738255
