,scene_name,probs
0,classroom      ,0.212368011475
1,furniture_store,0.178549185395
2,office         ,0.16111600399
3,home_office    ,0.14342521131
4,playroom       ,0.105616912246
