,scene_name,probs
0,bathroom       ,0.456024557352
1,bedroom        ,0.146569728851
2,home_office    ,0.129541486502
3,kitchen        ,0.0952071323991
4,living_room    ,0.053753323853
