,scene_name,probs
0,kitchen        ,0.447182357311
1,bathroom       ,0.124087192118
2,living_room    ,0.114382974803
3,bedroom        ,0.113831736147
4,dining_room    ,0.0676966160536
