,scene_name,probs
0,furniture_store,0.715759515762
1,bookstore      ,0.194362923503
2,classroom      ,0.0491073094308
3,reception_room ,0.0167977903038
4,playroom       ,0.00658351136371
