,scene_name,probs
0,living_room    ,0.418209522963
1,dining_room    ,0.34326094389
2,bookstore      ,0.0934086367488
3,kitchen        ,0.0458858832717
4,home_office    ,0.0335368700325
