,scene_name,probs
0,home_office    ,0.492713838816
1,office         ,0.190920472145
2,dining_room    ,0.110716871917
3,classroom      ,0.0519902296364
4,living_room    ,0.0423593111336
