,scene_name,probs
0,dining_room    ,0.367403954268
1,home_office    ,0.280449897051
2,office_kitchen ,0.190104559064
3,playroom       ,0.0409026257694
4,classroom      ,0.0359152629972
