,scene_name,probs
0,living_room    ,0.322901070118
1,kitchen        ,0.239172294736
2,dining_room    ,0.182751655579
3,classroom      ,0.1264500916
4,playroom       ,0.0342443808913
