,scene_name,probs
0,dining_room    ,0.492779910564
1,office         ,0.292226672173
2,kitchen        ,0.0425636358559
3,home_office    ,0.0387293770909
4,living_room    ,0.0316046774387
