,scene_name,probs
0,home_office    ,0.528854072094
1,living_room    ,0.176736980677
2,office         ,0.0800246745348
3,kitchen        ,0.0620163269341
4,bedroom        ,0.0604857578874
