,scene_name,probs
0,living_room    ,0.232411965728
1,office         ,0.202707275748
2,bedroom        ,0.135178789496
3,playroom       ,0.110880024731
4,kitchen        ,0.0936040580273
