,scene_name,probs
0,bedroom        ,0.693266868591
1,office         ,0.133836880326
2,living_room    ,0.0547715388238
3,bathroom       ,0.0368079394102
4,playroom       ,0.0340770892799
