,scene_name,probs
0,living_room    ,0.408335268497
1,playroom       ,0.172514900565
2,classroom      ,0.142954543233
3,bookstore      ,0.0656384751201
4,furniture_store,0.0654408410192
