,scene_name,probs
0,living_room    ,0.319168001413
1,bathroom       ,0.147681921721
2,dining_room    ,0.123390004039
3,kitchen        ,0.120331913233
4,bedroom        ,0.0824475213885
