,scene_name,probs
0,playroom       ,0.248065561056
1,living_room    ,0.247033789754
2,office         ,0.222302556038
3,bedroom        ,0.0664619877934
4,study          ,0.0509590059519
