,scene_name,probs
0,bedroom        ,0.396853595972
1,kitchen        ,0.142803922296
2,bathroom       ,0.112698279321
3,living_room    ,0.103881202638
4,office         ,0.0687260776758
