,scene_name,probs
0,home_office    ,0.387548953295
1,living_room    ,0.25800538063
2,dining_room    ,0.140656784177
3,office         ,0.0515430346131
4,classroom      ,0.0455199405551
