,scene_name,probs
0,kitchen        ,0.254661858082
1,reception_room ,0.198142543435
2,office         ,0.153699874878
3,dining_room    ,0.110353969038
4,home_office    ,0.0791162699461
