,scene_name,probs
0,dining_room    ,0.260974168777
1,home_office    ,0.186898335814
2,bathroom       ,0.14849922061
3,office         ,0.091076657176
4,study          ,0.0572040975094
