,scene_name,probs
0,study          ,0.211376190186
1,office         ,0.181696891785
2,reception_room ,0.178275346756
3,office_kitchen ,0.170359075069
4,dining_room    ,0.079590909183
