,scene_name,probs
0,classroom      ,0.520750761032
1,home_office    ,0.158371776342
2,dining_room    ,0.139200121164
3,playroom       ,0.0614552982152
4,office         ,0.0268352013081
