,scene_name,probs
0,bedroom        ,0.628455042839
1,playroom       ,0.0710294470191
2,study          ,0.0630213990808
3,reception_room ,0.0495912358165
4,kitchen        ,0.0436978191137
