,scene_name,probs
0,bedroom        ,0.487146645784
1,office         ,0.286500990391
2,living_room    ,0.0963848605752
3,kitchen        ,0.0429145768285
4,home_office    ,0.0252910088748
