,scene_name,probs
0,dining_room    ,0.808199346066
1,kitchen        ,0.0842848941684
2,living_room    ,0.0254526529461
3,home_office    ,0.0220132507384
4,office_kitchen ,0.0148963509127
