,scene_name,probs
0,bathroom       ,0.574848771095
1,bedroom        ,0.143268585205
2,study          ,0.069265730679
3,kitchen        ,0.0514435172081
4,home_office    ,0.0438419915736
