,scene_name,probs
0,study          ,0.417673408985
1,reception_room ,0.161915332079
2,office_kitchen ,0.14026427269
3,playroom       ,0.12468803674
4,bookstore      ,0.0439084284008
