,scene_name,probs
0,bedroom        ,0.584427535534
1,office         ,0.12545889616
2,playroom       ,0.101090453565
3,living_room    ,0.0996551215649
4,home_office    ,0.0222121030092
