,scene_name,probs
0,bedroom        ,0.355214506388
1,office         ,0.185184553266
2,living_room    ,0.144717380404
3,home_office    ,0.0810761079192
4,playroom       ,0.0724685192108
