,scene_name,probs
0,study          ,0.501530647278
1,home_office    ,0.174070298672
2,reception_room ,0.150093451142
3,playroom       ,0.0718322172761
4,bookstore      ,0.0249261651188
