,scene_name,probs
0,office         ,0.435855060816
1,bedroom        ,0.171690389514
2,study          ,0.160506501794
3,kitchen        ,0.080978423357
4,bathroom       ,0.0393574349582
