,scene_name,probs
0,kitchen        ,0.17622551322
1,office         ,0.116691723466
2,home_office    ,0.116509370506
3,bedroom        ,0.107558615506
4,study          ,0.0979548320174
