,scene_name,probs
0,bedroom        ,0.387227088213
1,office         ,0.194257393479
2,living_room    ,0.122929431498
3,kitchen        ,0.114866897464
4,playroom       ,0.0526843033731
