,scene_name,probs
0,office         ,0.956185340881
1,study          ,0.00840039085597
2,kitchen        ,0.00791087001562
3,home_office    ,0.00745492847636
4,bedroom        ,0.00490332627669
