,scene_name,probs
0,office         ,0.437586426735
1,home_office    ,0.196552857757
2,living_room    ,0.102994196117
3,classroom      ,0.0794574171305
4,dining_room    ,0.0579453520477
