,scene_name,probs
0,reception_room ,0.509773671627
1,study          ,0.252168387175
2,office_kitchen ,0.0721341446042
3,playroom       ,0.0473975464702
4,dining_room    ,0.0323324203491
