,scene_name,probs
0,bookstore      ,0.485107153654
1,living_room    ,0.135981932282
2,kitchen        ,0.118687339127
3,dining_room    ,0.0548769719899
4,playroom       ,0.0520276278257
