,scene_name,probs
0,furniture_store,0.89878320694
1,office         ,0.0370912626386
2,reception_room ,0.0206545032561
3,bookstore      ,0.00994624663144
4,playroom       ,0.00802865251899
