,scene_name,probs
0,classroom      ,0.467424064875
1,furniture_store,0.159020036459
2,playroom       ,0.135289207101
3,bookstore      ,0.0998842418194
4,home_office    ,0.0341674238443
