,scene_name,probs
0,office_kitchen ,0.442844182253
1,study          ,0.161687731743
2,playroom       ,0.0849113985896
3,home_office    ,0.057111620903
4,bathroom       ,0.0550852380693
