,scene_name,probs
0,dining_room    ,0.232462361455
1,classroom      ,0.227251023054
2,playroom       ,0.154651194811
3,bookstore      ,0.105042904615
4,living_room    ,0.102231599391
