,scene_name,probs
0,classroom      ,0.353038042784
1,dining_room    ,0.23735319078
2,furniture_store,0.148837164044
3,office         ,0.125930294394
4,kitchen        ,0.0421044267714
