,scene_name,probs
0,kitchen        ,0.259295284748
1,bathroom       ,0.21052737534
2,study          ,0.151948183775
3,living_room    ,0.0861167386174
4,bedroom        ,0.0667943358421
