,scene_name,probs
0,classroom      ,0.282982409
1,office         ,0.215259149671
2,dining_room    ,0.200187072158
3,furniture_store,0.0799640491605
4,home_office    ,0.0539335720241
