,scene_name,probs
0,office         ,0.704274594784
1,living_room    ,0.081007219851
2,bedroom        ,0.053991265595
3,study          ,0.0374136418104
4,kitchen        ,0.0264893658459
