,scene_name,probs
0,office         ,0.316269040108
1,kitchen        ,0.217470183969
2,bathroom       ,0.141170829535
3,study          ,0.0942407473922
4,dining_room    ,0.0486710853875
