,scene_name,probs
0,office         ,0.421686887741
1,living_room    ,0.127297505736
2,bedroom        ,0.120637960732
3,playroom       ,0.0820282548666
4,study          ,0.047521609813
