,scene_name,probs
0,dining_room    ,0.269081652164
1,kitchen        ,0.156688168645
2,living_room    ,0.123210459948
3,home_office    ,0.0896867886186
4,bookstore      ,0.0722535550594
