,scene_name,probs
0,classroom      ,0.469467371702
1,office         ,0.247522935271
2,dining_room    ,0.134524211287
3,furniture_store,0.0851828977466
4,living_room    ,0.0199095383286
