,scene_name,probs
0,office         ,0.674570977688
1,dining_room    ,0.08501829952
2,kitchen        ,0.0588508471847
3,home_office    ,0.0521086379886
4,study          ,0.0266565643251
