,scene_name,probs
0,bedroom        ,0.346336036921
1,office         ,0.291487187147
2,living_room    ,0.144082397223
3,bathroom       ,0.117186278105
4,kitchen        ,0.0381260514259
