,scene_name,probs
0,office_kitchen ,0.759137868881
1,kitchen        ,0.0819609314203
2,bedroom        ,0.0395420491695
3,reception_room ,0.029742622748
4,home_office    ,0.0246893130243
