,scene_name,probs
0,furniture_store,0.882843136787
1,bookstore      ,0.0398851744831
2,reception_room ,0.0164419487119
3,classroom      ,0.0144990682602
4,living_room    ,0.0128823835403
