,scene_name,probs
0,classroom      ,0.215621054173
1,office         ,0.155786752701
2,dining_room    ,0.137884557247
3,home_office    ,0.131333976984
4,bedroom        ,0.12653054297
