,scene_name,probs
0,furniture_store,0.622982025146
1,classroom      ,0.190858185291
2,bookstore      ,0.081231854856
3,reception_room ,0.0579426959157
4,playroom       ,0.0213069021702
