,scene_name,probs
0,study          ,0.269202888012
1,bathroom       ,0.249259203672
2,office         ,0.129556119442
3,kitchen        ,0.106063462794
4,reception_room ,0.0540283359587
