,scene_name,probs
0,bedroom        ,0.520932197571
1,playroom       ,0.231696397066
2,classroom      ,0.118119604886
3,living_room    ,0.0372402481735
4,office         ,0.0326382927597
