,scene_name,probs
0,classroom      ,0.646564424038
1,dining_room    ,0.0896555706859
2,home_office    ,0.0541442520916
3,office         ,0.0504534617066
4,furniture_store,0.0491815283895
