,scene_name,probs
0,home_office    ,0.338292866945
1,living_room    ,0.145111709833
2,office         ,0.104317337275
3,kitchen        ,0.073774702847
4,dining_room    ,0.0609129555523
