,scene_name,probs
0,home_office    ,0.713757157326
1,office         ,0.0820379704237
2,living_room    ,0.0465766936541
3,kitchen        ,0.041498221457
4,dining_room    ,0.0349030196667
