,scene_name,probs
0,study          ,0.240591734648
1,playroom       ,0.201881036162
2,living_room    ,0.113272577524
3,bedroom        ,0.101780191064
4,office         ,0.0880993530154
