,scene_name,probs
0,classroom      ,0.600888192654
1,home_office    ,0.125453934073
2,furniture_store,0.0915187522769
3,playroom       ,0.0612179487944
4,reception_room ,0.0427114292979
