,scene_name,probs
0,furniture_store,0.311955273151
1,office         ,0.234533771873
2,classroom      ,0.165699005127
3,playroom       ,0.0936545804143
4,home_office    ,0.0757305324078
