,scene_name,probs
0,study          ,0.325721949339
1,reception_room ,0.313477724791
2,playroom       ,0.0954894572496
3,home_office    ,0.0767609700561
4,office_kitchen ,0.0498300008476
