,scene_name,probs
0,bedroom        ,0.87891459465
1,living_room    ,0.0331391468644
2,playroom       ,0.0266631077975
3,bathroom       ,0.0228258296847
4,study          ,0.00966115202755
