,scene_name,probs
0,home_office    ,0.429640799761
1,dining_room    ,0.242834970355
2,classroom      ,0.156461566687
3,reception_room ,0.0566316246986
4,office_kitchen ,0.0227541085333
