,scene_name,probs
0,living_room    ,0.488161087036
1,bathroom       ,0.254051357508
2,bedroom        ,0.073745213449
3,dining_room    ,0.0705770477653
4,kitchen        ,0.0442447289824
