,scene_name,probs
0,home_office    ,0.71443349123
1,study          ,0.0705496296287
2,kitchen        ,0.0625859424472
3,office         ,0.0347146205604
4,reception_room ,0.0281124487519
