,scene_name,probs
0,playroom       ,0.382623791695
1,office_kitchen ,0.154734820127
2,study          ,0.116836100817
3,bedroom        ,0.105493031442
4,reception_room ,0.0657834783196
