,scene_name,probs
0,classroom      ,0.553610503674
1,bedroom        ,0.0836237668991
2,kitchen        ,0.0770906284451
3,living_room    ,0.0709441825747
4,dining_room    ,0.064675450325
