,scene_name,probs
0,kitchen        ,0.520480334759
1,home_office    ,0.192963704467
2,office         ,0.0534543581307
3,living_room    ,0.047670699656
4,dining_room    ,0.0463363826275
