,scene_name,probs
0,kitchen        ,0.276396900415
1,dining_room    ,0.220316380262
2,office         ,0.207164630294
3,home_office    ,0.167618989944
4,bathroom       ,0.0373284295201
