,scene_name,probs
0,living_room    ,0.553901016712
1,bedroom        ,0.170617774129
2,playroom       ,0.094410829246
3,classroom      ,0.0773715227842
4,office         ,0.0226828213781
