,scene_name,probs
0,bedroom        ,0.505988240242
1,living_room    ,0.0954367443919
2,playroom       ,0.0781585052609
3,office_kitchen ,0.0588246323168
4,reception_room ,0.047908205539
