,scene_name,probs
0,dining_room    ,0.33394113183
1,kitchen        ,0.229040130973
2,bathroom       ,0.093214713037
3,living_room    ,0.0691144242883
4,study          ,0.0638831928372
