,scene_name,probs
0,dining_room    ,0.333171755075
1,furniture_store,0.289053529501
2,bookstore      ,0.150826394558
3,classroom      ,0.0897069126368
4,home_office    ,0.071429207921
