,scene_name,probs
0,playroom       ,0.639497160912
1,classroom      ,0.0694851800799
2,office         ,0.0615392662585
3,bedroom        ,0.0576025545597
4,home_office    ,0.0531695447862
