,scene_name,probs
0,office_kitchen ,0.865605592728
1,home_office    ,0.0774885192513
2,dining_room    ,0.0344140529633
3,study          ,0.00664052180946
4,reception_room ,0.00432289391756
