,scene_name,probs
0,bathroom       ,0.252566248178
1,home_office    ,0.21239361167
2,living_room    ,0.15948061645
3,office         ,0.115986324847
4,kitchen        ,0.113397233188
