,scene_name,probs
0,office         ,0.845765113831
1,dining_room    ,0.0402858890593
2,home_office    ,0.0356813631952
3,kitchen        ,0.0319845974445
4,living_room    ,0.0184696577489
