,scene_name,probs
0,bedroom        ,0.234070986509
1,office         ,0.229083731771
2,office_kitchen ,0.105609580874
3,living_room    ,0.0985442325473
4,bathroom       ,0.0853694155812
