,scene_name,probs
0,dining_room    ,0.718909323215
1,bookstore      ,0.0585170462728
2,kitchen        ,0.0455011315644
3,reception_room ,0.045172996819
4,office         ,0.0344279669225
