,scene_name,probs
0,office         ,0.299029052258
1,bedroom        ,0.265224039555
2,home_office    ,0.115349844098
3,playroom       ,0.100555941463
4,living_room    ,0.0754296928644
