,scene_name,probs
0,home_office    ,0.350428968668
1,bathroom       ,0.115215599537
2,study          ,0.104921236634
3,playroom       ,0.101263001561
4,reception_room ,0.0735028535128
