,scene_name,probs
0,office_kitchen ,0.506679952145
1,home_office    ,0.139194741845
2,office         ,0.0903641879559
3,dining_room    ,0.0857602581382
4,playroom       ,0.0418216884136
