,scene_name,probs
0,bedroom        ,0.315776437521
1,bathroom       ,0.206715211272
2,office         ,0.1790227741
3,study          ,0.0857443287969
4,living_room    ,0.0582732707262
