,scene_name,probs
0,kitchen        ,0.567510664463
1,office         ,0.173956662416
2,study          ,0.0472677350044
3,bedroom        ,0.0417775772512
4,bathroom       ,0.0413426756859
