,scene_name,probs
0,living_room    ,0.218907296658
1,office         ,0.175981640816
2,home_office    ,0.120821282268
3,bedroom        ,0.115968286991
4,kitchen        ,0.0898925960064
