,scene_name,probs
0,furniture_store,0.416869431734
1,playroom       ,0.393171846867
2,reception_room ,0.0546874068677
3,bookstore      ,0.0438001789153
4,study          ,0.0283666662872
