,scene_name,probs
0,dining_room    ,0.729372322559
1,kitchen        ,0.0504974424839
2,home_office    ,0.0470954738557
3,reception_room ,0.0442469976842
4,office         ,0.0429378822446
