,scene_name,probs
0,bookstore      ,0.522992551327
1,dining_room    ,0.132788449526
2,playroom       ,0.0942126810551
3,reception_room ,0.0659922137856
4,furniture_store,0.0423567704856
