,scene_name,probs
0,office         ,0.556069195271
1,bathroom       ,0.235192894936
2,kitchen        ,0.0782584622502
3,study          ,0.0332493260503
4,dining_room    ,0.0270327273756
