,scene_name,probs
0,bedroom        ,0.507143616676
1,living_room    ,0.147776901722
2,office         ,0.132705286145
3,classroom      ,0.062223598361
4,playroom       ,0.0368935801089
