,scene_name,probs
0,playroom       ,0.753345668316
1,bedroom        ,0.0489136353135
2,living_room    ,0.0447442494333
3,kitchen        ,0.035898540169
4,home_office    ,0.0298565402627
