,scene_name,probs
0,bookstore      ,0.387218683958
1,furniture_store,0.260697871447
2,reception_room ,0.133544996381
3,playroom       ,0.0575428530574
4,dining_room    ,0.0525311566889
