,scene_name,probs
0,study          ,0.303140729666
1,office         ,0.273955971003
2,living_room    ,0.0992217957973
3,bathroom       ,0.0671493634582
4,playroom       ,0.0519893988967
