,scene_name,probs
0,living_room    ,0.246556833386
1,kitchen        ,0.21593105793
2,dining_room    ,0.209851503372
3,home_office    ,0.136999696493
4,office         ,0.0866962149739
