,scene_name,probs
0,playroom       ,0.306512445211
1,living_room    ,0.143523976207
2,kitchen        ,0.11588370055
3,study          ,0.106889985502
4,dining_room    ,0.0684607625008
