,scene_name,probs
0,office         ,0.831715524197
1,kitchen        ,0.0604760944843
2,bedroom        ,0.031751755625
3,playroom       ,0.0265867095441
4,living_room    ,0.0223066564649
