,scene_name,probs
0,office_kitchen ,0.310627281666
1,playroom       ,0.223584398627
2,study          ,0.188980698586
3,office         ,0.063973210752
4,bedroom        ,0.0577970333397
