,scene_name,probs
0,office         ,0.330095648766
1,bathroom       ,0.300683706999
2,living_room    ,0.116142526269
3,dining_room    ,0.0911442711949
4,bedroom        ,0.0723495334387
