,scene_name,probs
0,living_room    ,0.544713497162
1,bedroom        ,0.223148778081
2,office         ,0.0747616663575
3,bathroom       ,0.0476854033768
4,dining_room    ,0.0256325751543
