,scene_name,probs
0,classroom      ,0.503563582897
1,furniture_store,0.261911660433
2,living_room    ,0.0726360678673
3,dining_room    ,0.0427488312125
4,home_office    ,0.0385010130703
