,scene_name,probs
0,kitchen        ,0.47869592905
1,living_room    ,0.18077018857
2,dining_room    ,0.121779181063
3,office         ,0.0778849348426
4,bedroom        ,0.0745810940862
