,scene_name,probs
0,furniture_store,0.896075606346
1,bookstore      ,0.0325642079115
2,office         ,0.0245285164565
3,dining_room    ,0.015479253605
4,playroom       ,0.00969461724162
