,scene_name,probs
0,playroom       ,0.171798482537
1,classroom      ,0.156371727586
2,dining_room    ,0.125594943762
3,furniture_store,0.106537029147
4,home_office    ,0.0936584919691
