,scene_name,probs
0,living_room    ,0.236243054271
1,bedroom        ,0.163868352771
2,home_office    ,0.159714698792
3,kitchen        ,0.119583182037
4,office         ,0.0866052359343
