,scene_name,probs
0,bedroom        ,0.331511288881
1,kitchen        ,0.19836910069
2,home_office    ,0.1200677827
3,living_room    ,0.0887721627951
4,playroom       ,0.0576817579567
