,scene_name,probs
0,bedroom        ,0.406736552715
1,living_room    ,0.195595741272
2,playroom       ,0.080075725913
3,classroom      ,0.0685249045491
4,home_office    ,0.0591175369918
