,scene_name,probs
0,bookstore      ,0.397315740585
1,dining_room    ,0.200687915087
2,home_office    ,0.0954567864537
3,kitchen        ,0.0720932856202
4,bathroom       ,0.0520109832287
