,scene_name,probs
0,bedroom        ,0.649954080582
1,playroom       ,0.117853008211
2,living_room    ,0.0989339202642
3,office         ,0.0579711981118
4,classroom      ,0.033725541085
