,scene_name,probs
0,bathroom       ,0.691645562649
1,office         ,0.0964453592896
2,dining_room    ,0.0759832337499
3,kitchen        ,0.0310773868114
4,home_office    ,0.0248932074755
