,scene_name,probs
0,office         ,0.384293913841
1,study          ,0.241305425763
2,playroom       ,0.169745504856
3,living_room    ,0.0418603867292
4,home_office    ,0.0313077159226
