,scene_name,probs
0,reception_room ,0.717372000217
1,kitchen        ,0.0765568464994
2,dining_room    ,0.0700499340892
3,study          ,0.0344116054475
4,office         ,0.0253497995436
