,scene_name,probs
0,office         ,0.239386245608
1,living_room    ,0.205993026495
2,playroom       ,0.116533301771
3,classroom      ,0.114646427333
4,bedroom        ,0.112805522978
