,scene_name,probs
0,bedroom        ,0.250850111246
1,living_room    ,0.216417118907
2,office         ,0.10977166146
3,home_office    ,0.0786062404513
4,dining_room    ,0.0717438235879
