,scene_name,probs
0,living_room    ,0.207476213574
1,office         ,0.206329002976
2,playroom       ,0.156543582678
3,dining_room    ,0.138839513063
4,bookstore      ,0.131464540958
