,scene_name,probs
0,dining_room    ,0.423909902573
1,office         ,0.315522015095
2,kitchen        ,0.122216045856
3,home_office    ,0.0510158315301
4,reception_room ,0.0290777739137
