,scene_name,probs
0,kitchen        ,0.23719483614
1,reception_room ,0.228900358081
2,playroom       ,0.117925688624
3,dining_room    ,0.0792927220464
4,office         ,0.0724708512425
