,scene_name,probs
0,classroom      ,0.869196534157
1,home_office    ,0.0458569675684
2,living_room    ,0.0269457958639
3,bedroom        ,0.0193400848657
4,office         ,0.0127513334155
