,scene_name,probs
0,office         ,0.25326743722
1,bedroom        ,0.146761804819
2,kitchen        ,0.13426181674
3,playroom       ,0.108028583229
4,home_office    ,0.071907915175
