,scene_name,probs
0,furniture_store,0.70115929842
1,classroom      ,0.08807823807
2,office         ,0.0787600204349
3,living_room    ,0.0402326770127
4,dining_room    ,0.0297287590802
