,scene_name,probs
0,kitchen        ,0.457994043827
1,office         ,0.212565243244
2,dining_room    ,0.103571772575
3,living_room    ,0.0719821900129
4,study          ,0.0353030823171
