,scene_name,probs
0,classroom      ,0.706262052059
1,living_room    ,0.0810258090496
2,office         ,0.0729863345623
3,bedroom        ,0.0507890954614
4,playroom       ,0.0355634987354
