,scene_name,probs
0,classroom      ,0.285244882107
1,kitchen        ,0.196854114532
2,reception_room ,0.13260383904
3,dining_room    ,0.0845250412822
4,playroom       ,0.0835311412811
