,scene_name,probs
0,bedroom        ,0.270683765411
1,bathroom       ,0.194726601243
2,office         ,0.145849376917
3,living_room    ,0.0975666642189
4,dining_room    ,0.0625617578626
