,scene_name,probs
0,home_office    ,0.422761410475
1,office         ,0.224135532975
2,bedroom        ,0.144265279174
3,bathroom       ,0.0506266839802
4,kitchen        ,0.0467314608395
