,scene_name,probs
0,reception_room ,0.52004057169
1,furniture_store,0.153426811099
2,study          ,0.122628584504
3,office         ,0.0530148260295
4,playroom       ,0.0382602959871
