,scene_name,probs
0,furniture_store,0.395465642214
1,home_office    ,0.148541927338
2,reception_room ,0.108687572181
3,classroom      ,0.106533370912
4,bookstore      ,0.105640396476
