,scene_name,probs
0,bathroom       ,0.664268791676
1,dining_room    ,0.112223155797
2,office         ,0.0608620755374
3,living_room    ,0.0503806509078
4,bedroom        ,0.0290514100343
