,scene_name,probs
0,office         ,0.759088277817
1,living_room    ,0.0812617465854
2,kitchen        ,0.0508858710527
3,dining_room    ,0.0349632762372
4,bedroom        ,0.033381447196
