,scene_name,probs
0,reception_room ,0.866263151169
1,kitchen        ,0.0549146868289
2,dining_room    ,0.0205930043012
3,office         ,0.0156831722707
4,home_office    ,0.00743195367977
