,scene_name,probs
0,home_office    ,0.333331257105
1,playroom       ,0.134341403842
2,office_kitchen ,0.124227039516
3,study          ,0.10361751914
4,reception_room ,0.101236142218
