,scene_name,probs
0,dining_room    ,0.697157919407
1,office         ,0.0826138854027
2,bookstore      ,0.0392742939293
3,classroom      ,0.0365598127246
4,furniture_store,0.0319106578827
