,scene_name,probs
0,living_room    ,0.357372760773
1,bedroom        ,0.340266525745
2,office         ,0.0696189031005
3,home_office    ,0.0668119192123
4,dining_room    ,0.03577420488
