,scene_name,probs
0,classroom      ,0.639098465443
1,furniture_store,0.18369884789
2,home_office    ,0.0505677834153
3,bookstore      ,0.029683560133
4,reception_room ,0.0288832690567
