,scene_name,probs
0,office         ,0.263240724802
1,bedroom        ,0.164754420519
2,home_office    ,0.132247239351
3,playroom       ,0.130795687437
4,study          ,0.0954172164202
