,scene_name,probs
0,office_kitchen ,0.871749103069
1,dining_room    ,0.0696778967977
2,study          ,0.0120276417583
3,home_office    ,0.0118335550651
4,bathroom       ,0.00819301139563
