,scene_name,probs
0,bookstore      ,0.19088666141
1,furniture_store,0.185719832778
2,classroom      ,0.116856820881
3,playroom       ,0.0984835401177
4,reception_room ,0.0983928665519
