,scene_name,probs
0,bedroom        ,0.579321503639
1,living_room    ,0.159771591425
2,playroom       ,0.137210085988
3,classroom      ,0.0441913232207
4,home_office    ,0.0224006734788
