,scene_name,probs
0,furniture_store,0.753154456615
1,classroom      ,0.14203286171
2,playroom       ,0.0730538889766
3,bookstore      ,0.0124736819416
4,office         ,0.00672525167465
