,scene_name,probs
0,office         ,0.497017681599
1,dining_room    ,0.25240495801
2,kitchen        ,0.106890559196
3,living_room    ,0.0632362738252
4,home_office    ,0.0217017866671
