,scene_name,probs
0,classroom      ,0.337411344051
1,office         ,0.266510754824
2,home_office    ,0.14499796927
3,dining_room    ,0.0731091573834
4,furniture_store,0.0691302344203
