,scene_name,probs
0,home_office    ,0.352372735739
1,dining_room    ,0.141656026244
2,office_kitchen ,0.103265292943
3,classroom      ,0.0809473544359
4,living_room    ,0.069971524179
