,scene_name,probs
0,dining_room    ,0.348369091749
1,furniture_store,0.299585163593
2,bookstore      ,0.105463683605
3,office         ,0.0657992511988
4,kitchen        ,0.0517628602684
