,scene_name,probs
0,office         ,0.812197506428
1,study          ,0.0527295917273
2,bedroom        ,0.0401962399483
3,playroom       ,0.0172721259296
4,bathroom       ,0.0168823730201
