,scene_name,probs
0,study          ,0.324841380119
1,bathroom       ,0.291668862104
2,dining_room    ,0.0928842574358
3,office_kitchen ,0.0856525823474
4,kitchen        ,0.0463224351406
