,scene_name,probs
0,furniture_store,0.656249344349
1,reception_room ,0.160515546799
2,bookstore      ,0.0998747721314
3,classroom      ,0.0313870199025
4,study          ,0.0222017075866
