,scene_name,probs
0,office         ,0.462354779243
1,dining_room    ,0.177280828357
2,kitchen        ,0.124975152314
3,reception_room ,0.081968948245
4,home_office    ,0.0502591766417
