,scene_name,probs
0,playroom       ,0.221112936735
1,home_office    ,0.183423906565
2,study          ,0.141663938761
3,office_kitchen ,0.110519133508
4,classroom      ,0.078471429646
