,scene_name,probs
0,classroom      ,0.293997198343
1,playroom       ,0.19053645432
2,home_office    ,0.137056574225
3,office_kitchen ,0.0961357057095
4,reception_room ,0.0653380826116
