,scene_name,probs
0,bathroom       ,0.3658028543
1,office         ,0.176975399256
2,kitchen        ,0.140341922641
3,bedroom        ,0.1383972615
4,living_room    ,0.109818078578
