,scene_name,probs
0,bathroom       ,0.637451469898
1,office         ,0.135811105371
2,kitchen        ,0.0535107143223
3,home_office    ,0.0446520969272
4,study          ,0.0445262789726
