,scene_name,probs
0,home_office    ,0.479355871677
1,kitchen        ,0.12747015059
2,dining_room    ,0.0819102227688
3,office         ,0.0785158798099
4,bathroom       ,0.0624788552523
