,scene_name,probs
0,reception_room ,0.593661189079
1,dining_room    ,0.0961288139224
2,furniture_store,0.0750798285007
3,office         ,0.0711568444967
4,study          ,0.0386098660529
