,scene_name,probs
0,office         ,0.253294318914
1,bathroom       ,0.207965776324
2,kitchen        ,0.153754085302
3,dining_room    ,0.103666171432
4,home_office    ,0.0820013731718
