,scene_name,probs
0,playroom       ,0.359557628632
1,study          ,0.149014934897
2,bedroom        ,0.11853095144
3,living_room    ,0.0943305939436
4,office         ,0.0639171153307
