,scene_name,probs
0,classroom      ,0.377755701542
1,playroom       ,0.260466188192
2,bedroom        ,0.15560606122
3,dining_room    ,0.0403042770922
4,living_room    ,0.0400213301182
