,scene_name,probs
0,bedroom        ,0.238726183772
1,living_room    ,0.187058597803
2,kitchen        ,0.163572415709
3,playroom       ,0.0940934643149
4,classroom      ,0.0866518616676
