,scene_name,probs
0,bookstore      ,0.792604982853
1,dining_room    ,0.046830907464
2,playroom       ,0.0423448309302
3,reception_room ,0.0252379141748
4,classroom      ,0.022866524756
