,scene_name,probs
0,bookstore      ,0.884155929089
1,dining_room    ,0.0396131947637
2,living_room    ,0.0259726624936
3,kitchen        ,0.0160191114992
4,furniture_store,0.0142775224522
