,scene_name,probs
0,dining_room    ,0.77809971571
1,kitchen        ,0.0724757313728
2,bathroom       ,0.0439154691994
3,living_room    ,0.0331985279918
4,home_office    ,0.02170240134
