,scene_name,probs
0,office         ,0.887979865074
1,kitchen        ,0.0312086660415
2,bedroom        ,0.0284187998623
3,living_room    ,0.0178033467382
4,dining_room    ,0.0108216460794
