,scene_name,probs
0,playroom       ,0.368692338467
1,office         ,0.268031835556
2,study          ,0.0905236974359
3,living_room    ,0.0650419890881
4,bedroom        ,0.0406829342246
