,scene_name,probs
0,home_office    ,0.336104363203
1,bathroom       ,0.218607708812
2,office         ,0.118707597256
3,bedroom        ,0.110171109438
4,living_room    ,0.0538465902209
