,scene_name,probs
0,furniture_store,0.59192276001
1,bookstore      ,0.151706159115
2,living_room    ,0.094577036798
3,dining_room    ,0.0492025092244
4,office         ,0.044864192605
