,scene_name,probs
0,classroom      ,0.921108424664
1,home_office    ,0.0187364649028
2,dining_room    ,0.0151021629572
3,office         ,0.0126798404381
4,living_room    ,0.00781095493585
