,scene_name,probs
0,furniture_store,0.77423375845
1,office         ,0.089380197227
2,classroom      ,0.036330524832
3,dining_room    ,0.0260041635484
4,playroom       ,0.0232351198792
