,scene_name,probs
0,reception_room ,0.268782883883
1,bookstore      ,0.242431089282
2,study          ,0.216050714254
3,playroom       ,0.116731062531
4,office_kitchen ,0.0437664985657
