,scene_name,probs
0,reception_room ,0.454466551542
1,study          ,0.272968351841
2,home_office    ,0.081446737051
3,office_kitchen ,0.0402815528214
4,playroom       ,0.0378629229963
