,scene_name,probs
0,home_office    ,0.400283902884
1,study          ,0.204337060452
2,reception_room ,0.131701484323
3,office_kitchen ,0.102518573403
4,bookstore      ,0.0532287582755
