,scene_name,probs
0,home_office    ,0.364445477724
1,bathroom       ,0.178414225578
2,office         ,0.142210930586
3,living_room    ,0.0936065018177
4,dining_room    ,0.0574765950441
