,scene_name,probs
0,reception_room ,0.38695332408
1,playroom       ,0.227823525667
2,study          ,0.07987100631
3,office         ,0.0660516619682
4,bedroom        ,0.0607530027628
