,scene_name,probs
0,office         ,0.899130523205
1,living_room    ,0.0375536419451
2,furniture_store,0.0193548109382
3,kitchen        ,0.00843459181488
4,bedroom        ,0.0084015680477
