,scene_name,probs
0,bedroom        ,0.696389496326
1,playroom       ,0.127289548516
2,office         ,0.0675273537636
3,living_room    ,0.0278590563685
4,study          ,0.019767280668
