,scene_name,probs
0,playroom       ,0.251858085394
1,home_office    ,0.168540194631
2,study          ,0.140089258552
3,bedroom        ,0.0794842466712
4,office         ,0.0723832324147
