,scene_name,probs
0,bedroom        ,0.589471101761
1,playroom       ,0.143155962229
2,office_kitchen ,0.0902198925614
3,study          ,0.0888885334134
4,kitchen        ,0.0200899820775
