,scene_name,probs
0,study          ,0.343204647303
1,bedroom        ,0.163492068648
2,playroom       ,0.143106102943
3,living_room    ,0.0716018974781
4,home_office    ,0.0610516518354
