,scene_name,probs
0,dining_room    ,0.163626775146
1,study          ,0.162793442607
2,kitchen        ,0.13934917748
3,office_kitchen ,0.0948051214218
4,office         ,0.0766888707876
