,scene_name,probs
0,classroom      ,0.414762705564
1,playroom       ,0.173719108105
2,bedroom        ,0.166580244899
3,living_room    ,0.134073123336
4,home_office    ,0.0278640389442
