,scene_name,probs
0,living_room    ,0.257001668215
1,bedroom        ,0.226035431027
2,bathroom       ,0.177047297359
3,home_office    ,0.150680691004
4,office         ,0.0498456507921
