,scene_name,probs
0,living_room    ,0.225605010986
1,bedroom        ,0.201578602195
2,playroom       ,0.150755897164
3,kitchen        ,0.0937158316374
4,study          ,0.0672354251146
