,scene_name,probs
0,bathroom       ,0.420037090778
1,office         ,0.259625136852
2,dining_room    ,0.135306552052
3,kitchen        ,0.0562845356762
4,home_office    ,0.0363457649946
