,scene_name,probs
0,playroom       ,0.406072199345
1,office         ,0.355690747499
2,bedroom        ,0.0780900344253
3,home_office    ,0.0544545389712
4,study          ,0.0429786555469
