,scene_name,probs
0,bookstore      ,0.269683033228
1,office         ,0.140001296997
2,reception_room ,0.138459414244
3,kitchen        ,0.104720026255
4,dining_room    ,0.0976447686553
