,scene_name,probs
0,bookstore      ,0.570581436157
1,furniture_store,0.310012310743
2,reception_room ,0.0379708744586
3,playroom       ,0.0291704814881
4,dining_room    ,0.0152738392353
