,scene_name,probs
0,kitchen        ,0.262032687664
1,office         ,0.150916337967
2,living_room    ,0.144760519266
3,playroom       ,0.11316806078
4,reception_room ,0.110114730895
