,scene_name,probs
0,study          ,0.421773225069
1,office_kitchen ,0.133172675967
2,bedroom        ,0.110331445932
3,reception_room ,0.105842024088
4,playroom       ,0.0612392909825
