,scene_name,probs
0,study          ,0.220677644014
1,playroom       ,0.214894711971
2,reception_room ,0.171052008867
3,office_kitchen ,0.0679109096527
4,home_office    ,0.0674041360617
