,scene_name,probs
0,bedroom        ,0.621969401836
1,bathroom       ,0.191807284951
2,living_room    ,0.064343906939
3,kitchen        ,0.0450654290617
4,office         ,0.018742563203
