,scene_name,probs
0,reception_room ,0.683987855911
1,study          ,0.0726525858045
2,dining_room    ,0.0725369825959
3,kitchen        ,0.0455577857792
4,office         ,0.0292178634554
