,scene_name,probs
0,dining_room    ,0.407297879457
1,home_office    ,0.279336541891
2,classroom      ,0.104913845658
3,reception_room ,0.044330816716
4,bookstore      ,0.0381160415709
