,scene_name,probs
0,kitchen        ,0.416991502047
1,living_room    ,0.13527713716
2,study          ,0.0963422060013
3,home_office    ,0.0796695500612
4,reception_room ,0.0607739575207
