,scene_name,probs
0,bedroom        ,0.333473116159
1,playroom       ,0.135958820581
2,office         ,0.097209982574
3,kitchen        ,0.095412582159
4,home_office    ,0.0801649391651
