,scene_name,probs
0,bathroom       ,0.569534063339
1,bedroom        ,0.161569312215
2,office         ,0.0772695466876
3,study          ,0.076899304986
4,living_room    ,0.0428588502109
