,scene_name,probs
0,bedroom        ,0.585131824017
1,bathroom       ,0.204365313053
2,living_room    ,0.0873324275017
3,study          ,0.0256781224161
4,office         ,0.0197400897741
