,scene_name,probs
0,home_office    ,0.334933280945
1,classroom      ,0.202030658722
2,playroom       ,0.105297602713
3,reception_room ,0.0699911117554
4,study          ,0.0690694376826
