,scene_name,probs
0,office         ,0.43199634552
1,bedroom        ,0.274798214436
2,living_room    ,0.138659760356
3,kitchen        ,0.0467591919005
4,home_office    ,0.0267331972718
