,scene_name,probs
0,furniture_store,0.597345411777
1,reception_room ,0.199366912246
2,bookstore      ,0.0838430598378
3,classroom      ,0.0365498252213
4,playroom       ,0.0254204533994
