,scene_name,probs
0,study          ,0.169714286923
1,playroom       ,0.142787262797
2,reception_room ,0.115118734539
3,office_kitchen ,0.093798071146
4,kitchen        ,0.0921130552888
