,scene_name,probs
0,playroom       ,0.270454972982
1,office_kitchen ,0.227020725608
2,study          ,0.191310718656
3,bedroom        ,0.0990890711546
4,home_office    ,0.047276057303
