,scene_name,probs
0,study          ,0.251385003328
1,home_office    ,0.158569201827
2,playroom       ,0.127241969109
3,office_kitchen ,0.0854795873165
4,reception_room ,0.0605680011213
