,scene_name,probs
0,bedroom        ,0.334433317184
1,bathroom       ,0.294629067183
2,office         ,0.207584708929
3,kitchen        ,0.0467734150589
4,study          ,0.024030007422
