,scene_name,probs
0,office         ,0.898384809494
1,bedroom        ,0.0319233760238
2,living_room    ,0.0236706845462
3,playroom       ,0.0123221697286
4,classroom      ,0.0107482392341
