,scene_name,probs
0,bathroom       ,0.591620206833
1,office         ,0.108501210809
2,bedroom        ,0.0869450941682
3,study          ,0.0537231601775
4,home_office    ,0.0435581505299
