,scene_name,probs
0,reception_room ,0.337348520756
1,kitchen        ,0.148211702704
2,living_room    ,0.11802507937
3,playroom       ,0.106472171843
4,bedroom        ,0.0767555683851
