,scene_name,probs
0,playroom       ,0.360981315374
1,study          ,0.24346986413
2,bedroom        ,0.108995847404
3,bathroom       ,0.0598875619471
4,office_kitchen ,0.0569653883576
