,scene_name,probs
0,kitchen        ,0.350524902344
1,office         ,0.284805893898
2,bedroom        ,0.109623968601
3,study          ,0.0790122300386
4,bathroom       ,0.0442694239318
