,scene_name,probs
0,kitchen        ,0.512106657028
1,dining_room    ,0.141119882464
2,living_room    ,0.0942188873887
3,office         ,0.0804839581251
4,home_office    ,0.0674740150571
