,scene_name,probs
0,office         ,0.274207413197
1,kitchen        ,0.204389765859
2,study          ,0.138675272465
3,bathroom       ,0.0735082477331
4,bedroom        ,0.0728660300374
