,scene_name,probs
0,bathroom       ,0.652407944202
1,office         ,0.134354382753
2,bedroom        ,0.0649928897619
3,kitchen        ,0.0339834541082
4,home_office    ,0.0314479805529
