,scene_name,probs
0,living_room    ,0.380944013596
1,kitchen        ,0.245334774256
2,dining_room    ,0.138966977596
3,office         ,0.133772999048
4,playroom       ,0.0280527491122
