,scene_name,probs
0,reception_room ,0.22473141551
1,home_office    ,0.156826734543
2,study          ,0.153217226267
3,bookstore      ,0.131116464734
4,dining_room    ,0.081526003778
