,scene_name,probs
0,office_kitchen ,0.905512213707
1,dining_room    ,0.0319944173098
2,home_office    ,0.0268520023674
3,reception_room ,0.00985424593091
4,playroom       ,0.00918405875564
