,scene_name,probs
0,dining_room    ,0.303918868303
1,bathroom       ,0.233369722962
2,office         ,0.0939607024193
3,home_office    ,0.0922644212842
4,kitchen        ,0.08009070158
