,scene_name,probs
0,bedroom        ,0.307698845863
1,study          ,0.227041080594
2,bathroom       ,0.120979949832
3,reception_room ,0.0924395918846
4,playroom       ,0.06494718045
