,scene_name,probs
0,dining_room    ,0.591814160347
1,kitchen        ,0.128805741668
2,home_office    ,0.0918298661709
3,office         ,0.073866546154
4,living_room    ,0.031320925802
