,scene_name,probs
0,office         ,0.359561562538
1,dining_room    ,0.151676163077
2,kitchen        ,0.134508803487
3,living_room    ,0.0860117673874
4,home_office    ,0.0685273259878
