,scene_name,probs
0,furniture_store,0.77945369482
1,bookstore      ,0.0730079561472
2,living_room    ,0.0325738117099
3,dining_room    ,0.0250345151871
4,classroom      ,0.020468339324
