,scene_name,probs
0,office         ,0.210211977363
1,study          ,0.184678852558
2,bathroom       ,0.122220307589
3,home_office    ,0.115665137768
4,kitchen        ,0.108721829951
