,scene_name,probs
0,office         ,0.511893868446
1,bedroom        ,0.183204650879
2,living_room    ,0.0938583314419
3,classroom      ,0.0617052130401
4,playroom       ,0.0479476302862
