,scene_name,probs
0,bedroom        ,0.389240890741
1,living_room    ,0.115736417472
2,bathroom       ,0.0873096510768
3,dining_room    ,0.0616132616997
4,kitchen        ,0.05684491992
