,scene_name,probs
0,office         ,0.808906435966
1,dining_room    ,0.0515708699822
2,study          ,0.0208303593099
3,bedroom        ,0.0206586010754
4,playroom       ,0.0195974558592
