,scene_name,probs
0,office_kitchen ,0.582581400871
1,reception_room ,0.147556751966
2,study          ,0.0940695255995
3,playroom       ,0.0451899208128
4,home_office    ,0.0261991154402
