,scene_name,probs
0,classroom      ,0.44789865613
1,dining_room    ,0.212779149413
2,living_room    ,0.109441488981
3,bookstore      ,0.087865896523
4,office         ,0.050578288734
