,scene_name,probs
0,bookstore      ,0.815192520618
1,living_room    ,0.0648894906044
2,office         ,0.0398388430476
3,kitchen        ,0.0379248522222
4,dining_room    ,0.0124989375472
