,scene_name,probs
0,furniture_store,0.574726998806
1,reception_room ,0.163528427482
2,office         ,0.0982104763389
3,study          ,0.0470971874893
4,classroom      ,0.039357252419
