,scene_name,probs
0,living_room    ,0.707259953022
1,bookstore      ,0.0980523899198
2,home_office    ,0.0507263354957
3,classroom      ,0.0380785129964
4,dining_room    ,0.0327367559075
