,scene_name,probs
0,study          ,0.451419532299
1,playroom       ,0.122971892357
2,reception_room ,0.108860082924
3,office         ,0.0851571783423
4,home_office    ,0.0653545707464
