,scene_name,probs
0,bedroom        ,0.264542847872
1,office_kitchen ,0.200300857425
2,home_office    ,0.144527599216
3,bathroom       ,0.131137400866
4,study          ,0.0949676707387
