,scene_name,probs
0,bathroom       ,0.821153283119
1,kitchen        ,0.0495566129684
2,office         ,0.034394364804
3,bedroom        ,0.0303110145032
4,study          ,0.0259722787887
