,scene_name,probs
0,bookstore      ,0.398585826159
1,dining_room    ,0.255671173334
2,classroom      ,0.204859271646
3,furniture_store,0.044846508652
4,living_room    ,0.0414522998035
