,scene_name,probs
0,bookstore      ,0.963977456093
1,furniture_store,0.0192634705454
2,dining_room    ,0.00522648449987
3,reception_room ,0.00383809185587
4,home_office    ,0.00188681005966
