,scene_name,probs
0,living_room    ,0.366883516312
1,bedroom        ,0.267053455114
2,playroom       ,0.10954041034
3,office         ,0.102474160492
4,bathroom       ,0.0379969403148
