,scene_name,probs
0,dining_room    ,0.275419771671
1,living_room    ,0.193722739816
2,kitchen        ,0.147798672318
3,office         ,0.0902221053839
4,home_office    ,0.0595568418503
