,scene_name,probs
0,home_office    ,0.311724573374
1,study          ,0.246081575751
2,reception_room ,0.143574073911
3,playroom       ,0.102131955326
4,classroom      ,0.0506998971105
