,scene_name,probs
0,reception_room ,0.7648229599
1,office_kitchen ,0.067870862782
2,study          ,0.0453527271748
3,playroom       ,0.0423534810543
4,bookstore      ,0.0331425517797
