,scene_name,probs
0,bedroom        ,0.600639402866
1,office         ,0.172231242061
2,playroom       ,0.0505756027997
3,living_room    ,0.0477383844554
4,home_office    ,0.040490899235
