,scene_name,probs
0,furniture_store,0.41500043869
1,classroom      ,0.243202567101
2,playroom       ,0.147540330887
3,bookstore      ,0.127595245838
4,reception_room ,0.0313234105706
