,scene_name,probs
0,furniture_store,0.54289996624
1,living_room    ,0.11104182899
2,dining_room    ,0.102325931191
3,office         ,0.0912840738893
4,bookstore      ,0.0696924999356
