,scene_name,probs
0,reception_room ,0.243827581406
1,playroom       ,0.151846334338
2,bedroom        ,0.0878068953753
3,home_office    ,0.0826498866081
4,kitchen        ,0.0790217220783
