,scene_name,probs
0,furniture_store,0.729432582855
1,dining_room    ,0.0837077870965
2,bookstore      ,0.0497922450304
3,reception_room ,0.0415697023273
4,office         ,0.0340416952968
