,scene_name,probs
0,kitchen        ,0.582982480526
1,dining_room    ,0.123138800263
2,office         ,0.0869137942791
3,living_room    ,0.050185084343
4,bedroom        ,0.0413757860661
