,scene_name,probs
0,furniture_store,0.844706535339
1,bookstore      ,0.0694660320878
2,classroom      ,0.0537879727781
3,home_office    ,0.00646342802793
4,reception_room ,0.00589690310881
