,scene_name,probs
0,playroom       ,0.495085448027
1,bedroom        ,0.225301891565
2,living_room    ,0.120218828321
3,classroom      ,0.0453552268445
4,office         ,0.0425981841981
