,scene_name,probs
0,living_room    ,0.343003332615
1,office         ,0.23431918025
2,kitchen        ,0.179333880544
3,bookstore      ,0.0807208865881
4,bathroom       ,0.0519561581314
