,scene_name,probs
0,bedroom        ,0.358603537083
1,living_room    ,0.300598263741
2,home_office    ,0.0836933776736
3,bathroom       ,0.0714172944427
4,office         ,0.0529618598521
