,scene_name,probs
0,home_office    ,0.676577568054
1,classroom      ,0.137901097536
2,playroom       ,0.0742934048176
3,study          ,0.0163363758475
4,office         ,0.0144977094606
