,scene_name,probs
0,bathroom       ,0.199613183737
1,bedroom        ,0.151646792889
2,dining_room    ,0.148398578167
3,playroom       ,0.143101170659
4,office         ,0.0990406349301
