,scene_name,probs
0,bathroom       ,0.498978793621
1,dining_room    ,0.15157070756
2,office         ,0.109853252769
3,study          ,0.100029669702
4,kitchen        ,0.0450710467994
