,scene_name,probs
0,bedroom        ,0.285360276699
1,playroom       ,0.194419890642
2,study          ,0.126302778721
3,home_office    ,0.100192159414
4,living_room    ,0.0519659742713
