,scene_name,probs
0,furniture_store,0.448421150446
1,classroom      ,0.243546202779
2,bookstore      ,0.0840018168092
3,dining_room    ,0.0787310376763
4,living_room    ,0.0382846035063
