,scene_name,probs
0,office_kitchen ,0.553540885448
1,dining_room    ,0.268018037081
2,home_office    ,0.0907018110156
3,playroom       ,0.0196228176355
4,office         ,0.0144231570885
