,scene_name,probs
0,study          ,0.278726786375
1,office         ,0.182830750942
2,reception_room ,0.134802982211
3,home_office    ,0.100747227669
4,kitchen        ,0.0783542171121
