,scene_name,probs
0,bedroom        ,0.533129870892
1,office         ,0.114718385041
2,playroom       ,0.107738278806
3,study          ,0.0697116479278
4,reception_room ,0.0396038591862
