,scene_name,probs
0,office         ,0.233208790421
1,bathroom       ,0.231014683843
2,living_room    ,0.177806630731
3,study          ,0.125668495893
4,home_office    ,0.0575774945319
