,scene_name,probs
0,office         ,0.444351732731
1,study          ,0.172077164054
2,home_office    ,0.140140265226
3,living_room    ,0.0481815338135
4,bedroom        ,0.0340395718813
