,scene_name,probs
0,study          ,0.492327213287
1,reception_room ,0.305425345898
2,furniture_store,0.0645260289311
3,playroom       ,0.0408523865044
4,office         ,0.0205707941204
