,scene_name,probs
0,bedroom        ,0.383527606726
1,bathroom       ,0.0998620316386
2,office         ,0.0837752446532
3,study          ,0.0827098563313
4,office_kitchen ,0.0826471671462
