,scene_name,probs
0,bathroom       ,0.373917251825
1,dining_room    ,0.302464008331
2,home_office    ,0.184100136161
3,bookstore      ,0.0526133738458
4,kitchen        ,0.0287770051509
