,scene_name,probs
0,kitchen        ,0.276251703501
1,dining_room    ,0.179449528456
2,bookstore      ,0.131011962891
3,bathroom       ,0.108535259962
4,living_room    ,0.104826889932
