,scene_name,probs
0,living_room    ,0.271081060171
1,bedroom        ,0.253619551659
2,office         ,0.133294656873
3,dining_room    ,0.0796977505088
4,kitchen        ,0.0779963210225
