,scene_name,probs
0,dining_room    ,0.89928394556
1,office         ,0.0343851298094
2,bookstore      ,0.0184661559761
3,classroom      ,0.0128319710493
4,home_office    ,0.0102142533287
