,scene_name,probs
0,bathroom       ,0.372363448143
1,bedroom        ,0.276473462582
2,study          ,0.099030174315
3,kitchen        ,0.0777008607984
4,home_office    ,0.0413425527513
