,scene_name,probs
0,reception_room ,0.683862030506
1,office         ,0.0835091173649
2,living_room    ,0.0446517430246
3,kitchen        ,0.0394426360726
4,study          ,0.026099961251
