,scene_name,probs
0,bedroom        ,0.296920567751
1,playroom       ,0.245631828904
2,living_room    ,0.216558098793
3,kitchen        ,0.0932464301586
4,office         ,0.0679492205381
