,scene_name,probs
0,home_office    ,0.281237751245
1,reception_room ,0.277650505304
2,office_kitchen ,0.0832075327635
3,study          ,0.0759967640042
4,playroom       ,0.070374339819
