,scene_name,probs
0,office         ,0.722982466221
1,living_room    ,0.103511996567
2,dining_room    ,0.0337618589401
3,kitchen        ,0.0243521425873
4,study          ,0.0227388050407
