,scene_name,probs
0,kitchen        ,0.712743401527
1,dining_room    ,0.118075959384
2,office         ,0.0792170539498
3,reception_room ,0.0435490235686
4,living_room    ,0.0158784501255
