,scene_name,probs
0,study          ,0.640919327736
1,reception_room ,0.110250242054
2,office_kitchen ,0.0860436633229
3,playroom       ,0.032151684165
4,dining_room    ,0.0286136902869
