,scene_name,probs
0,playroom       ,0.307356089354
1,study          ,0.21776932478
2,home_office    ,0.189097613096
3,reception_room ,0.073638305068
4,bedroom        ,0.0593108162284
