,scene_name,probs
0,classroom      ,0.332157284021
1,dining_room    ,0.187853530049
2,office         ,0.10500228405
3,living_room    ,0.0895713344216
4,kitchen        ,0.0765446871519
