,scene_name,probs
0,bedroom        ,0.800348103046
1,playroom       ,0.0497329346836
2,office         ,0.0452253185213
3,living_room    ,0.0329390093684
4,kitchen        ,0.0150318192318
