,scene_name,probs
0,office         ,0.319746315479
1,living_room    ,0.200132086873
2,playroom       ,0.110095821321
3,kitchen        ,0.0702724903822
4,bookstore      ,0.0619245842099
