,scene_name,probs
0,kitchen        ,0.641977548599
1,bookstore      ,0.10647534579
2,dining_room    ,0.0824721828103
3,living_room    ,0.0461867451668
4,home_office    ,0.0452274493873
