,scene_name,probs
0,living_room    ,0.517457008362
1,classroom      ,0.23458981514
2,dining_room    ,0.108312129974
3,office         ,0.0688977241516
4,kitchen        ,0.0197843238711
