,scene_name,probs
0,bedroom        ,0.535627007484
1,living_room    ,0.261198580265
2,playroom       ,0.0603549070656
3,office         ,0.0536694638431
4,classroom      ,0.0395509786904
