,scene_name,probs
0,bathroom       ,0.800165355206
1,kitchen        ,0.0762595981359
2,office_kitchen ,0.0421716421843
3,bedroom        ,0.0268379114568
4,living_room    ,0.0175105668604
