,scene_name,probs
0,home_office    ,0.521974503994
1,dining_room    ,0.117901340127
2,bedroom        ,0.113883510232
3,playroom       ,0.111637853086
4,living_room    ,0.107223592699
