,scene_name,probs
0,dining_room    ,0.423461973667
1,kitchen        ,0.286183953285
2,bookstore      ,0.0999398827553
3,living_room    ,0.0756472572684
4,furniture_store,0.0553137250245
