,scene_name,probs
0,bathroom       ,0.428375393152
1,kitchen        ,0.203133240342
2,dining_room    ,0.172507077456
3,office         ,0.0558141544461
4,living_room    ,0.0476803146303
