,scene_name,probs
0,home_office    ,0.459226250648
1,classroom      ,0.228336662054
2,living_room    ,0.0627853944898
3,office         ,0.0550575591624
4,reception_room ,0.0473371893167
