,scene_name,probs
0,home_office    ,0.610971868038
1,living_room    ,0.0997009500861
2,bedroom        ,0.0823399573565
3,study          ,0.0626507773995
4,dining_room    ,0.0593346506357
