,scene_name,probs
0,classroom      ,0.835292875767
1,playroom       ,0.105930916965
2,home_office    ,0.0283074751496
3,office_kitchen ,0.0075130588375
4,office         ,0.00731209758669
