,scene_name,probs
0,home_office    ,0.551117897034
1,living_room    ,0.134482324123
2,bedroom        ,0.0783784911036
3,classroom      ,0.0644784644246
4,dining_room    ,0.0615509599447
