,scene_name,probs
0,office_kitchen ,0.976391255856
1,bathroom       ,0.0064337644726
2,reception_room ,0.00618771230802
3,playroom       ,0.00233571161516
4,kitchen        ,0.00210535852239
