,scene_name,probs
0,office_kitchen ,0.791094005108
1,reception_room ,0.116801917553
2,playroom       ,0.0329126194119
3,bathroom       ,0.0279128439724
4,study          ,0.012323637493
