,scene_name,probs
0,kitchen        ,0.555696368217
1,dining_room    ,0.207270234823
2,home_office    ,0.128032878041
3,living_room    ,0.0389645174146
4,bookstore      ,0.0241469945759
