,scene_name,probs
0,bathroom       ,0.84261149168
1,office         ,0.0727577283978
2,kitchen        ,0.029501978308
3,dining_room    ,0.0262069180608
4,reception_room ,0.012024407275
