,scene_name,probs
0,classroom      ,0.931121826172
1,office         ,0.0205386057496
2,bookstore      ,0.019740415737
3,playroom       ,0.0106559311971
4,living_room    ,0.00743546383455
