,scene_name,probs
0,classroom      ,0.955730676651
1,bookstore      ,0.0235640481114
2,office         ,0.00543947704136
3,playroom       ,0.004998087883
4,living_room    ,0.00308207352646
