,scene_name,probs
0,study          ,0.371728360653
1,playroom       ,0.338673830032
2,home_office    ,0.10230819881
3,reception_room ,0.0727250725031
4,office         ,0.0288497172296
