,scene_name,probs
0,bedroom        ,0.666310071945
1,living_room    ,0.212904140353
2,study          ,0.0507159903646
3,home_office    ,0.043161842972
4,playroom       ,0.0139082986861
