,scene_name,probs
0,reception_room ,0.841388821602
1,office_kitchen ,0.0636381208897
2,study          ,0.0437970682979
3,home_office    ,0.0190294459462
4,playroom       ,0.0118988445029
