,scene_name,probs
0,bathroom       ,0.258331120014
1,office         ,0.201408192515
2,bedroom        ,0.131908610463
3,playroom       ,0.0803557559848
4,office_kitchen ,0.077980145812
