,scene_name,probs
0,dining_room    ,0.368714779615
1,kitchen        ,0.33505654335
2,living_room    ,0.148825272918
3,bathroom       ,0.106751427054
4,bedroom        ,0.00860727019608
