,scene_name,probs
0,home_office    ,0.430013358593
1,living_room    ,0.169740840793
2,bedroom        ,0.156812995672
3,playroom       ,0.0727803781629
4,dining_room    ,0.0429609417915
