,scene_name,probs
0,furniture_store,0.790651023388
1,bookstore      ,0.150088563561
2,reception_room ,0.0372648835182
3,classroom      ,0.00571207376197
4,dining_room    ,0.00368572236039
