,scene_name,probs
0,furniture_store,0.871156394482
1,bookstore      ,0.0731461942196
2,reception_room ,0.0393162108958
3,study          ,0.00897771120071
4,office         ,0.00333804590628
