,scene_name,probs
0,bedroom        ,0.692229151726
1,bathroom       ,0.102478966117
2,study          ,0.0807249322534
3,home_office    ,0.0524306744337
4,living_room    ,0.0378291644156
