,scene_name,probs
0,reception_room ,0.224542811513
1,home_office    ,0.180226460099
2,bookstore      ,0.170979782939
3,dining_room    ,0.0710933357477
4,classroom      ,0.0694228038192
