,scene_name,probs
0,home_office    ,0.933568716049
1,dining_room    ,0.01704310067
2,study          ,0.0156864561141
3,living_room    ,0.0119456965476
4,playroom       ,0.00714419782162
