,scene_name,probs
0,office         ,0.296596348286
1,bathroom       ,0.236109569669
2,dining_room    ,0.168901517987
3,kitchen        ,0.0974440276623
4,living_room    ,0.0704075545073
