,scene_name,probs
0,bookstore      ,0.94493919611
1,kitchen        ,0.0162611510605
2,furniture_store,0.00884625036269
3,living_room    ,0.00806026253849
4,classroom      ,0.00801635254174
