,scene_name,probs
0,home_office    ,0.85126632452
1,study          ,0.0836987942457
2,bookstore      ,0.018025977537
3,bedroom        ,0.014600802213
4,playroom       ,0.0118464035913
