,scene_name,probs
0,reception_room ,0.651145339012
1,bathroom       ,0.0962224081159
2,dining_room    ,0.0771177783608
3,office         ,0.0401376187801
4,study          ,0.0396265760064
