,scene_name,probs
0,bathroom       ,0.835536301136
1,office_kitchen ,0.119935676455
2,kitchen        ,0.0144115909934
3,bedroom        ,0.0124075543135
4,office         ,0.00817373581231
