,scene_name,probs
0,bookstore      ,0.804192364216
1,furniture_store,0.108399406075
2,classroom      ,0.0366333648562
3,reception_room ,0.0169136188924
4,playroom       ,0.0151493176818
