,scene_name,probs
0,home_office    ,0.551562309265
1,office         ,0.228614419699
2,kitchen        ,0.0400568507612
3,playroom       ,0.0345959663391
4,reception_room ,0.0318996235728
