,scene_name,probs
0,home_office    ,0.462595522404
1,playroom       ,0.245019331574
2,classroom      ,0.163938909769
3,office         ,0.0326340161264
4,living_room    ,0.0196948572993
