,scene_name,probs
0,classroom      ,0.595285654068
1,office         ,0.169272094965
2,bedroom        ,0.062640376389
3,living_room    ,0.0559583716094
4,kitchen        ,0.0431712716818
