,scene_name,probs
0,study          ,0.392067492008
1,home_office    ,0.239273861051
2,playroom       ,0.166247904301
3,reception_room ,0.0863566845655
4,bookstore      ,0.0402451716363
