,scene_name,probs
0,home_office    ,0.877279341221
1,living_room    ,0.0375458076596
2,bedroom        ,0.0250824503601
3,study          ,0.0177123416215
4,dining_room    ,0.0132304625586
