,scene_name,probs
0,bedroom        ,0.735775887966
1,kitchen        ,0.125323176384
2,living_room    ,0.0557557716966
3,bathroom       ,0.0271741319448
4,home_office    ,0.0209972150624
