,scene_name,probs
0,bathroom       ,0.865340471268
1,kitchen        ,0.0844730138779
2,bedroom        ,0.0144753083587
3,living_room    ,0.00878675840795
4,reception_room ,0.00744102103636
