,scene_name,probs
0,bathroom       ,0.358724057674
1,bedroom        ,0.323945045471
2,living_room    ,0.215649053454
3,kitchen        ,0.0451369658113
4,dining_room    ,0.0188955888152
