,scene_name,probs
0,reception_room ,0.626663148403
1,study          ,0.134732797742
2,playroom       ,0.113781362772
3,bookstore      ,0.0523227863014
4,home_office    ,0.0233327392489
