,scene_name,probs
0,bedroom        ,0.558093369007
1,living_room    ,0.135289981961
2,playroom       ,0.0823017209768
3,dining_room    ,0.0698151141405
4,bathroom       ,0.0484761781991
