,scene_name,probs
0,home_office    ,0.855476260185
1,study          ,0.0610319636762
2,playroom       ,0.0407330393791
3,bedroom        ,0.0190531034023
4,living_room    ,0.0105480980128
