,scene_name,probs
0,classroom      ,0.974738717079
1,playroom       ,0.0129313664511
2,bookstore      ,0.00404776725918
3,home_office    ,0.00358794955537
4,office_kitchen ,0.00253255688585
