,scene_name,probs
0,bathroom       ,0.502072095871
1,bedroom        ,0.219221457839
2,kitchen        ,0.206167161465
3,living_room    ,0.0333385951817
4,office         ,0.0135820219293
