,scene_name,probs
0,bathroom       ,0.924519062042
1,dining_room    ,0.0223643369973
2,kitchen        ,0.0162202604115
3,office         ,0.00916991103441
4,study          ,0.00849091354758
