,scene_name,probs
0,bookstore      ,0.918022215366
1,office         ,0.0247079264373
2,classroom      ,0.0211011078209
3,living_room    ,0.0120184840634
4,furniture_store,0.0107582472265
