,scene_name,probs
0,dining_room    ,0.357395648956
1,study          ,0.186834067106
2,bathroom       ,0.131994709373
3,living_room    ,0.0976184159517
4,home_office    ,0.0859356746078
