,scene_name,probs
0,kitchen        ,0.685970664024
1,office         ,0.143901839852
2,bedroom        ,0.0420973673463
3,bathroom       ,0.0384255424142
4,living_room    ,0.0310654696077
