,scene_name,probs
0,furniture_store,0.820011496544
1,bookstore      ,0.108106404543
2,reception_room ,0.0595406740904
3,study          ,0.00502323918045
4,classroom      ,0.00198427261785
