,scene_name,probs
0,reception_room ,0.897797167301
1,office_kitchen ,0.0303967576474
2,office         ,0.0165135432035
3,dining_room    ,0.0118294227868
4,playroom       ,0.00886125210673
