,scene_name,probs
0,classroom      ,0.838986754417
1,bookstore      ,0.0740290731192
2,office         ,0.0553418584168
3,home_office    ,0.00895024463534
4,playroom       ,0.00794778391719
