,scene_name,probs
0,bathroom       ,0.675277173519
1,dining_room    ,0.188554733992
2,kitchen        ,0.101349726319
3,reception_room ,0.0101318145171
4,office_kitchen ,0.00873004738241
