,scene_name,probs
0,bookstore      ,0.895553946495
1,classroom      ,0.0347475111485
2,living_room    ,0.0295887999237
3,office         ,0.0108786653727
4,playroom       ,0.00769970146939
