,scene_name,probs
0,office         ,0.446540355682
1,living_room    ,0.249292075634
2,bedroom        ,0.12259619683
3,kitchen        ,0.0576161406934
4,dining_room    ,0.0414022319019
