,scene_name,probs
0,study          ,0.765285372734
1,home_office    ,0.104523353279
2,playroom       ,0.0607587657869
3,bedroom        ,0.0438250750303
4,reception_room ,0.00584778934717
