,scene_name,probs
0,dining_room    ,0.240379035473
1,living_room    ,0.169271200895
2,classroom      ,0.138491615653
3,playroom       ,0.137352123857
4,bedroom        ,0.108206510544
