,scene_name,probs
0,furniture_store,0.960749030113
1,bookstore      ,0.025588741526
2,reception_room ,0.00395904202014
3,office         ,0.00356674659997
4,dining_room    ,0.00259967730381
