,scene_name,probs
0,dining_room    ,0.348334759474
1,reception_room ,0.154331222177
2,office         ,0.134953677654
3,kitchen        ,0.128401115537
4,classroom      ,0.0756163224578
