,scene_name,probs
0,classroom      ,0.933888316154
1,office         ,0.022648178041
2,home_office    ,0.0165281295776
3,playroom       ,0.0113265197724
4,bookstore      ,0.010128038004
