,scene_name,probs
0,playroom       ,0.259615719318
1,office         ,0.239438995719
2,dining_room    ,0.117041096091
3,living_room    ,0.11388400197
4,bookstore      ,0.0570653825998
