,scene_name,probs
0,bedroom        ,0.819047093391
1,playroom       ,0.0533406063914
2,living_room    ,0.0338261127472
3,home_office    ,0.0219521392137
4,bathroom       ,0.0214850082994
