,scene_name,probs
0,bedroom        ,0.602642655373
1,living_room    ,0.208340659738
2,kitchen        ,0.0635182932019
3,dining_room    ,0.0241861455142
4,playroom       ,0.0224582273513
