,scene_name,probs
0,office         ,0.757215738297
1,bedroom        ,0.144683793187
2,living_room    ,0.0406600981951
3,bathroom       ,0.0206139646471
4,kitchen        ,0.012042010203
