,scene_name,probs
0,kitchen        ,0.317170083523
1,bookstore      ,0.229039028287
2,dining_room    ,0.215222924948
3,furniture_store,0.107076406479
4,living_room    ,0.0463062338531
