,scene_name,probs
0,bedroom        ,0.730234622955
1,living_room    ,0.166186749935
2,office         ,0.0337272286415
3,playroom       ,0.026456033811
4,dining_room    ,0.0160920321941
