,scene_name,probs
0,reception_room ,0.939291536808
1,bookstore      ,0.0110721616074
2,kitchen        ,0.00935338251293
3,classroom      ,0.00844695512205
4,home_office    ,0.00553259719163
