,scene_name,probs
0,bathroom       ,0.863586485386
1,reception_room ,0.0414745770395
2,kitchen        ,0.0387300290167
3,office         ,0.0173404980451
4,dining_room    ,0.0134997563437
