,scene_name,probs
0,study          ,0.444027394056
1,bathroom       ,0.262620449066
2,dining_room    ,0.177349805832
3,home_office    ,0.0418409407139
4,kitchen        ,0.0281357746571
