,scene_name,probs
0,bedroom        ,0.503560781479
1,home_office    ,0.170534536242
2,study          ,0.0648529529572
3,office         ,0.0546688251197
4,office_kitchen ,0.0512004122138
