,scene_name,probs
0,office         ,0.394582659006
1,bedroom        ,0.218756824732
2,classroom      ,0.126794829965
3,playroom       ,0.0834517553449
4,living_room    ,0.045663498342
