,scene_name,probs
0,home_office    ,0.498538613319
1,study          ,0.419905245304
2,bathroom       ,0.0230422765017
3,living_room    ,0.0148922875524
4,kitchen        ,0.0142031898722
