,scene_name,probs
0,bedroom        ,0.346975415945
1,office         ,0.220064729452
2,living_room    ,0.087718680501
3,playroom       ,0.0761878490448
4,home_office    ,0.0482021793723
