,scene_name,probs
0,office         ,0.551172435284
1,bedroom        ,0.139701291919
2,living_room    ,0.094391271472
3,classroom      ,0.0813680887222
4,playroom       ,0.0502653606236
