,scene_name,probs
0,bathroom       ,0.909280776978
1,kitchen        ,0.0472147651017
2,bedroom        ,0.0174563862383
3,living_room    ,0.00639992626384
4,dining_room    ,0.00518946070224
