,scene_name,probs
0,study          ,0.326115369797
1,home_office    ,0.222436130047
2,playroom       ,0.151613369584
3,dining_room    ,0.0535882487893
4,reception_room ,0.0522508881986
