,scene_name,probs
0,office         ,0.271005153656
1,classroom      ,0.200362190604
2,kitchen        ,0.112086296082
3,dining_room    ,0.106219910085
4,living_room    ,0.0842890441418
