,scene_name,probs
0,bathroom       ,0.804701387882
1,kitchen        ,0.173366338015
2,bedroom        ,0.00396898388863
3,dining_room    ,0.00352685851976
4,office_kitchen ,0.00302591524087
