,scene_name,probs
0,office_kitchen ,0.877098917961
1,playroom       ,0.055989805609
2,reception_room ,0.0307733844966
3,classroom      ,0.0260799136013
4,office         ,0.00336155318655
