,scene_name,probs
0,bedroom        ,0.482153952122
1,kitchen        ,0.231209561229
2,living_room    ,0.114996120334
3,bathroom       ,0.0782158151269
4,home_office    ,0.0303954966366
