,scene_name,probs
0,classroom      ,0.264327973127
1,living_room    ,0.245607763529
2,home_office    ,0.117873251438
3,bedroom        ,0.102251201868
4,office         ,0.077488206327
