,scene_name,probs
0,bookstore      ,0.800464212894
1,furniture_store,0.0510773025453
2,kitchen        ,0.0356148667634
3,living_room    ,0.0257492233068
4,classroom      ,0.0211638938636
