,scene_name,probs
0,classroom      ,0.749469697475
1,bedroom        ,0.0687963888049
2,kitchen        ,0.0621373765171
3,bookstore      ,0.0406871773303
4,living_room    ,0.0288994796574
