,scene_name,probs
0,classroom      ,0.593133985996
1,office         ,0.203820571303
2,home_office    ,0.0883894190192
3,playroom       ,0.0438409522176
4,dining_room    ,0.0260912999511
