,scene_name,probs
0,reception_room ,0.893560826778
1,kitchen        ,0.0251372009516
2,furniture_store,0.0207335148007
3,study          ,0.0189324431121
4,office_kitchen ,0.0134095614776
