,scene_name,probs
0,kitchen        ,0.403163582087
1,bathroom       ,0.371024936438
2,dining_room    ,0.139998972416
3,living_room    ,0.0738624036312
4,reception_room ,0.00316136330366
