,scene_name,probs
0,bookstore      ,0.879172086716
1,home_office    ,0.0717084929347
2,kitchen        ,0.0194970835
3,classroom      ,0.0103328190744
4,study          ,0.00841768831015
