,scene_name,probs
0,kitchen        ,0.676012814045
1,dining_room    ,0.104277551174
2,living_room    ,0.0892136394978
3,classroom      ,0.0251624491066
4,bathroom       ,0.0241195224226
