,scene_name,probs
0,home_office    ,0.645598769188
1,bookstore      ,0.12791004777
2,study          ,0.0880489349365
3,classroom      ,0.0606014691293
4,playroom       ,0.0328008420765
