,scene_name,probs
0,office_kitchen ,0.820996761322
1,bathroom       ,0.0768813416362
2,reception_room ,0.0414141006768
3,bedroom        ,0.0240007974207
4,office         ,0.01529518608
