,scene_name,probs
0,reception_room ,0.350204229355
1,kitchen        ,0.126499086618
2,office_kitchen ,0.111138381064
3,office         ,0.0931430980563
4,classroom      ,0.0744591653347
