,scene_name,probs
0,furniture_store,0.502134501934
1,bookstore      ,0.347820550203
2,kitchen        ,0.0322172082961
3,dining_room    ,0.029991755262
4,living_room    ,0.0265294555575
