,scene_name,probs
0,home_office    ,0.793517231941
1,study          ,0.113159567118
2,bedroom        ,0.0733068212867
3,living_room    ,0.00754638621584
4,playroom       ,0.00537924142554
