,scene_name,probs
0,office         ,0.510796308517
1,kitchen        ,0.191028758883
2,bedroom        ,0.138768747449
3,living_room    ,0.106045022607
4,bathroom       ,0.0117594655603
