,scene_name,probs
0,bedroom        ,0.218609929085
1,living_room    ,0.182615488768
2,office         ,0.161608964205
3,study          ,0.113225929439
4,home_office    ,0.106885693967
