,scene_name,probs
0,bathroom       ,0.291296720505
1,bedroom        ,0.259510457516
2,kitchen        ,0.236716106534
3,office         ,0.0806675329804
4,living_room    ,0.0659138932824
