,scene_name,probs
0,playroom       ,0.864873230457
1,home_office    ,0.0381464138627
2,living_room    ,0.0281197521836
3,classroom      ,0.025767499581
4,bedroom        ,0.023977836594
