,scene_name,probs
0,playroom       ,0.805269360542
1,bedroom        ,0.0765903368592
2,living_room    ,0.0367125049233
3,home_office    ,0.0248884800822
4,classroom      ,0.0210160594434
