,scene_name,probs
0,reception_room ,0.461161136627
1,kitchen        ,0.208706483245
2,furniture_store,0.0570848621428
3,dining_room    ,0.05250428617
4,bookstore      ,0.045938141644
