,scene_name,probs
0,kitchen        ,0.335591316223
1,living_room    ,0.194139316678
2,bedroom        ,0.163102656603
3,office         ,0.110828094184
4,dining_room    ,0.0865410119295
