,scene_name,probs
0,bedroom        ,0.605859279633
1,living_room    ,0.135751962662
2,study          ,0.116708934307
3,home_office    ,0.0385083630681
4,playroom       ,0.0355776548386
