,scene_name,probs
0,study          ,0.825907409191
1,home_office    ,0.0592274814844
2,playroom       ,0.0421654842794
3,office         ,0.0183353200555
4,dining_room    ,0.0131616871804
