,scene_name,probs
0,office_kitchen ,0.647864818573
1,playroom       ,0.12566550076
2,study          ,0.0776136666536
3,reception_room ,0.0756532251835
4,bathroom       ,0.0184543486685
