,scene_name,probs
0,furniture_store,0.806552112103
1,bookstore      ,0.0740337073803
2,dining_room    ,0.0585889294744
3,office         ,0.0336000956595
4,living_room    ,0.00820498913527
