,scene_name,probs
0,furniture_store,0.827345311642
1,office         ,0.128307729959
2,bookstore      ,0.0123658236116
3,classroom      ,0.00884874351323
4,reception_room ,0.00859223958105
