,scene_name,probs
0,office_kitchen ,0.458083480597
1,reception_room ,0.315170109272
2,office         ,0.0535464696586
3,study          ,0.0509244538844
4,playroom       ,0.0370943062007
