,scene_name,probs
0,kitchen        ,0.441629707813
1,bathroom       ,0.257879555225
2,bedroom        ,0.111896164715
3,office         ,0.0952574387193
4,living_room    ,0.0438569672406
