,scene_name,probs
0,bedroom        ,0.863867521286
1,living_room    ,0.080131098628
2,playroom       ,0.0209958385676
3,office         ,0.0127492845058
4,kitchen        ,0.00877902470529
