,scene_name,probs
0,playroom       ,0.758346319199
1,bedroom        ,0.164823457599
2,living_room    ,0.0242488905787
3,home_office    ,0.0154303777963
4,classroom      ,0.0149381868541
