,scene_name,probs
0,furniture_store,0.935917317867
1,bookstore      ,0.0154501330107
2,dining_room    ,0.00986451469362
3,living_room    ,0.00933590531349
4,office         ,0.00916800647974
