,scene_name,probs
0,office_kitchen ,0.959477066994
1,reception_room ,0.0320466533303
2,playroom       ,0.00321057043038
3,office         ,0.00202428689227
4,study          ,0.00156781997066
