,scene_name,probs
0,reception_room ,0.884683728218
1,office_kitchen ,0.0385773144662
2,office         ,0.0360835082829
3,kitchen        ,0.0135662937537
4,classroom      ,0.00863076839596
