,scene_name,probs
0,reception_room ,0.869993805885
1,office_kitchen ,0.0370291918516
2,playroom       ,0.0184896234423
3,study          ,0.0147293945774
4,kitchen        ,0.0144127020612
