,scene_name,probs
0,living_room    ,0.574126899242
1,bedroom        ,0.133633896708
2,dining_room    ,0.105223767459
3,kitchen        ,0.0866914764047
4,office         ,0.0451279692352
