,scene_name,probs
0,kitchen        ,0.298617094755
1,reception_room ,0.20740583539
2,dining_room    ,0.0801724120975
3,office         ,0.071194306016
4,living_room    ,0.0692165717483
