,scene_name,probs
0,reception_room ,0.470236867666
1,study          ,0.350395709276
2,office_kitchen ,0.0585290230811
3,playroom       ,0.0341006405652
4,office         ,0.0264229774475
