,scene_name,probs
0,playroom       ,0.28912755847
1,classroom      ,0.257634520531
2,home_office    ,0.229729190469
3,office         ,0.107862070203
4,bedroom        ,0.0441354736686
