,scene_name,probs
0,living_room    ,0.400017231703
1,bedroom        ,0.348018944263
2,playroom       ,0.105365753174
3,dining_room    ,0.0702508017421
4,home_office    ,0.0336996652186
