,scene_name,probs
0,bathroom       ,0.846996724606
1,office_kitchen ,0.0789699330926
2,kitchen        ,0.0402402728796
3,dining_room    ,0.0162564348429
4,bedroom        ,0.00742499670014
