,scene_name,probs
0,bathroom       ,0.821478247643
1,dining_room    ,0.110292986035
2,kitchen        ,0.0194513052702
3,reception_room ,0.0174016561359
4,office_kitchen ,0.0163478069007
