,scene_name,probs
0,office_kitchen ,0.961438000202
1,bathroom       ,0.0138631435111
2,reception_room ,0.00739932293072
3,kitchen        ,0.00590262794867
4,office         ,0.00298017449677
