,scene_name,probs
0,home_office    ,0.520236194134
1,bedroom        ,0.166556254029
2,living_room    ,0.0932638794184
3,study          ,0.088533103466
4,office         ,0.0495240390301
