,scene_name,probs
0,bathroom       ,0.951400756836
1,kitchen        ,0.0275486931205
2,dining_room    ,0.00568313756958
3,living_room    ,0.00483531504869
4,study          ,0.00325445109047
