,scene_name,probs
0,furniture_store,0.323594272137
1,dining_room    ,0.27882489562
2,bookstore      ,0.191757053137
3,kitchen        ,0.103445902467
4,living_room    ,0.0418670326471
