,scene_name,probs
0,furniture_store,0.753962635994
1,bookstore      ,0.164089590311
2,reception_room ,0.069116897881
3,study          ,0.00723184505478
4,office         ,0.00169706402812
