,scene_name,probs
0,kitchen        ,0.234251394868
1,bathroom       ,0.202450811863
2,living_room    ,0.193641632795
3,dining_room    ,0.18918775022
4,bedroom        ,0.0780308097601
