,scene_name,probs
0,office_kitchen ,0.403708457947
1,bedroom        ,0.264486044645
2,office         ,0.193964228034
3,bathroom       ,0.0318850390613
4,reception_room ,0.0308322627097
