,scene_name,probs
0,reception_room ,0.44541785121
1,playroom       ,0.269680052996
2,study          ,0.14542837441
3,office_kitchen ,0.0400313697755
4,furniture_store,0.0300593543798
