,scene_name,probs
0,bedroom        ,0.443454116583
1,bathroom       ,0.250808447599
2,kitchen        ,0.215973138809
3,living_room    ,0.0594510175288
4,dining_room    ,0.00978127680719
