,scene_name,probs
0,bedroom        ,0.635081231594
1,living_room    ,0.138808891177
2,office         ,0.0862710848451
3,kitchen        ,0.0431352965534
4,home_office    ,0.0390999615192
