,scene_name,probs
0,living_room    ,0.577585995197
1,bedroom        ,0.339543879032
2,home_office    ,0.0333001464605
3,dining_room    ,0.022497523576
4,playroom       ,0.0171879399568
