,scene_name,probs
0,furniture_store,0.917558908463
1,bookstore      ,0.050122320652
2,reception_room ,0.0141917569563
3,study          ,0.0057653831318
4,office         ,0.00405593914911
