,scene_name,probs
0,bathroom       ,0.76065325737
1,bedroom        ,0.124896481633
2,kitchen        ,0.0814814046025
3,living_room    ,0.0107695655897
4,dining_room    ,0.00739747378975
