,scene_name,probs
0,home_office    ,0.778050124645
1,study          ,0.145576447248
2,office         ,0.0188167449087
3,playroom       ,0.0165386423469
4,living_room    ,0.012776629068
