,scene_name,probs
0,reception_room ,0.619318902493
1,home_office    ,0.189994618297
2,study          ,0.0680955126882
3,office_kitchen ,0.0423752702773
4,playroom       ,0.031099550426
