,scene_name,probs
0,bathroom       ,0.796857714653
1,office_kitchen ,0.0653277114034
2,kitchen        ,0.0591218173504
3,bedroom        ,0.056643538177
4,living_room    ,0.00612059049308
