,scene_name,probs
0,office_kitchen ,0.800438761711
1,bathroom       ,0.111472055316
2,reception_room ,0.0404225736856
3,kitchen        ,0.0113479923457
4,bedroom        ,0.0100659523159
