,scene_name,probs
0,bedroom        ,0.325583934784
1,reception_room ,0.127907931805
2,office_kitchen ,0.126867219806
3,playroom       ,0.120001643896
4,office         ,0.113074615598
