,scene_name,probs
0,bathroom       ,0.938334703445
1,bedroom        ,0.029734974727
2,office_kitchen ,0.0229433700442
3,kitchen        ,0.00530138844624
4,living_room    ,0.00134751235601
