,scene_name,probs
0,bookstore      ,0.776033341885
1,home_office    ,0.0759063735604
2,classroom      ,0.0641932338476
3,furniture_store,0.0253201965243
4,playroom       ,0.0167998000979
