,scene_name,probs
0,bedroom        ,0.921161830425
1,living_room    ,0.0326600298285
2,playroom       ,0.0319799259305
3,classroom      ,0.00426679383963
4,home_office    ,0.00319284340367
