,scene_name,probs
0,kitchen        ,0.542372584343
1,bedroom        ,0.125631153584
2,bathroom       ,0.0584658309817
3,living_room    ,0.0518656596541
4,home_office    ,0.0442908033729
