,scene_name,probs
0,bedroom        ,0.313887387514
1,kitchen        ,0.25290876627
2,living_room    ,0.136862665415
3,playroom       ,0.102332659066
4,dining_room    ,0.0439866445959
