,scene_name,probs
0,bedroom        ,0.848769247532
1,living_room    ,0.0668844804168
2,bathroom       ,0.0497228652239
3,kitchen        ,0.0162119809538
4,playroom       ,0.00823434721678
