,scene_name,probs
0,classroom      ,0.877965092659
1,playroom       ,0.0484803691506
2,bedroom        ,0.0384425446391
3,office         ,0.0184691250324
4,home_office    ,0.00716466922313
