,scene_name,probs
0,furniture_store,0.957603514194
1,bookstore      ,0.010953726247
2,office         ,0.00987354014069
3,classroom      ,0.00860704295337
4,reception_room ,0.00459481589496
