,scene_name,probs
0,bathroom       ,0.964121937752
1,office_kitchen ,0.0174230951816
2,kitchen        ,0.00515466742218
3,office         ,0.00378335919231
4,reception_room ,0.00369978346862
