,scene_name,probs
0,home_office    ,0.929133951664
1,study          ,0.0307122841477
2,bookstore      ,0.0102731399238
3,reception_room ,0.00721757300198
4,playroom       ,0.00683660572395
