,scene_name,probs
0,bookstore      ,0.177317023277
1,reception_room ,0.169193178415
2,home_office    ,0.143810063601
3,study          ,0.111849457026
4,kitchen        ,0.092132717371
