,scene_name,probs
0,home_office    ,0.923906087875
1,study          ,0.0657343566418
2,playroom       ,0.00649790326133
3,living_room    ,0.000811937730759
4,reception_room ,0.000761937233619
