,scene_name,probs
0,bedroom        ,0.681831717491
1,living_room    ,0.101686425507
2,office         ,0.0680460855365
3,playroom       ,0.0456706173718
4,classroom      ,0.0393394045532
