,scene_name,probs
0,bookstore      ,0.770701348782
1,reception_room ,0.113189868629
2,furniture_store,0.0602694004774
3,study          ,0.0230426415801
4,classroom      ,0.00747223012149
