,scene_name,probs
0,living_room    ,0.36373218894
1,bedroom        ,0.183696225286
2,office         ,0.175158217549
3,playroom       ,0.107982136309
4,classroom      ,0.0722740665078
