,scene_name,probs
0,bedroom        ,0.575006902218
1,living_room    ,0.142613485456
2,bathroom       ,0.0641052648425
3,office         ,0.05661656335
4,home_office    ,0.0434809476137
