,scene_name,probs
0,office         ,0.655824422836
1,playroom       ,0.115383602679
2,living_room    ,0.0504869632423
3,dining_room    ,0.0431837625802
4,study          ,0.0351381674409
