,scene_name,probs
0,bookstore      ,0.348884344101
1,living_room    ,0.145843327045
2,bedroom        ,0.132829025388
3,home_office    ,0.127271011472
4,kitchen        ,0.0774074792862
