,scene_name,probs
0,bookstore      ,0.340066045523
1,reception_room ,0.269403368235
2,kitchen        ,0.131628960371
3,study          ,0.064916215837
4,bathroom       ,0.0642440319061
