,scene_name,probs
0,reception_room ,0.563193202019
1,office_kitchen ,0.18310700357
2,study          ,0.0499747954309
3,bathroom       ,0.0409365296364
4,kitchen        ,0.0405019149184
