,scene_name,probs
0,bathroom       ,0.945854306221
1,kitchen        ,0.0221824981272
2,dining_room    ,0.0176340714097
3,living_room    ,0.00283738155849
4,office_kitchen ,0.00283114565536
