,scene_name,probs
0,home_office    ,0.539915859699
1,dining_room    ,0.217863336205
2,playroom       ,0.0968504920602
3,study          ,0.0436385460198
4,living_room    ,0.034188028425
