,scene_name,probs
0,bathroom       ,0.909534752369
1,dining_room    ,0.0345242805779
2,office_kitchen ,0.0264109186828
3,kitchen        ,0.0144581757486
4,reception_room ,0.00627268385142
