,scene_name,probs
0,furniture_store,0.764023959637
1,bookstore      ,0.165372028947
2,reception_room ,0.0420318692923
3,study          ,0.021569930017
4,kitchen        ,0.00177786720451
