,scene_name,probs
0,bathroom       ,0.963919639587
1,office_kitchen ,0.0276180561632
2,kitchen        ,0.00391906965524
3,dining_room    ,0.00213607866317
4,reception_room ,0.00160704751033
