,scene_name,probs
0,kitchen        ,0.588284194469
1,dining_room    ,0.204282253981
2,bathroom       ,0.0903237983584
3,living_room    ,0.0274038240314
4,office_kitchen ,0.0180029030889
