,scene_name,probs
0,bedroom        ,0.560834109783
1,bathroom       ,0.380751729012
2,kitchen        ,0.0254650786519
3,living_room    ,0.0155380535871
4,office         ,0.0114596001804
