,scene_name,probs
0,home_office    ,0.67753881216
1,reception_room ,0.0943186804652
2,study          ,0.0931432470679
3,classroom      ,0.0479913242161
4,playroom       ,0.0435445681214
