,scene_name,probs
0,kitchen        ,0.573460698128
1,office         ,0.130881890655
2,bathroom       ,0.120474070311
3,bedroom        ,0.0885509774089
4,living_room    ,0.0239844657481
