,scene_name,probs
0,home_office    ,0.55710631609
1,study          ,0.202217802405
2,office         ,0.087636180222
3,living_room    ,0.043760176748
4,bedroom        ,0.04291767627
