,scene_name,probs
0,playroom       ,0.577878952026
1,study          ,0.209657222033
2,home_office    ,0.12801630795
3,office         ,0.0184391792864
4,bedroom        ,0.0163135863841
