,scene_name,probs
0,kitchen        ,0.562746882439
1,office         ,0.136240184307
2,living_room    ,0.102302208543
3,bedroom        ,0.0502304062247
4,dining_room    ,0.0373849719763
