,scene_name,probs
0,bedroom        ,0.574067890644
1,office         ,0.224318891764
2,living_room    ,0.114832468331
3,playroom       ,0.0417868047953
4,dining_room    ,0.0103955361992
