,scene_name,probs
0,home_office    ,0.70899528265
1,kitchen        ,0.100593574345
2,study          ,0.0445501878858
3,bathroom       ,0.0390558242798
4,bedroom        ,0.0386323593557
