,scene_name,probs
0,living_room    ,0.41295710206
1,dining_room    ,0.174355715513
2,bedroom        ,0.133636906743
3,kitchen        ,0.131678536534
4,playroom       ,0.0478636957705
