,scene_name,probs
0,living_room    ,0.293190807104
1,kitchen        ,0.20493593812
2,bedroom        ,0.187253415585
3,dining_room    ,0.132839649916
4,office         ,0.0775714367628
