,scene_name,probs
0,classroom      ,0.930967450142
1,playroom       ,0.0210817568004
2,home_office    ,0.0125958854333
3,kitchen        ,0.00955314096063
4,living_room    ,0.00700947316363
