,scene_name,probs
0,dining_room    ,0.514278173447
1,furniture_store,0.216041266918
2,bookstore      ,0.0831461623311
3,reception_room ,0.079982444644
4,kitchen        ,0.0420169942081
