,scene_name,probs
0,study          ,0.782654523849
1,home_office    ,0.0635225847363
2,bedroom        ,0.0472754724324
3,playroom       ,0.038050621748
4,bathroom       ,0.0324276313186
