,scene_name,probs
0,office_kitchen ,0.926725387573
1,reception_room ,0.0464140847325
2,bathroom       ,0.0091212419793
3,office         ,0.00866806413978
4,playroom       ,0.00386627693661
