,scene_name,probs
0,bedroom        ,0.67648601532
1,living_room    ,0.148505315185
2,office         ,0.0697841644287
3,home_office    ,0.0489606745541
4,playroom       ,0.0280218813568
