,scene_name,probs
0,furniture_store,0.464108079672
1,bookstore      ,0.325809746981
2,office         ,0.0833621174097
3,kitchen        ,0.0494581535459
4,living_room    ,0.0288858171552
