,scene_name,probs
0,office         ,0.224171623588
1,kitchen        ,0.196885198355
2,living_room    ,0.169902995229
3,bedroom        ,0.141977131367
4,dining_room    ,0.1239605546
