,scene_name,probs
0,dining_room    ,0.768265068531
1,office         ,0.0574075058103
2,furniture_store,0.0476983860135
3,reception_room ,0.0310716945678
4,playroom       ,0.018179167062
