,scene_name,probs
0,bedroom        ,0.92613953352
1,living_room    ,0.0299581959844
2,home_office    ,0.0250176340342
3,playroom       ,0.0106610404328
4,study          ,0.0054036048241
