,scene_name,probs
0,office         ,0.434740126133
1,kitchen        ,0.216248750687
2,bathroom       ,0.125940725207
3,living_room    ,0.0955981761217
4,dining_room    ,0.0604715719819
