,scene_name,probs
0,office_kitchen ,0.713699698448
1,reception_room ,0.118686519563
2,office         ,0.0440488569438
3,playroom       ,0.0356179364026
4,kitchen        ,0.0184236615896
