,scene_name,probs
0,home_office    ,0.787475585938
1,study          ,0.144361436367
2,bookstore      ,0.031566940248
3,playroom       ,0.0220498573035
4,classroom      ,0.0070369024761
