,scene_name,probs
0,bathroom       ,0.769595324993
1,dining_room    ,0.076124407351
2,office         ,0.0684151500463
3,kitchen        ,0.0398529432714
4,bedroom        ,0.0121502885595
