,scene_name,probs
0,dining_room    ,0.769554674625
1,living_room    ,0.074911005795
2,kitchen        ,0.0745341479778
3,home_office    ,0.0481659770012
4,bathroom       ,0.0100508118048
