,scene_name,probs
0,dining_room    ,0.914137482643
1,home_office    ,0.0353137999773
2,bathroom       ,0.0135237332433
3,kitchen        ,0.0106263300404
4,living_room    ,0.00640888186172
