,scene_name,probs
0,classroom      ,0.967481911182
1,playroom       ,0.0122059267014
2,office         ,0.0110728442669
3,bookstore      ,0.00373543915339
4,office_kitchen ,0.00151130335871
