,scene_name,probs
0,dining_room    ,0.867975592613
1,living_room    ,0.0488621927798
2,home_office    ,0.0311445537955
3,playroom       ,0.0157377570868
4,study          ,0.0150206470862
