,scene_name,probs
0,bedroom        ,0.790592491627
1,bathroom       ,0.109346933663
2,living_room    ,0.0664938464761
3,playroom       ,0.0085536679253
4,office         ,0.00831434689462
