,scene_name,probs
0,classroom      ,0.94034665823
1,playroom       ,0.0329125262797
2,home_office    ,0.00575172202662
3,office_kitchen ,0.00566143775359
4,office         ,0.00535913929343
