,scene_name,probs
0,furniture_store,0.296476840973
1,office         ,0.272776037455
2,bookstore      ,0.146280288696
3,dining_room    ,0.131996288896
4,classroom      ,0.0671756863594
