,scene_name,probs
0,dining_room    ,0.361750990152
1,office         ,0.202703148127
2,bookstore      ,0.113849073648
3,furniture_store,0.103078879416
4,kitchen        ,0.0689422190189
