,scene_name,probs
0,study          ,0.345574110746
1,home_office    ,0.332582563162
2,dining_room    ,0.157728821039
3,bathroom       ,0.0462751053274
4,living_room    ,0.0348328799009
