,scene_name,probs
0,study          ,0.854233086109
1,home_office    ,0.10656798631
2,playroom       ,0.0266729351133
3,reception_room ,0.00514162704349
4,bedroom        ,0.00196452019736
