,scene_name,probs
0,living_room    ,0.185354426503
1,kitchen        ,0.120500087738
2,bookstore      ,0.11043716222
3,classroom      ,0.103862687945
4,reception_room ,0.100232824683
