,scene_name,probs
0,kitchen        ,0.364476203918
1,reception_room ,0.235000491142
2,study          ,0.148656785488
3,living_room    ,0.0946048647165
4,bathroom       ,0.0517040714622
