,scene_name,probs
0,home_office    ,0.462889820337
1,study          ,0.454464733601
2,playroom       ,0.0337734185159
3,bedroom        ,0.0104034254327
4,living_room    ,0.0102310115471
