,scene_name,probs
0,reception_room ,0.412057548761
1,home_office    ,0.246042788029
2,study          ,0.124652773142
3,office_kitchen ,0.0994498953223
4,playroom       ,0.0433969460428
