,scene_name,probs
0,bathroom       ,0.376980304718
1,kitchen        ,0.23826892674
2,living_room    ,0.192597001791
3,dining_room    ,0.0717334747314
4,office         ,0.0429545864463
