,scene_name,probs
0,classroom      ,0.565679132938
1,home_office    ,0.117986604571
2,playroom       ,0.111195996404
3,bookstore      ,0.0694681182504
4,furniture_store,0.0489289723337
