,scene_name,probs
0,bedroom        ,0.335960239172
1,office         ,0.275080114603
2,living_room    ,0.249291390181
3,playroom       ,0.0394920371473
4,dining_room    ,0.0285781677812
