,scene_name,probs
0,bookstore      ,0.732495546341
1,furniture_store,0.113791882992
2,study          ,0.0589176379144
3,reception_room ,0.0394249558449
4,home_office    ,0.0194529742002
