,scene_name,probs
0,bedroom        ,0.707924842834
1,home_office    ,0.146728739142
2,living_room    ,0.0979900211096
3,playroom       ,0.0313292294741
4,study          ,0.00927626062185
