,scene_name,probs
0,study          ,0.842821121216
1,home_office    ,0.0832394659519
2,office         ,0.0209506358951
3,bookstore      ,0.0125606860965
4,furniture_store,0.0118707064539
