,scene_name,probs
0,bedroom        ,0.733244478703
1,living_room    ,0.111525848508
2,office         ,0.110012605786
3,study          ,0.0169117953628
4,kitchen        ,0.0158937312663
