,scene_name,probs
0,bedroom        ,0.445813119411
1,bathroom       ,0.407131820917
2,kitchen        ,0.121338278055
3,living_room    ,0.0130803901702
4,office_kitchen ,0.00433035986498
