,scene_name,probs
0,bathroom       ,0.864615797997
1,office_kitchen ,0.049006678164
2,office         ,0.0269511677325
3,bedroom        ,0.0191262532026
4,reception_room ,0.0151276635006
