,scene_name,probs
0,furniture_store,0.967552661896
1,office         ,0.0135378045961
2,bookstore      ,0.00674504972994
3,reception_room ,0.00445523904637
4,dining_room    ,0.00310069951229
