,scene_name,probs
0,bookstore      ,0.510608911514
1,kitchen        ,0.303302139044
2,dining_room    ,0.0763905793428
3,living_room    ,0.0493407808244
4,office         ,0.0289700999856
