,scene_name,probs
0,kitchen        ,0.381601274014
1,living_room    ,0.368926882744
2,dining_room    ,0.101127542555
3,bedroom        ,0.0458260290325
4,bathroom       ,0.0436142645776
