,scene_name,probs
0,home_office    ,0.815667390823
1,study          ,0.0680514425039
2,playroom       ,0.0661687701941
3,classroom      ,0.0157691910863
4,reception_room ,0.0108308345079
