,scene_name,probs
0,bedroom        ,0.680131733418
1,living_room    ,0.200953692198
2,playroom       ,0.0365062579513
3,kitchen        ,0.0294577218592
4,study          ,0.015462750569
