,scene_name,probs
0,dining_room    ,0.840217590332
1,bathroom       ,0.0420955084264
2,home_office    ,0.0284373369068
3,kitchen        ,0.0210436247289
4,office         ,0.0143074458465
