,scene_name,probs
0,dining_room    ,0.35042732954
1,office         ,0.21177649498
2,classroom      ,0.208527728915
3,home_office    ,0.0533380247653
4,kitchen        ,0.0380870141089
