,scene_name,probs
0,bathroom       ,0.565973460674
1,kitchen        ,0.107833959162
2,office         ,0.0918146967888
3,bedroom        ,0.0908550396562
4,study          ,0.0409410633147
