,scene_name,probs
0,office         ,0.581338047981
1,classroom      ,0.160330966115
2,furniture_store,0.153891697526
3,bookstore      ,0.0679902434349
4,playroom       ,0.0126605592668
