,scene_name,probs
0,bookstore      ,0.942042827606
1,classroom      ,0.0408137515187
2,kitchen        ,0.00501645030454
3,playroom       ,0.00292811007239
4,reception_room ,0.00282704504207
