,scene_name,probs
0,dining_room    ,0.632780194283
1,living_room    ,0.204798743129
2,home_office    ,0.0663872286677
3,kitchen        ,0.0275712274015
4,office         ,0.0185599699616
