,scene_name,probs
0,reception_room ,0.712814390659
1,living_room    ,0.0719148144126
2,kitchen        ,0.0549377202988
3,bathroom       ,0.0312002003193
4,bedroom        ,0.0254887193441
