,scene_name,probs
0,bedroom        ,0.812776386738
1,living_room    ,0.0819587036967
2,office         ,0.0464668758214
3,kitchen        ,0.0188846625388
4,bathroom       ,0.013731142506
