,scene_name,probs
0,kitchen        ,0.579389750957
1,bathroom       ,0.160587698221
2,office_kitchen ,0.115632452071
3,office         ,0.0379182510078
4,reception_room ,0.0302355047315
