,scene_name,probs
0,office_kitchen ,0.966128528118
1,classroom      ,0.00748292636126
2,office         ,0.00719219818711
3,reception_room ,0.00523692322895
4,bathroom       ,0.00329889007844
