,scene_name,probs
0,dining_room    ,0.820677757263
1,home_office    ,0.043323520571
2,playroom       ,0.0227754935622
3,living_room    ,0.0211972612888
4,bathroom       ,0.0192685555667
