,scene_name,probs
0,reception_room ,0.248046413064
1,living_room    ,0.164220437407
2,playroom       ,0.148669883609
3,office         ,0.118795067072
4,kitchen        ,0.0692688524723
