,scene_name,probs
0,playroom       ,0.267150759697
1,living_room    ,0.185560464859
2,dining_room    ,0.178397610784
3,office         ,0.146141350269
4,furniture_store,0.120131574571
