,scene_name,probs
0,bedroom        ,0.780696511269
1,living_room    ,0.117084793746
2,office         ,0.0533203743398
3,playroom       ,0.0218551699072
4,classroom      ,0.00609470810741
