,scene_name,probs
0,bookstore      ,0.247789517045
1,reception_room ,0.22191169858
2,kitchen        ,0.199767410755
3,furniture_store,0.155844435096
4,study          ,0.0640897229314
