,scene_name,probs
0,reception_room ,0.419914633036
1,dining_room    ,0.0978323668242
2,kitchen        ,0.0685359835625
3,home_office    ,0.0669585764408
4,office_kitchen ,0.060723669827
