,scene_name,probs
0,office         ,0.605753004551
1,office_kitchen ,0.132787838578
2,bedroom        ,0.12066334486
3,reception_room ,0.0489708147943
4,living_room    ,0.0251872036606
