,scene_name,probs
0,study          ,0.263218015432
1,home_office    ,0.170627430081
2,kitchen        ,0.157691597939
3,reception_room ,0.0949186980724
4,bathroom       ,0.0916540846229
