,scene_name,probs
0,living_room    ,0.394454449415
1,home_office    ,0.269939392805
2,dining_room    ,0.148012593389
3,bedroom        ,0.0655824244022
4,playroom       ,0.0358470901847
