,scene_name,probs
0,furniture_store,0.346825838089
1,office         ,0.33471557498
2,classroom      ,0.116220913827
3,bookstore      ,0.0976495966315
4,dining_room    ,0.0471591539681
