,scene_name,probs
0,classroom      ,0.834009885788
1,bookstore      ,0.0575359240174
2,playroom       ,0.0464428402483
3,furniture_store,0.0184112396091
4,reception_room ,0.0177182815969
