,scene_name,probs
0,bedroom        ,0.432146072388
1,kitchen        ,0.401900410652
2,living_room    ,0.0991278514266
3,bathroom       ,0.0377802699804
4,dining_room    ,0.0103225493804
