,scene_name,probs
0,home_office    ,0.797444164753
1,living_room    ,0.0539648085833
2,bedroom        ,0.0511399172246
3,dining_room    ,0.0372984185815
4,kitchen        ,0.0168446823955
