,scene_name,probs
0,study          ,0.465802371502
1,bathroom       ,0.160646140575
2,dining_room    ,0.0707677155733
3,kitchen        ,0.0541102737188
4,home_office    ,0.0536714978516
