,scene_name,probs
0,reception_room ,0.731592595577
1,study          ,0.072228319943
2,office_kitchen ,0.0582853294909
3,office         ,0.0433211438358
4,kitchen        ,0.0295691043139
