,scene_name,probs
0,dining_room    ,0.387467890978
1,living_room    ,0.259280622005
2,kitchen        ,0.183475166559
3,bookstore      ,0.0990681275725
4,furniture_store,0.024234412238
