,scene_name,probs
0,office_kitchen ,0.947096168995
1,reception_room ,0.0435325503349
2,bathroom       ,0.00565871130675
3,kitchen        ,0.00115413987078
4,office         ,0.000812356360257
