,scene_name,probs
0,bookstore      ,0.433373957872
1,playroom       ,0.271951168776
2,classroom      ,0.237353637815
3,study          ,0.0188543871045
4,home_office    ,0.0171797312796
