,scene_name,probs
0,bedroom        ,0.703791320324
1,office_kitchen ,0.0954387933016
2,home_office    ,0.0541980303824
3,living_room    ,0.0290558077395
4,office         ,0.0272444859147
