,scene_name,probs
0,bookstore      ,0.956027746201
1,furniture_store,0.0380813293159
2,classroom      ,0.00304510840215
3,reception_room ,0.00122415239457
4,playroom       ,0.00072488799924
