,scene_name,probs
0,bedroom        ,0.842535674572
1,bathroom       ,0.130945324898
2,living_room    ,0.0112708732486
3,kitchen        ,0.0100272046402
4,study          ,0.00204370589927
