,scene_name,probs
0,furniture_store,0.89476788044
1,bookstore      ,0.082309409976
2,study          ,0.00387360760942
3,reception_room ,0.00358121027239
4,office         ,0.00352912349626
