,scene_name,probs
0,reception_room ,0.723362386227
1,kitchen        ,0.0619268901646
2,living_room    ,0.0511968694627
3,study          ,0.0344813652337
4,office_kitchen ,0.027549309656
