,scene_name,probs
0,playroom       ,0.488912552595
1,bedroom        ,0.336697876453
2,living_room    ,0.107579991221
3,dining_room    ,0.0229973495007
4,bathroom       ,0.0104526970536
