,scene_name,probs
0,bathroom       ,0.660323441029
1,office         ,0.148619532585
2,bedroom        ,0.0935753360391
3,office_kitchen ,0.0424588061869
4,kitchen        ,0.0231155399233
