,scene_name,probs
0,furniture_store,0.969008505344
1,office         ,0.0201108437032
2,bookstore      ,0.00531419133767
3,reception_room ,0.00153080816381
4,dining_room    ,0.00131851958577
