,scene_name,probs
0,bedroom        ,0.833510160446
1,living_room    ,0.0648004859686
2,playroom       ,0.0419366918504
3,home_office    ,0.0302352048457
4,office         ,0.00917229335755
