,scene_name,probs
0,office         ,0.862272977829
1,classroom      ,0.0730905607343
2,bedroom        ,0.0266946647316
3,home_office    ,0.0101014813408
4,bookstore      ,0.0094740325585
