,scene_name,probs
0,reception_room ,0.835384607315
1,furniture_store,0.0990230068564
2,office_kitchen ,0.015614585951
3,office         ,0.0137128867209
4,kitchen        ,0.0100830970332
