,scene_name,probs
0,bookstore      ,0.678541600704
1,kitchen        ,0.138027235866
2,dining_room    ,0.0805577859282
3,living_room    ,0.0454452335835
4,office         ,0.0305833164603
