,scene_name,probs
0,kitchen        ,0.325811356306
1,office         ,0.200769394636
2,living_room    ,0.1432787925
3,dining_room    ,0.135536119342
4,bathroom       ,0.122918307781
