,scene_name,probs
0,home_office    ,0.796007931232
1,playroom       ,0.0965633392334
2,study          ,0.0784406661987
3,classroom      ,0.0107865100726
4,living_room    ,0.00430278806016
