,scene_name,probs
0,study          ,0.810195803642
1,home_office    ,0.0623467452824
2,reception_room ,0.0389030128717
3,playroom       ,0.0256392229348
4,furniture_store,0.0221354886889
