,scene_name,probs
0,study          ,0.587238430977
1,home_office    ,0.387077569962
2,playroom       ,0.0176588762552
3,bedroom        ,0.00584038719535
4,living_room    ,0.00077029352542
