,scene_name,probs
0,bathroom       ,0.935718297958
1,office_kitchen ,0.0266747921705
2,office         ,0.0123874368146
3,kitchen        ,0.00718975719064
4,dining_room    ,0.00608715135604
