,scene_name,probs
0,study          ,0.794942140579
1,playroom       ,0.0842633545399
2,home_office    ,0.0745032131672
3,reception_room ,0.0120590301231
4,bedroom        ,0.0109210042283
