,scene_name,probs
0,study          ,0.833808660507
1,reception_room ,0.0390254594386
2,home_office    ,0.0348074920475
3,playroom       ,0.0333082415164
4,office_kitchen ,0.0309828501195
