,scene_name,probs
0,bedroom        ,0.592874526978
1,office_kitchen ,0.122487172484
2,living_room    ,0.0839689075947
3,kitchen        ,0.068835310638
4,office         ,0.0361158289015
