,scene_name,probs
0,bookstore      ,0.596399366856
1,office         ,0.207965105772
2,kitchen        ,0.0538782887161
3,furniture_store,0.0412711463869
4,study          ,0.0191258564591
