,scene_name,probs
0,bedroom        ,0.761493682861
1,living_room    ,0.0897909775376
2,home_office    ,0.0806797146797
3,playroom       ,0.0327616482973
4,dining_room    ,0.00799506343901
