,scene_name,probs
0,bedroom        ,0.582182347775
1,living_room    ,0.216240465641
2,playroom       ,0.071177251637
3,home_office    ,0.0579944811761
4,dining_room    ,0.0303894206882
