,scene_name,probs
0,bookstore      ,0.731552064419
1,classroom      ,0.142635151744
2,living_room    ,0.0301433224231
3,playroom       ,0.0286706052721
4,office         ,0.0249857492745
