,scene_name,probs
0,bookstore      ,0.783908545971
1,classroom      ,0.143395036459
2,furniture_store,0.0318133980036
3,office         ,0.012512232177
4,kitchen        ,0.00726290279999
