,scene_name,probs
0,study          ,0.40560990572
1,playroom       ,0.120507910848
2,bedroom        ,0.0856007486582
3,bathroom       ,0.0803297162056
4,reception_room ,0.0748049989343
