,scene_name,probs
0,classroom      ,0.97675460577
1,bookstore      ,0.0123945437372
2,office         ,0.00323477946222
3,home_office    ,0.00238814251497
4,playroom       ,0.00156310759485
