,scene_name,probs
0,office_kitchen ,0.908824563026
1,reception_room ,0.0432589016855
2,office         ,0.0111214071512
3,playroom       ,0.00995631888509
4,bedroom        ,0.0077765090391
