,scene_name,probs
0,dining_room    ,0.301650226116
1,living_room    ,0.238874509931
2,bathroom       ,0.226136103272
3,kitchen        ,0.106025785208
4,bedroom        ,0.0486821644008
