,scene_name,probs
0,office         ,0.469032138586
1,furniture_store,0.129346728325
2,dining_room    ,0.092248044908
3,bookstore      ,0.0903574228287
4,playroom       ,0.0851475968957
