,scene_name,probs
0,bathroom       ,0.293455511332
1,dining_room    ,0.2606510818
2,kitchen        ,0.144374907017
3,office         ,0.0845790430903
4,living_room    ,0.0746836587787
