,scene_name,probs
0,dining_room    ,0.698357582092
1,home_office    ,0.0793909281492
2,living_room    ,0.0516742281616
3,study          ,0.0436312220991
4,office         ,0.0258482415229
