,scene_name,probs
0,playroom       ,0.383364856243
1,reception_room ,0.37038230896
2,study          ,0.077195353806
3,office_kitchen ,0.0683275237679
4,home_office    ,0.0489753931761
