,scene_name,probs
0,bedroom        ,0.393044382334
1,office         ,0.327499270439
2,living_room    ,0.0939045026898
3,kitchen        ,0.0511897578835
4,classroom      ,0.043981179595
