,scene_name,probs
0,bathroom       ,0.835576236248
1,office_kitchen ,0.09868157655
2,bedroom        ,0.0431594848633
3,kitchen        ,0.00709993951023
4,office         ,0.0060147116892
