,scene_name,probs
0,office         ,0.228724047542
1,reception_room ,0.214803516865
2,office_kitchen ,0.164017856121
3,furniture_store,0.108803831041
4,study          ,0.0684215277433
