,scene_name,probs
0,dining_room    ,0.706101119518
1,home_office    ,0.113676309586
2,living_room    ,0.0525019615889
3,bathroom       ,0.0411275215447
4,study          ,0.0389815568924
