,scene_name,probs
0,furniture_store,0.535847663879
1,office         ,0.284778922796
2,dining_room    ,0.051707290113
3,reception_room ,0.0409676842391
4,office_kitchen ,0.0269290637225
