,scene_name,probs
0,study          ,0.488967448473
1,reception_room ,0.211017504334
2,furniture_store,0.172178834677
3,playroom       ,0.0638521537185
4,bookstore      ,0.0281929392368
