,scene_name,probs
0,classroom      ,0.96151548624
1,playroom       ,0.0220978446305
2,bookstore      ,0.00609763991088
3,home_office    ,0.00427654478699
4,office         ,0.003618379822
