,scene_name,probs
0,reception_room ,0.231842011213
1,living_room    ,0.185083329678
2,playroom       ,0.179454773664
3,office         ,0.0968148112297
4,kitchen        ,0.0702141597867
