,scene_name,probs
0,playroom       ,0.280907809734
1,bedroom        ,0.207326561213
2,office         ,0.154454052448
3,classroom      ,0.128996253014
4,living_room    ,0.119515657425
