,scene_name,probs
0,reception_room ,0.903703808784
1,furniture_store,0.017115380615
2,study          ,0.0144651699811
3,kitchen        ,0.0138264624402
4,office_kitchen ,0.0114829838276
