,scene_name,probs
0,study          ,0.287515729666
1,playroom       ,0.230884388089
2,office         ,0.204350799322
3,home_office    ,0.09482126683
4,reception_room ,0.0597102828324
