,scene_name,probs
0,home_office    ,0.937118649483
1,study          ,0.0229934360832
2,bedroom        ,0.0140155032277
3,living_room    ,0.00740034459159
4,kitchen        ,0.00497810961679
