,scene_name,probs
0,kitchen        ,0.904573440552
1,reception_room ,0.0259119458497
2,living_room    ,0.02206902951
3,dining_room    ,0.0184412095696
4,bookstore      ,0.0100054889917
