,scene_name,probs
0,office_kitchen ,0.938694655895
1,bathroom       ,0.0238816775382
2,reception_room ,0.0180354695767
3,playroom       ,0.00582763692364
4,kitchen        ,0.00507078086957
