,scene_name,probs
0,bedroom        ,0.978265404701
1,living_room    ,0.0101303923875
2,home_office    ,0.00511689623818
3,playroom       ,0.0022572982125
4,kitchen        ,0.00148847699165
