,scene_name,probs
0,study          ,0.94017803669
1,home_office    ,0.0420209169388
2,reception_room ,0.00749730784446
3,playroom       ,0.00665482552722
4,bathroom       ,0.00116473482922
