,scene_name,probs
0,playroom       ,0.314367234707
1,study          ,0.260104268789
2,home_office    ,0.143864706159
3,reception_room ,0.0978971719742
4,office_kitchen ,0.0686729848385
