,scene_name,probs
0,home_office    ,0.420255988836
1,classroom      ,0.165418818593
2,study          ,0.131879106164
3,playroom       ,0.130833491683
4,reception_room ,0.0455438569188
