,scene_name,probs
0,playroom       ,0.776835978031
1,bedroom        ,0.0570118017495
2,classroom      ,0.051642999053
3,office         ,0.0442668832839
4,living_room    ,0.0224984381348
