,scene_name,probs
0,reception_room ,0.710301101208
1,kitchen        ,0.0481714233756
2,office         ,0.0433659479022
3,office_kitchen ,0.0397519282997
4,playroom       ,0.0279506687075
