,scene_name,probs
0,home_office    ,0.612317323685
1,study          ,0.290992677212
2,kitchen        ,0.0204274561256
3,playroom       ,0.0181275233626
4,living_room    ,0.0146075515077
