,scene_name,probs
0,home_office    ,0.482384175062
1,living_room    ,0.223083436489
2,dining_room    ,0.0906808748841
3,bedroom        ,0.0685831531882
4,study          ,0.0438820682466
