,scene_name,probs
0,kitchen        ,0.425924390554
1,living_room    ,0.162628978491
2,office         ,0.114340223372
3,dining_room    ,0.108923241496
4,bedroom        ,0.0801363438368
