,scene_name,probs
0,office         ,0.272588759661
1,classroom      ,0.178576603532
2,dining_room    ,0.12579202652
3,kitchen        ,0.109773777425
4,living_room    ,0.0968137234449
