,scene_name,probs
0,furniture_store,0.728097081184
1,bookstore      ,0.106846131384
2,playroom       ,0.0380672216415
3,reception_room ,0.0349342115223
4,office         ,0.0269495565444
