,scene_name,probs
0,living_room    ,0.473091721535
1,dining_room    ,0.184559747577
2,home_office    ,0.0979631096125
3,office         ,0.0540691278875
4,bedroom        ,0.0484209172428
