,scene_name,probs
0,kitchen        ,0.274113953114
1,reception_room ,0.189706653357
2,dining_room    ,0.0874764323235
3,living_room    ,0.080269753933
4,office         ,0.0781339630485
