,scene_name,probs
0,bedroom        ,0.459914147854
1,office         ,0.24746465683
2,home_office    ,0.0829902663827
3,living_room    ,0.0585436448455
4,playroom       ,0.0414624810219
