,scene_name,probs
0,home_office    ,0.172243788838
1,office         ,0.161632850766
2,kitchen        ,0.140511140227
3,bookstore      ,0.118074066937
4,classroom      ,0.112228386104
