,scene_name,probs
0,bedroom        ,0.46505188942
1,living_room    ,0.419486790895
2,dining_room    ,0.0347982719541
3,playroom       ,0.0292568262666
4,home_office    ,0.0153833525255
