,scene_name,probs
0,playroom       ,0.503108799458
1,classroom      ,0.121166080236
2,study          ,0.111167386174
3,home_office    ,0.0948090180755
4,bookstore      ,0.0338146574795
