,scene_name,probs
0,study          ,0.289396643639
1,living_room    ,0.213904127479
2,playroom       ,0.133269533515
3,office         ,0.115464739501
4,bedroom        ,0.100469075143
