,scene_name,probs
0,living_room    ,0.236140444875
1,office         ,0.166358277202
2,bedroom        ,0.13076685369
3,kitchen        ,0.10410707444
4,classroom      ,0.0908978134394
