,scene_name,probs
0,bedroom        ,0.281532198191
1,living_room    ,0.26747906208
2,bathroom       ,0.183572113514
3,kitchen        ,0.172728821635
4,dining_room    ,0.0361174382269
