,scene_name,probs
0,dining_room    ,0.722060501575
1,bathroom       ,0.0671064555645
2,kitchen        ,0.058239646256
3,bookstore      ,0.0423691831529
4,home_office    ,0.0355811417103
