,scene_name,probs
0,living_room    ,0.347702801228
1,bedroom        ,0.281954705715
2,office         ,0.262951493263
3,kitchen        ,0.0508282072842
4,playroom       ,0.0156774800271
