,scene_name,probs
0,classroom      ,0.558642983437
1,playroom       ,0.318412035704
2,bedroom        ,0.0471667870879
3,office         ,0.0321359485388
4,home_office    ,0.012965163216
