,scene_name,probs
0,office         ,0.892622768879
1,living_room    ,0.0312474202365
2,home_office    ,0.0198861863464
3,bedroom        ,0.0146144805476
4,classroom      ,0.01125810761
