,scene_name,probs
0,bathroom       ,0.522213995457
1,office_kitchen ,0.088235206902
2,study          ,0.0877749025822
3,office         ,0.0808819830418
4,reception_room ,0.0743470266461
