,scene_name,probs
0,furniture_store,0.92707246542
1,bookstore      ,0.0411055311561
2,office         ,0.0139812314883
3,kitchen        ,0.00422682287171
4,dining_room    ,0.00370999798179
