,scene_name,probs
0,furniture_store,0.942726969719
1,bookstore      ,0.0176209583879
2,dining_room    ,0.014436471276
3,kitchen        ,0.00820923503488
4,living_room    ,0.00575622916222
