,scene_name,probs
0,classroom      ,0.963628172874
1,playroom       ,0.0108371935785
2,bedroom        ,0.0100971236825
3,office         ,0.00827138870955
4,office_kitchen ,0.00262433476746
