,scene_name,probs
0,furniture_store,0.895713984966
1,reception_room ,0.0750939399004
2,bookstore      ,0.0119809936732
3,study          ,0.00922391284257
4,office         ,0.00407742476091
