,scene_name,probs
0,bathroom       ,0.730620384216
1,kitchen        ,0.156521722674
2,bedroom        ,0.0621153153479
3,living_room    ,0.0169888101518
4,office         ,0.0142979500815
