,scene_name,probs
0,bookstore      ,0.9728936553
1,furniture_store,0.0080295605585
2,office         ,0.00667259143665
3,classroom      ,0.00449157739058
4,kitchen        ,0.00287892483175
