,scene_name,probs
0,furniture_store,0.797952890396
1,bookstore      ,0.119551487267
2,study          ,0.0165431462228
3,playroom       ,0.0123567432165
4,dining_room    ,0.0110144270584
