,scene_name,probs
0,furniture_store,0.705991327763
1,bookstore      ,0.247263222933
2,classroom      ,0.0187694206834
3,reception_room ,0.0116332303733
4,office         ,0.00637316890061
