,scene_name,probs
0,bedroom        ,0.889696657658
1,living_room    ,0.0629032701254
2,playroom       ,0.0353134684265
3,study          ,0.00318481191061
4,office         ,0.00301306555048
