,scene_name,probs
0,bedroom        ,0.779331684113
1,living_room    ,0.0890011787415
2,playroom       ,0.0361187122762
3,office         ,0.0223212335259
4,kitchen        ,0.0207244995981
