,scene_name,probs
0,kitchen        ,0.418432146311
1,living_room    ,0.196914002299
2,study          ,0.182053998113
3,dining_room    ,0.0729064568877
4,bathroom       ,0.0431323833764
