,scene_name,probs
0,kitchen        ,0.420849770308
1,dining_room    ,0.171750411391
2,classroom      ,0.134872689843
3,living_room    ,0.067425198853
4,furniture_store,0.0620769411325
