,scene_name,probs
0,furniture_store,0.496798574924
1,bookstore      ,0.175275683403
2,reception_room ,0.151479199529
3,study          ,0.0993593335152
4,playroom       ,0.0367441698909
