,scene_name,probs
0,bathroom       ,0.343621343374
1,dining_room    ,0.319436848164
2,kitchen        ,0.0932242199779
3,home_office    ,0.0829540118575
4,bedroom        ,0.074482537806
