,scene_name,probs
0,playroom       ,0.309531360865
1,home_office    ,0.265242308378
2,office_kitchen ,0.096220433712
3,classroom      ,0.070941105485
4,office         ,0.0695994719863
