,scene_name,probs
0,living_room    ,0.428994357586
1,kitchen        ,0.161629751325
2,dining_room    ,0.152407571673
3,bathroom       ,0.13943490386
4,office         ,0.0429765731096
