,scene_name,probs
0,bookstore      ,0.98996758461
1,furniture_store,0.00599832413718
2,classroom      ,0.00143983925227
3,office         ,0.00124461157247
4,kitchen        ,0.000646514527034
