,scene_name,probs
0,study          ,0.614096820354
1,home_office    ,0.224509000778
2,bedroom        ,0.109213829041
3,playroom       ,0.0372170619667
4,bathroom       ,0.00630072876811
