,scene_name,probs
0,bedroom        ,0.885610580444
1,living_room    ,0.0389039330184
2,kitchen        ,0.0295267086476
3,bathroom       ,0.0200120974332
4,office         ,0.00852032657713
