,scene_name,probs
0,bedroom        ,0.942057847977
1,living_room    ,0.0330401323736
2,bathroom       ,0.0117215830833
3,playroom       ,0.00521538592875
4,kitchen        ,0.00229016668163
