,scene_name,probs
0,bedroom        ,0.526989102364
1,home_office    ,0.21317191422
2,study          ,0.131228551269
3,living_room    ,0.0410548895597
4,bathroom       ,0.0264180824161
