,scene_name,probs
0,bathroom       ,0.970407068729
1,kitchen        ,0.0130279520527
2,bedroom        ,0.00599878141657
3,study          ,0.00414151838049
4,office         ,0.00125876092352
