,scene_name,probs
0,bookstore      ,0.855699241161
1,furniture_store,0.0691427886486
2,kitchen        ,0.0373084917665
3,dining_room    ,0.0157685242593
4,reception_room ,0.00711162434891
