,scene_name,probs
0,bedroom        ,0.606070101261
1,office         ,0.175404638052
2,kitchen        ,0.0758602768183
3,living_room    ,0.0579426698387
4,bathroom       ,0.0515208877623
