,scene_name,probs
0,classroom      ,0.576332509518
1,living_room    ,0.123288169503
2,bedroom        ,0.0808998793364
3,office         ,0.0692879855633
4,playroom       ,0.0674066022038
