,scene_name,probs
0,living_room    ,0.260812878609
1,bedroom        ,0.200923711061
2,classroom      ,0.175000071526
3,playroom       ,0.116656750441
4,kitchen        ,0.103416375816
