,scene_name,probs
0,dining_room    ,0.230593532324
1,kitchen        ,0.224914267659
2,bedroom        ,0.133505806327
3,bathroom       ,0.114626660943
4,living_room    ,0.102988906205
