,scene_name,probs
0,kitchen        ,0.699781775475
1,bathroom       ,0.089606128633
2,bedroom        ,0.0672228634357
3,dining_room    ,0.0611075386405
4,living_room    ,0.0562458559871
