,scene_name,probs
0,living_room    ,0.49401652813
1,office         ,0.141181021929
2,bedroom        ,0.0835222378373
3,playroom       ,0.0596421435475
4,bookstore      ,0.0561291649938
