,scene_name,probs
0,office_kitchen ,0.975758910179
1,bathroom       ,0.00636003818363
2,reception_room ,0.00634088506922
3,playroom       ,0.00246738479473
4,kitchen        ,0.00219230540097
