,scene_name,probs
0,bathroom       ,0.595513701439
1,bedroom        ,0.157449409366
2,dining_room    ,0.0737473443151
3,kitchen        ,0.0688620582223
4,living_room    ,0.0540593117476
