,scene_name,probs
0,home_office    ,0.39136967063
1,study          ,0.278952270746
2,reception_room ,0.111495085061
3,playroom       ,0.10007815063
4,bookstore      ,0.0443157963455
