,scene_name,probs
0,kitchen        ,0.727143883705
1,dining_room    ,0.163230448961
2,living_room    ,0.0398185439408
3,bathroom       ,0.021749606356
4,furniture_store,0.0180038753897
