,scene_name,probs
0,home_office    ,0.77025949955
1,playroom       ,0.0807049497962
2,living_room    ,0.0529529303312
3,classroom      ,0.034398637712
4,bedroom        ,0.0229766815901
