,scene_name,probs
0,office         ,0.899452388287
1,bedroom        ,0.0349676571786
2,living_room    ,0.0243045501411
3,home_office    ,0.00810187123716
4,classroom      ,0.00619317824021
