,scene_name,probs
0,bedroom        ,0.466314136982
1,living_room    ,0.159145578742
2,bathroom       ,0.126178964972
3,study          ,0.103790208697
4,home_office    ,0.0556152462959
