,scene_name,probs
0,bathroom       ,0.820859670639
1,bedroom        ,0.0712568461895
2,kitchen        ,0.0471323169768
3,office         ,0.0261673629284
4,living_room    ,0.0211386661977
