,scene_name,probs
0,living_room    ,0.246716037393
1,dining_room    ,0.137186005712
2,kitchen        ,0.132744878531
3,office         ,0.121115006506
4,bathroom       ,0.109424747527
