,scene_name,probs
0,bathroom       ,0.934605717659
1,office_kitchen ,0.0333185605705
2,dining_room    ,0.0102842571214
3,kitchen        ,0.00652365665883
4,reception_room ,0.00428220443428
