,scene_name,probs
0,bedroom        ,0.959475278854
1,bathroom       ,0.0161563940346
2,living_room    ,0.00750811677426
3,office         ,0.00642244610935
4,playroom       ,0.00479023298249
