,scene_name,probs
0,reception_room ,0.391512870789
1,office_kitchen ,0.374224662781
2,study          ,0.0637301653624
3,playroom       ,0.0614220574498
4,office         ,0.0325477421284
