,scene_name,probs
0,classroom      ,0.91768014431
1,bookstore      ,0.0297403149307
2,home_office    ,0.0263309832662
3,playroom       ,0.0135918706656
4,office         ,0.00328477052972
