,scene_name,probs
0,bathroom       ,0.977257788181
1,kitchen        ,0.00538121862337
2,bedroom        ,0.00512257171795
3,office_kitchen ,0.00412198295817
4,dining_room    ,0.00315816048533
