,scene_name,probs
0,living_room    ,0.641544997692
1,bedroom        ,0.119515143335
2,dining_room    ,0.0896687507629
3,kitchen        ,0.0441219098866
4,office         ,0.0402483418584
