,scene_name,probs
0,home_office    ,0.934184134007
1,study          ,0.0230513960123
2,bedroom        ,0.0114209745079
3,living_room    ,0.00874047819525
4,kitchen        ,0.00842569675297
