,scene_name,probs
0,kitchen        ,0.365071326494
1,bathroom       ,0.359761446714
2,living_room    ,0.0643720924854
3,reception_room ,0.0621808581054
4,dining_room    ,0.0425635352731
