,scene_name,probs
0,office         ,0.848661243916
1,furniture_store,0.0795095041394
2,living_room    ,0.0396466478705
3,classroom      ,0.00892972480506
4,bookstore      ,0.00805189181119
