,scene_name,probs
0,office_kitchen ,0.743322610855
1,reception_room ,0.155175074935
2,playroom       ,0.0408138595521
3,study          ,0.0160808134824
4,classroom      ,0.0111141037196
