,scene_name,probs
0,reception_room ,0.658700346947
1,study          ,0.20288990438
2,office_kitchen ,0.0639382004738
3,home_office    ,0.0377241782844
4,playroom       ,0.0109188389033
