,scene_name,probs
0,bookstore      ,0.473842978477
1,reception_room ,0.292751789093
2,furniture_store,0.162966609001
3,classroom      ,0.0200876425952
4,study          ,0.0120168253779
