,scene_name,probs
0,office_kitchen ,0.937642037868
1,reception_room ,0.0258803125471
2,playroom       ,0.0107493856922
3,study          ,0.00811808276922
4,bathroom       ,0.00660948781297
