,scene_name,probs
0,furniture_store,0.913045763969
1,dining_room    ,0.0309052783996
2,bookstore      ,0.03038158454
3,living_room    ,0.00689000962302
4,office         ,0.00539055699483
