,scene_name,probs
0,living_room    ,0.462208390236
1,kitchen        ,0.237578988075
2,dining_room    ,0.0762570649385
3,reception_room ,0.064450673759
4,bookstore      ,0.0410138778389
