,scene_name,probs
0,office_kitchen ,0.262359589338
1,bedroom        ,0.259604990482
2,office         ,0.24933566153
3,kitchen        ,0.0432480834424
4,classroom      ,0.0418374761939
