,scene_name,probs
0,office_kitchen ,0.518407762051
1,bedroom        ,0.189832776785
2,office         ,0.173311769962
3,reception_room ,0.0310377776623
4,bathroom       ,0.0276102721691
