,scene_name,probs
0,furniture_store,0.5163449049
1,bookstore      ,0.332486480474
2,office         ,0.0506230033934
3,kitchen        ,0.0443749055266
4,living_room    ,0.0251593720168
