,scene_name,probs
0,bathroom       ,0.952874958515
1,bedroom        ,0.0109410928562
2,study          ,0.00884297676384
3,kitchen        ,0.00880798418075
4,dining_room    ,0.00877193082124
