,scene_name,probs
0,dining_room    ,0.515389859676
1,bathroom       ,0.22335767746
2,kitchen        ,0.108766071498
3,reception_room ,0.0581425353885
4,living_room    ,0.0454380996525
