,scene_name,probs
0,reception_room ,0.679505228996
1,dining_room    ,0.0919594988227
2,office_kitchen ,0.0504443868995
3,kitchen        ,0.0480963326991
4,bathroom       ,0.0372149981558
