,scene_name,probs
0,bedroom        ,0.747092306614
1,living_room    ,0.1467140764
2,playroom       ,0.0632587820292
3,kitchen        ,0.00889005605131
4,office         ,0.00695166923106
