,scene_name,probs
0,classroom      ,0.505249023438
1,home_office    ,0.273853033781
2,reception_room ,0.0899401679635
3,playroom       ,0.0455407425761
4,bookstore      ,0.0408067703247
