,scene_name,probs
0,bookstore      ,0.981560587883
1,furniture_store,0.0118085034192
2,classroom      ,0.00202946085483
3,office         ,0.00162312423345
4,kitchen        ,0.00116994697601
