,scene_name,probs
0,reception_room ,0.280392169952
1,bathroom       ,0.235515490174
2,dining_room    ,0.197081714869
3,furniture_store,0.0732398182154
4,kitchen        ,0.0669707506895
