,scene_name,probs
0,furniture_store,0.939489841461
1,bookstore      ,0.0454513430595
2,reception_room ,0.00464848801494
3,kitchen        ,0.00418080529198
4,dining_room    ,0.00190824875608
