,scene_name,probs
0,dining_room    ,0.804820120335
1,furniture_store,0.0391346588731
2,kitchen        ,0.0375886783004
3,reception_room ,0.0264254622161
4,living_room    ,0.0259788464755
