,scene_name,probs
0,bedroom        ,0.975728571415
1,living_room    ,0.0104684727266
2,bathroom       ,0.00491880113259
3,playroom       ,0.00340269063599
4,kitchen        ,0.00220969994552
