,scene_name,probs
0,home_office    ,0.916549861431
1,study          ,0.0425237566233
2,living_room    ,0.0134934009984
3,kitchen        ,0.00524908164516
4,dining_room    ,0.00467855576426
