,scene_name,probs
0,dining_room    ,0.364970654249
1,living_room    ,0.197043776512
2,office         ,0.160984516144
3,bedroom        ,0.0658540353179
4,kitchen        ,0.0645069181919
