,scene_name,probs
0,office         ,0.901646673679
1,living_room    ,0.0374333709478
2,furniture_store,0.0234011169523
3,bedroom        ,0.00976919103414
4,playroom       ,0.00689174793661
