,scene_name,probs
0,classroom      ,0.880909860134
1,bookstore      ,0.0697213858366
2,home_office    ,0.0278233680874
3,office         ,0.00810119044036
4,reception_room ,0.00591119425371
