,scene_name,probs
0,home_office    ,0.785245418549
1,study          ,0.0455817133188
2,bedroom        ,0.0400768369436
3,kitchen        ,0.0397964827716
4,living_room    ,0.0328222475946
