,scene_name,probs
0,living_room    ,0.501730680466
1,office         ,0.131035238504
2,dining_room    ,0.111796975136
3,kitchen        ,0.0712799727917
4,bedroom        ,0.062708593905
