,scene_name,probs
0,kitchen        ,0.287651598454
1,bedroom        ,0.213182151318
2,office         ,0.139979124069
3,living_room    ,0.135784015059
4,bathroom       ,0.122457899153
