,scene_name,probs
0,kitchen        ,0.355487108231
1,dining_room    ,0.266862481833
2,living_room    ,0.168748930097
3,bedroom        ,0.0768512710929
4,office         ,0.0467118546367
