,scene_name,probs
0,study          ,0.251002460718
1,living_room    ,0.245738565922
2,dining_room    ,0.229956105351
3,home_office    ,0.0998268201947
4,playroom       ,0.0652142614126
