,scene_name,probs
0,bathroom       ,0.59830737114
1,office         ,0.105658724904
2,study          ,0.0990894436836
3,bedroom        ,0.0794944539666
4,office_kitchen ,0.0449644178152
