,scene_name,probs
0,kitchen        ,0.428608417511
1,dining_room    ,0.145383968949
2,office_kitchen ,0.0986141785979
3,classroom      ,0.0959329083562
4,reception_room ,0.0750264823437
