,scene_name,probs
0,bedroom        ,0.448904007673
1,living_room    ,0.337995797396
2,dining_room    ,0.0659380629659
3,home_office    ,0.0445020161569
4,playroom       ,0.0320103913546
