,scene_name,probs
0,home_office    ,0.611507177353
1,classroom      ,0.128571033478
2,office         ,0.072660908103
3,playroom       ,0.0668371170759
4,bedroom        ,0.0434610880911
