,scene_name,probs
0,bookstore      ,0.883712589741
1,classroom      ,0.0394688099623
2,playroom       ,0.0287769492716
3,furniture_store,0.0231513790786
4,study          ,0.0107745984569
