,scene_name,probs
0,classroom      ,0.935262799263
1,playroom       ,0.0167473778129
2,bedroom        ,0.0154743008316
3,living_room    ,0.00654140813276
4,home_office    ,0.00647123809904
