,scene_name,probs
0,bookstore      ,0.814248502254
1,furniture_store,0.0651980191469
2,classroom      ,0.0523192286491
3,playroom       ,0.0354722440243
4,reception_room ,0.0111649846658
