,scene_name,probs
0,bedroom        ,0.970430195332
1,living_room    ,0.0145216081291
2,home_office    ,0.00458693457767
3,playroom       ,0.00442736456171
4,study          ,0.00242102285847
