,scene_name,probs
0,office         ,0.536623299122
1,bedroom        ,0.159886747599
2,playroom       ,0.0650059580803
3,living_room    ,0.0586414113641
4,kitchen        ,0.0367751047015
