,scene_name,probs
0,classroom      ,0.242441892624
1,office         ,0.154662519693
2,home_office    ,0.146386966109
3,kitchen        ,0.14195664227
4,reception_room ,0.086735881865
