,scene_name,probs
0,furniture_store,0.479574024677
1,bookstore      ,0.377683490515
2,reception_room ,0.0879460945725
3,study          ,0.0141439866275
4,classroom      ,0.0100081451237
