,scene_name,probs
0,home_office    ,0.435394257307
1,study          ,0.275133013725
2,kitchen        ,0.0751872435212
3,office         ,0.0644549578428
4,bedroom        ,0.0412310883403
