,scene_name,probs
0,home_office    ,0.785003066063
1,bedroom        ,0.115214973688
2,study          ,0.0435571856797
3,living_room    ,0.0277840606868
4,playroom       ,0.0168482363224
