,scene_name,probs
0,office         ,0.618081271648
1,classroom      ,0.124121025205
2,home_office    ,0.0619582645595
3,bedroom        ,0.0509293526411
4,living_room    ,0.0403695479035
