,scene_name,probs
0,kitchen        ,0.281378895044
1,bedroom        ,0.248804718256
2,living_room    ,0.17331622541
3,study          ,0.108528114855
4,office         ,0.066583134234
