,scene_name,probs
0,home_office    ,0.497167050838
1,study          ,0.200860410929
2,playroom       ,0.144891709089
3,reception_room ,0.0651651024818
4,classroom      ,0.0453070886433
