,scene_name,probs
0,bookstore      ,0.943097472191
1,kitchen        ,0.0169273689389
2,classroom      ,0.0119725130498
3,living_room    ,0.00963605660945
4,furniture_store,0.00414377590641
