,scene_name,probs
0,home_office    ,0.516713917255
1,study          ,0.424214929342
2,playroom       ,0.0225302185863
3,bedroom        ,0.0122297257185
4,dining_room    ,0.00972286332399
