,scene_name,probs
0,living_room    ,0.253089696169
1,bathroom       ,0.22704590857
2,dining_room    ,0.178550586104
3,bedroom        ,0.170273587108
4,kitchen        ,0.10900568217
