,scene_name,probs
0,dining_room    ,0.383962333202
1,living_room    ,0.248582497239
2,kitchen        ,0.157257348299
3,home_office    ,0.0735019147396
4,office         ,0.0493971928954
