,scene_name,probs
0,reception_room ,0.697933316231
1,kitchen        ,0.0722339823842
2,office_kitchen ,0.0459411144257
3,living_room    ,0.0451519563794
4,bathroom       ,0.0356458835304
