,scene_name,probs
0,bathroom       ,0.60955530405
1,kitchen        ,0.156306937337
2,living_room    ,0.0968690812588
3,bedroom        ,0.0628122091293
4,dining_room    ,0.0393887832761
