,scene_name,probs
0,furniture_store,0.949966073036
1,bookstore      ,0.0328602232039
2,kitchen        ,0.00692614400759
3,reception_room ,0.00349749531597
4,office         ,0.00296726683155
