,scene_name,probs
0,furniture_store,0.960979938507
1,bookstore      ,0.0299106482416
2,reception_room ,0.00307202688418
3,dining_room    ,0.00180587137584
4,kitchen        ,0.00153942219913
