,scene_name,probs
0,bathroom       ,0.882709026337
1,kitchen        ,0.0443315766752
2,office         ,0.0248258709908
3,dining_room    ,0.0133240846917
4,study          ,0.0106375711039
