,scene_name,probs
0,study          ,0.294365614653
1,playroom       ,0.223811239004
2,office         ,0.142463088036
3,home_office    ,0.103298984468
4,reception_room ,0.0686375647783
