,scene_name,probs
0,bathroom       ,0.62856221199
1,kitchen        ,0.273135483265
2,office_kitchen ,0.0380635373294
3,reception_room ,0.0182514451444
4,bedroom        ,0.0124386558309
