,scene_name,probs
0,study          ,0.868177950382
1,home_office    ,0.0538006424904
2,reception_room ,0.0396255664527
3,playroom       ,0.0241345912218
4,dining_room    ,0.00449964497238
