,scene_name,probs
0,bedroom        ,0.706691384315
1,office         ,0.160143688321
2,living_room    ,0.0943819284439
3,playroom       ,0.0221230238676
4,home_office    ,0.00693839043379
