,scene_name,probs
0,classroom      ,0.889886140823
1,bookstore      ,0.0767306163907
2,office         ,0.0106971636415
3,kitchen        ,0.00606058677658
4,home_office    ,0.00499680964276
