,scene_name,probs
0,classroom      ,0.434956967831
1,office_kitchen ,0.211069464684
2,office         ,0.111507721245
3,home_office    ,0.0682213678956
4,kitchen        ,0.049463968724
