,scene_name,probs
0,dining_room    ,0.469365864992
1,kitchen        ,0.280771017075
2,living_room    ,0.0730679556727
3,home_office    ,0.0559831745923
4,study          ,0.0377251729369
