,scene_name,probs
0,office         ,0.776806175709
1,kitchen        ,0.0943042784929
2,bookstore      ,0.0502888411283
3,living_room    ,0.0288104303181
4,home_office    ,0.0202533323318
