,scene_name,probs
0,office         ,0.73853713274
1,living_room    ,0.0813779979944
2,bathroom       ,0.0541292689741
3,bedroom        ,0.0334720760584
4,kitchen        ,0.0265489406884
