,scene_name,probs
0,office         ,0.313505172729
1,kitchen        ,0.246638804674
2,living_room    ,0.246045336127
3,dining_room    ,0.0709038674831
4,bedroom        ,0.0674241930246
