,scene_name,probs
0,classroom      ,0.551411926746
1,office         ,0.214499846101
2,kitchen        ,0.0411902703345
3,living_room    ,0.0403336919844
4,home_office    ,0.036293450743
