,scene_name,probs
0,playroom       ,0.374835044146
1,home_office    ,0.148186728358
2,classroom      ,0.106749497354
3,office         ,0.077643416822
4,dining_room    ,0.069465406239
