,scene_name,probs
0,home_office    ,0.889398097992
1,classroom      ,0.037481803447
2,dining_room    ,0.0256321579218
3,kitchen        ,0.0089220572263
4,living_room    ,0.00733056059107
