,scene_name,probs
0,dining_room    ,0.631905436516
1,living_room    ,0.0781458541751
2,bathroom       ,0.0716400891542
3,study          ,0.0587838180363
4,playroom       ,0.0426860712469
