,scene_name,probs
0,study          ,0.553950250149
1,home_office    ,0.414440512657
2,playroom       ,0.0267864707857
3,reception_room ,0.00179066893179
4,bookstore      ,0.000730409636162
