,scene_name,probs
0,study          ,0.401127427816
1,home_office    ,0.329659044743
2,reception_room ,0.0973042100668
3,playroom       ,0.0733908861876
4,bookstore      ,0.0538880005479
