,scene_name,probs
0,furniture_store,0.537389576435
1,reception_room ,0.380338490009
2,bookstore      ,0.0210822913796
3,office         ,0.0199782196432
4,study          ,0.0155920097604
