,scene_name,probs
0,home_office    ,0.712545216084
1,living_room    ,0.0823232159019
2,kitchen        ,0.0559067800641
3,bedroom        ,0.0429627001286
4,classroom      ,0.030830251053
