,scene_name,probs
0,bedroom        ,0.697802424431
1,study          ,0.0913648307323
2,living_room    ,0.0874526053667
3,home_office    ,0.0584518872201
4,playroom       ,0.0251876693219
