,scene_name,probs
0,classroom      ,0.990271091461
1,bookstore      ,0.00472288625315
2,office         ,0.00194517744239
3,playroom       ,0.00127595348749
4,living_room    ,0.000609925948083
