,scene_name,probs
0,office         ,0.289955765009
1,reception_room ,0.203991428018
2,home_office    ,0.119154460728
3,dining_room    ,0.104320906103
4,study          ,0.10035867244
