,scene_name,probs
0,office         ,0.845329880714
1,kitchen        ,0.0361335463822
2,bedroom        ,0.0342344939709
3,living_room    ,0.0331840030849
4,classroom      ,0.0198957398534
