,scene_name,probs
0,bedroom        ,0.788410782814
1,living_room    ,0.140210494399
2,kitchen        ,0.020026518032
3,dining_room    ,0.0195960737765
4,bathroom       ,0.0176560934633
