,scene_name,probs
0,bedroom        ,0.683367013931
1,study          ,0.185206010938
2,bathroom       ,0.0399412363768
3,living_room    ,0.0352678485215
4,home_office    ,0.0305045899004
