,scene_name,probs
0,bedroom        ,0.80983543396
1,playroom       ,0.0601768754423
2,classroom      ,0.0423392541707
3,living_room    ,0.0289385840297
4,office_kitchen ,0.0278605800122
