,scene_name,probs
0,living_room    ,0.579807758331
1,dining_room    ,0.267176479101
2,bedroom        ,0.0559979826212
3,kitchen        ,0.0408087484539
4,home_office    ,0.0219994131476
