,scene_name,probs
0,dining_room    ,0.233835592866
1,kitchen        ,0.172511398792
2,office         ,0.140119358897
3,living_room    ,0.137112334371
4,bedroom        ,0.126177698374
