,scene_name,probs
0,classroom      ,0.97946792841
1,bookstore      ,0.0103796133772
2,office         ,0.00325199216604
3,home_office    ,0.00185785000212
4,kitchen        ,0.00165447872132
