,scene_name,probs
0,bathroom       ,0.490731924772
1,kitchen        ,0.163672685623
2,office_kitchen ,0.110559083521
3,dining_room    ,0.0866893678904
4,bedroom        ,0.0390997827053
