,scene_name,probs
0,home_office    ,0.404086202383
1,bedroom        ,0.292968034744
2,study          ,0.118924081326
3,living_room    ,0.0789208710194
4,playroom       ,0.0714153200388
