,scene_name,probs
0,furniture_store,0.832287311554
1,office         ,0.0599404722452
2,bookstore      ,0.0433115400374
3,classroom      ,0.0182379167527
4,dining_room    ,0.0165375713259
