,scene_name,probs
0,furniture_store,0.948801577091
1,bookstore      ,0.0337083898485
2,dining_room    ,0.00515721132979
3,reception_room ,0.0038964478299
4,classroom      ,0.00368041684851
