,scene_name,probs
0,bedroom        ,0.700195431709
1,home_office    ,0.114179559052
2,living_room    ,0.103149577975
3,kitchen        ,0.035836275667
4,study          ,0.0263546425849
