,scene_name,probs
0,bathroom       ,0.354829698801
1,office_kitchen ,0.311268955469
2,kitchen        ,0.27903303504
3,reception_room ,0.0185583848506
4,bedroom        ,0.0123803270981
