,scene_name,probs
0,dining_room    ,0.664957344532
1,living_room    ,0.0782244801521
2,kitchen        ,0.0480522811413
3,home_office    ,0.0387693569064
4,reception_room ,0.0336728356779
