,scene_name,probs
0,bathroom       ,0.223772257566
1,kitchen        ,0.196469932795
2,bedroom        ,0.191488787532
3,dining_room    ,0.187677755952
4,living_room    ,0.111976638436
