,scene_name,probs
0,office_kitchen ,0.882788538933
1,bathroom       ,0.0698596984148
2,kitchen        ,0.0365098901093
3,reception_room ,0.00704447505996
4,office         ,0.00119186216034
