,scene_name,probs
0,office         ,0.55715572834
1,bedroom        ,0.146611958742
2,kitchen        ,0.100888811052
3,reception_room ,0.0540424659848
4,office_kitchen ,0.0320154838264
