,scene_name,probs
0,bookstore      ,0.987095057964
1,furniture_store,0.00683133909479
2,classroom      ,0.00211924617179
3,office         ,0.00198190333322
4,kitchen        ,0.00086512794951
