,scene_name,probs
0,dining_room    ,0.520032405853
1,living_room    ,0.168724805117
2,home_office    ,0.0633250400424
3,study          ,0.0614218041301
4,kitchen        ,0.0525656566024
