,scene_name,probs
0,bathroom       ,0.481756925583
1,office_kitchen ,0.427945941687
2,reception_room ,0.0368856713176
3,bedroom        ,0.0242071803659
4,office         ,0.011552031152
