,scene_name,probs
0,office         ,0.513392925262
1,study          ,0.10230011493
2,bedroom        ,0.0756137669086
3,bathroom       ,0.073651894927
4,home_office    ,0.0669328644872
