,scene_name,probs
0,bathroom       ,0.624348580837
1,dining_room    ,0.20784291625
2,kitchen        ,0.136560171843
3,living_room    ,0.00977227184922
4,reception_room ,0.00824271701276
