,scene_name,probs
0,bathroom       ,0.952940642834
1,bedroom        ,0.0246648471802
2,kitchen        ,0.00816430989653
3,living_room    ,0.00560584850609
4,office_kitchen ,0.00340577564202
