,scene_name,probs
0,bedroom        ,0.512127637863
1,living_room    ,0.169881388545
2,home_office    ,0.121016666293
3,kitchen        ,0.0466579049826
4,playroom       ,0.0444744043052
