,scene_name,probs
0,office         ,0.906562626362
1,bedroom        ,0.0253236126155
2,office_kitchen ,0.018396301195
3,playroom       ,0.0126430494711
4,living_room    ,0.0103108799085
