,scene_name,probs
0,bedroom        ,0.42322063446
1,playroom       ,0.268576085567
2,living_room    ,0.124421618879
3,classroom      ,0.0500374212861
4,office_kitchen ,0.0470466837287
