,scene_name,probs
0,dining_room    ,0.809296250343
1,kitchen        ,0.10473523289
2,bathroom       ,0.0343443229795
3,living_room    ,0.0244697798043
4,bookstore      ,0.00730326632038
