,scene_name,probs
0,dining_room    ,0.597098767757
1,home_office    ,0.139734685421
2,study          ,0.0684766471386
3,office         ,0.0541921555996
4,kitchen        ,0.0489686690271
