,scene_name,probs
0,office_kitchen ,0.850296676159
1,bathroom       ,0.0646278262138
2,kitchen        ,0.0219537485391
3,office         ,0.0217285864055
4,reception_room ,0.0173395089805
