,scene_name,probs
0,study          ,0.639758467674
1,home_office    ,0.305257946253
2,bedroom        ,0.0266041327268
3,playroom       ,0.013964286074
4,living_room    ,0.00782753247768
