,scene_name,probs
0,office         ,0.743034482002
1,bedroom        ,0.133500412107
2,living_room    ,0.0487312935293
3,bathroom       ,0.0277081392705
4,kitchen        ,0.0138864042237
