,scene_name,probs
0,playroom       ,0.223726019263
1,reception_room ,0.21292515099
2,classroom      ,0.208045199513
3,office         ,0.130624517798
4,home_office    ,0.0858286544681
