,scene_name,probs
0,dining_room    ,0.696147203445
1,bathroom       ,0.105718716979
2,living_room    ,0.0817578211427
3,kitchen        ,0.0771827325225
4,office         ,0.0102065270767
