,scene_name,probs
0,classroom      ,0.910319507122
1,playroom       ,0.0203515179455
2,kitchen        ,0.0181521549821
3,living_room    ,0.0165542140603
4,bedroom        ,0.00959902163595
