,scene_name,probs
0,classroom      ,0.663408517838
1,office         ,0.149864271283
2,bedroom        ,0.0496214814484
3,kitchen        ,0.046493973583
4,living_room    ,0.0352971404791
