,scene_name,probs
0,bedroom        ,0.75667822361
1,living_room    ,0.141032651067
2,playroom       ,0.0711293518543
3,home_office    ,0.0139607647434
4,kitchen        ,0.00496718427166
