,scene_name,probs
0,furniture_store,0.867681026459
1,bookstore      ,0.0874137356877
2,reception_room ,0.0232065580785
3,classroom      ,0.00688211992383
4,playroom       ,0.00432586995885
