,scene_name,probs
0,office         ,0.561355412006
1,playroom       ,0.169768691063
2,classroom      ,0.0820681899786
3,dining_room    ,0.0594450868666
4,living_room    ,0.0296785458922
