,scene_name,probs
0,study          ,0.739140152931
1,bedroom        ,0.0862273201346
2,home_office    ,0.0586465336382
3,bathroom       ,0.0550414025784
4,playroom       ,0.0388672910631
