,scene_name,probs
0,living_room    ,0.506389498711
1,bedroom        ,0.19144359231
2,dining_room    ,0.0906795039773
3,playroom       ,0.0854596272111
4,home_office    ,0.0685701519251
