,scene_name,probs
0,bedroom        ,0.67973202467
1,playroom       ,0.110994152725
2,living_room    ,0.0998990833759
3,home_office    ,0.0353937968612
4,office         ,0.0322378762066
