,scene_name,probs
0,furniture_store,0.532156825066
1,bookstore      ,0.115133799613
2,playroom       ,0.1044427827
3,study          ,0.0636507943273
4,classroom      ,0.0553720779717
