,scene_name,probs
0,bedroom        ,0.944158554077
1,living_room    ,0.0177047289908
2,playroom       ,0.0150555791333
3,bathroom       ,0.00812893826514
4,home_office    ,0.00437757838517
