,scene_name,probs
0,playroom       ,0.858931183815
1,bedroom        ,0.0415908098221
2,classroom      ,0.0290182735771
3,home_office    ,0.0279420856386
4,living_room    ,0.0218380652368
