,scene_name,probs
0,bedroom        ,0.325302988291
1,living_room    ,0.239040240645
2,dining_room    ,0.173236727715
3,office         ,0.127751618624
4,playroom       ,0.0522773675621
