,scene_name,probs
0,bedroom        ,0.901841044426
1,office_kitchen ,0.0327516794205
2,living_room    ,0.0241572614759
3,bathroom       ,0.0121686728671
4,office         ,0.0111676026136
