,scene_name,probs
0,furniture_store,0.705218136311
1,bookstore      ,0.179036349058
2,reception_room ,0.0592286251485
3,classroom      ,0.0130653306842
4,study          ,0.0107527533546
