,scene_name,probs
0,reception_room ,0.873658239841
1,office_kitchen ,0.031315792352
2,office         ,0.0226750914007
3,dining_room    ,0.022368548438
4,classroom      ,0.0210010968149
