,scene_name,probs
0,kitchen        ,0.615327477455
1,bathroom       ,0.109809242189
2,study          ,0.0868633911014
3,home_office    ,0.0598748289049
4,bedroom        ,0.0501881688833
