,scene_name,probs
0,kitchen        ,0.612698614597
1,bookstore      ,0.0988737940788
2,living_room    ,0.0958008319139
3,bedroom        ,0.0392069108784
4,classroom      ,0.0383147746325
