,scene_name,probs
0,furniture_store,0.889062523842
1,reception_room ,0.054894335568
2,bookstore      ,0.0197775568813
3,study          ,0.0133399441838
4,playroom       ,0.00676318211481
