,scene_name,probs
0,living_room    ,0.344702392817
1,dining_room    ,0.161682471633
2,kitchen        ,0.153651401401
3,bathroom       ,0.0955121740699
4,home_office    ,0.0908161848783
