,scene_name,probs
0,bookstore      ,0.764445066452
1,furniture_store,0.129677176476
2,study          ,0.0384206026793
3,reception_room ,0.0219626873732
4,playroom       ,0.0150344157591
