,scene_name,probs
0,office_kitchen ,0.827497780323
1,reception_room ,0.114392586052
2,office         ,0.0134644582868
3,playroom       ,0.0113397138193
4,kitchen        ,0.00908200722188
