,scene_name,probs
0,home_office    ,0.282174944878
1,living_room    ,0.199301958084
2,dining_room    ,0.150786101818
3,bedroom        ,0.141776770353
4,study          ,0.0970891937613
