,scene_name,probs
0,home_office    ,0.92278701067
1,living_room    ,0.0277149640024
2,bedroom        ,0.0210316870362
3,study          ,0.00912106223404
4,kitchen        ,0.00639952160418
