,scene_name,probs
0,bedroom        ,0.593659698963
1,bathroom       ,0.278116822243
2,kitchen        ,0.0663606226444
3,living_room    ,0.0189344473183
4,office_kitchen ,0.0130496686324
