,scene_name,probs
0,kitchen        ,0.369364827871
1,office_kitchen ,0.167351096869
2,office         ,0.135029226542
3,bedroom        ,0.0826693400741
4,classroom      ,0.07828335464
