,scene_name,probs
0,home_office    ,0.418531447649
1,playroom       ,0.147460669279
2,office         ,0.117102384567
3,dining_room    ,0.0863816440105
4,classroom      ,0.0805668756366
