,scene_name,probs
0,kitchen        ,0.278079032898
1,living_room    ,0.191806986928
2,home_office    ,0.109876297414
3,reception_room ,0.0961822345853
4,office         ,0.0734252259135
