,scene_name,probs
0,bedroom        ,0.837633907795
1,living_room    ,0.084374755621
2,playroom       ,0.0550988279283
3,office         ,0.0141167640686
4,classroom      ,0.00298969470896
