,scene_name,probs
0,kitchen        ,0.393322765827
1,office_kitchen ,0.290124207735
2,office         ,0.0984855890274
3,classroom      ,0.0606134645641
4,bedroom        ,0.0512241125107
