,scene_name,probs
0,bathroom       ,0.950639009476
1,bedroom        ,0.013351097703
2,kitchen        ,0.0114566031843
3,office_kitchen ,0.0105396322906
4,office         ,0.00455332081765
