,scene_name,probs
0,living_room    ,0.453009605408
1,bedroom        ,0.27023729682
2,playroom       ,0.123129010201
3,home_office    ,0.0407784953713
4,study          ,0.0396871343255
