,scene_name,probs
0,kitchen        ,0.480689674616
1,furniture_store,0.124313212931
2,dining_room    ,0.0960552021861
3,reception_room ,0.0952348932624
4,bookstore      ,0.0848118215799
