,scene_name,probs
0,bathroom       ,0.597113072872
1,bedroom        ,0.353063255548
2,kitchen        ,0.0255912523717
3,living_room    ,0.0135674644262
4,office         ,0.00508078793064
