,scene_name,probs
0,office         ,0.709864556789
1,living_room    ,0.0595226325095
2,home_office    ,0.0473528951406
3,dining_room    ,0.0377036221325
4,bedroom        ,0.0341519974172
