,scene_name,probs
0,classroom      ,0.862869381905
1,home_office    ,0.0491503253579
2,playroom       ,0.0325632207096
3,bookstore      ,0.0180420782417
4,living_room    ,0.0119421221316
