,scene_name,probs
0,bookstore      ,0.982817173004
1,furniture_store,0.0051342593506
2,classroom      ,0.00504464097321
3,kitchen        ,0.00325122452341
4,office         ,0.00130085996352
