,scene_name,probs
0,bedroom        ,0.853354096413
1,living_room    ,0.05843308568
2,office         ,0.0446896739304
3,kitchen        ,0.0119865434244
4,bathroom       ,0.011506812647
