,scene_name,probs
0,office         ,0.787898957729
1,classroom      ,0.11798696965
2,living_room    ,0.0365258082747
3,bedroom        ,0.0246710143983
4,playroom       ,0.0224934499711
