,scene_name,probs
0,living_room    ,0.286147862673
1,dining_room    ,0.206340476871
2,playroom       ,0.15604019165
3,bedroom        ,0.120285019279
4,office         ,0.072395093739
