,scene_name,probs
0,home_office    ,0.422664999962
1,office         ,0.173980027437
2,dining_room    ,0.0846890807152
3,bathroom       ,0.073679625988
4,bedroom        ,0.0637537166476
