,scene_name,probs
0,home_office    ,0.671980679035
1,study          ,0.195891216397
2,playroom       ,0.0651760920882
3,bedroom        ,0.031609531492
4,dining_room    ,0.0174001716077
