,scene_name,probs
0,home_office    ,0.351687848568
1,bedroom        ,0.276891827583
2,study          ,0.15453979373
3,reception_room ,0.0486671961844
4,kitchen        ,0.0408912934363
