,scene_name,probs
0,office         ,0.672617554665
1,living_room    ,0.130745887756
2,bedroom        ,0.127527177334
3,kitchen        ,0.0194012373686
4,bathroom       ,0.0171213354915
