,scene_name,probs
0,furniture_store,0.56610506773
1,reception_room ,0.153489634395
2,office_kitchen ,0.101197019219
3,office         ,0.0636926367879
4,playroom       ,0.0318467840552
