,scene_name,probs
0,bathroom       ,0.256673038006
1,office_kitchen ,0.24757425487
2,study          ,0.14876447618
3,kitchen        ,0.105269230902
4,reception_room ,0.0991245210171
