,scene_name,probs
0,study          ,0.388684302568
1,playroom       ,0.1949069947
2,bedroom        ,0.134468331933
3,home_office    ,0.109381973743
4,office_kitchen ,0.0373428910971
