,scene_name,probs
0,office         ,0.891136467457
1,furniture_store,0.0456845462322
2,living_room    ,0.0274001564831
3,bookstore      ,0.0116396863014
4,kitchen        ,0.00689893681556
