,scene_name,probs
0,bathroom       ,0.565838456154
1,kitchen        ,0.322361528873
2,bedroom        ,0.0636203810573
3,living_room    ,0.0254976004362
4,dining_room    ,0.00786922778934
