,scene_name,probs
0,furniture_store,0.662125110626
1,dining_room    ,0.089985653758
2,kitchen        ,0.0781311169267
3,bookstore      ,0.0744732171297
4,living_room    ,0.0338651612401
