,scene_name,probs
0,reception_room ,0.919662415981
1,office_kitchen ,0.0211775042117
2,classroom      ,0.0130552044138
3,dining_room    ,0.00818568281829
4,home_office    ,0.00758653134108
