,scene_name,probs
0,classroom      ,0.987104296684
1,bookstore      ,0.0064082685858
2,playroom       ,0.00167783466168
3,kitchen        ,0.00118183286395
4,home_office    ,0.000952902948484
