,scene_name,probs
0,classroom      ,0.931047141552
1,office         ,0.0219843499362
2,bedroom        ,0.0140796303749
3,playroom       ,0.00970685109496
4,living_room    ,0.00792863406241
