,scene_name,probs
0,furniture_store,0.935409128666
1,office         ,0.0190007630736
2,bookstore      ,0.0158110037446
3,living_room    ,0.0101487264037
4,dining_room    ,0.00616730330512
