,scene_name,probs
0,office_kitchen ,0.731408894062
1,reception_room ,0.127179175615
2,playroom       ,0.0378335528076
3,study          ,0.0368077047169
4,office         ,0.0251493509859
