,scene_name,probs
0,living_room    ,0.225683182478
1,dining_room    ,0.216914027929
2,kitchen        ,0.209998100996
3,home_office    ,0.0801935046911
4,playroom       ,0.0672931969166
