,scene_name,probs
0,office         ,0.766629099846
1,bedroom        ,0.0676014274359
2,living_room    ,0.0433008298278
3,study          ,0.0350060909986
4,playroom       ,0.0342343598604
