,scene_name,probs
0,bathroom       ,0.730691790581
1,office_kitchen ,0.112876825035
2,kitchen        ,0.076875589788
3,bedroom        ,0.0607873573899
4,reception_room ,0.00799080822617
