,scene_name,probs
0,playroom       ,0.447747915983
1,bedroom        ,0.373319298029
2,home_office    ,0.0570147037506
3,living_room    ,0.0460809655488
4,study          ,0.0357580035925
