,scene_name,probs
0,office_kitchen ,0.939424097538
1,reception_room ,0.0323445983231
2,bathroom       ,0.0190850831568
3,playroom       ,0.00296788709238
4,office         ,0.00195928104222
