,scene_name,probs
0,reception_room ,0.618576645851
1,kitchen        ,0.0990599542856
2,home_office    ,0.0756690353155
3,bookstore      ,0.0569801442325
4,study          ,0.0514668524265
