,scene_name,probs
0,bathroom       ,0.891732990742
1,dining_room    ,0.0282727796584
2,kitchen        ,0.0208463463932
3,bedroom        ,0.01955739595
4,study          ,0.0151109173894
