,scene_name,probs
0,furniture_store,0.902880370617
1,bookstore      ,0.0653792694211
2,classroom      ,0.00862972997129
3,reception_room ,0.00834261998534
4,dining_room    ,0.00307695614174
