,scene_name,probs
0,living_room    ,0.307519376278
1,dining_room    ,0.158292934299
2,home_office    ,0.123079143465
3,bedroom        ,0.119693510234
4,kitchen        ,0.109400115907
