,scene_name,probs
0,bedroom        ,0.809797942638
1,office_kitchen ,0.0887788012624
2,playroom       ,0.0425910837948
3,classroom      ,0.0183616671711
4,living_room    ,0.0141548682004
