,scene_name,probs
0,bathroom       ,0.90304350853
1,kitchen        ,0.0476597845554
2,dining_room    ,0.0263037215918
3,living_room    ,0.0128587149084
4,bedroom        ,0.00565755087882
