,scene_name,probs
0,office_kitchen ,0.82126390934
1,reception_room ,0.0672883912921
2,bathroom       ,0.0412606969476
3,study          ,0.0206836350262
4,playroom       ,0.013806832023
