,scene_name,probs
0,bedroom        ,0.554901957512
1,home_office    ,0.244642406702
2,playroom       ,0.0559228621423
3,study          ,0.0369169898331
4,office         ,0.0298004746437
