,scene_name,probs
0,kitchen        ,0.32278290391
1,office         ,0.285287648439
2,living_room    ,0.137719810009
3,bathroom       ,0.102865681052
4,dining_room    ,0.0590584501624
