,scene_name,probs
0,study          ,0.585720837116
1,home_office    ,0.339286416769
2,bedroom        ,0.0286785271019
3,playroom       ,0.0253279935569
4,bathroom       ,0.00819049589336
