,scene_name,probs
0,bathroom       ,0.294844329357
1,bedroom        ,0.213125914335
2,living_room    ,0.201268911362
3,dining_room    ,0.181013956666
4,kitchen        ,0.0667688027024
