,scene_name,probs
0,office         ,0.911310553551
1,home_office    ,0.0231656953692
2,bedroom        ,0.015846543014
3,kitchen        ,0.0112621467561
4,classroom      ,0.00973277259618
