,scene_name,probs
0,office_kitchen ,0.883320450783
1,reception_room ,0.0395233854651
2,office         ,0.0294738058001
3,playroom       ,0.0174716189504
4,bedroom        ,0.0104957027361
