,scene_name,probs
0,office         ,0.848070919514
1,kitchen        ,0.0483525656164
2,bathroom       ,0.0297319758683
3,living_room    ,0.0231972429901
4,bedroom        ,0.0180026702583
