,scene_name,probs
0,bathroom       ,0.812942624092
1,bedroom        ,0.138997852802
2,kitchen        ,0.0166112538427
3,office_kitchen ,0.0145116578788
4,office         ,0.00793961621821
