,scene_name,probs
0,bookstore      ,0.905559301376
1,living_room    ,0.0257141645998
2,kitchen        ,0.024486053735
3,furniture_store,0.0134710259736
4,dining_room    ,0.0101935332641
