,scene_name,probs
0,reception_room ,0.789561510086
1,furniture_store,0.159662276506
2,office_kitchen ,0.0110738109797
3,bookstore      ,0.0101455068216
4,study          ,0.00979049596936
