,scene_name,probs
0,study          ,0.763405144215
1,home_office    ,0.157962292433
2,bookstore      ,0.0190550200641
3,living_room    ,0.0168276913464
4,office         ,0.0115715265274
