,scene_name,probs
0,reception_room ,0.669108390808
1,office_kitchen ,0.192602902651
2,study          ,0.0585725493729
3,playroom       ,0.042278625071
4,bathroom       ,0.01334108226
