,scene_name,probs
0,study          ,0.391148775816
1,playroom       ,0.194824397564
2,home_office    ,0.149365156889
3,bookstore      ,0.104970701039
4,reception_room ,0.0933710634708
