,scene_name,probs
0,office         ,0.848388910294
1,classroom      ,0.081326149404
2,home_office    ,0.0141625804827
3,playroom       ,0.0102235581726
4,kitchen        ,0.0100278966129
