,scene_name,probs
0,classroom      ,0.903464853764
1,playroom       ,0.0359494835138
2,office         ,0.0341435112059
3,bedroom        ,0.0144927473739
4,living_room    ,0.00474714906886
