,scene_name,probs
0,reception_room ,0.47516772151
1,living_room    ,0.0761534869671
2,office_kitchen ,0.075394295156
3,kitchen        ,0.0661613643169
4,dining_room    ,0.0650989338756
