,scene_name,probs
0,bedroom        ,0.663942456245
1,playroom       ,0.167758494616
2,living_room    ,0.125269621611
3,study          ,0.0183622390032
4,dining_room    ,0.00408659176901
