,scene_name,probs
0,living_room    ,0.324466615915
1,home_office    ,0.285800784826
2,bedroom        ,0.132596299052
3,dining_room    ,0.0921889021993
4,study          ,0.0671206712723
