,scene_name,probs
0,classroom      ,0.943260729313
1,bookstore      ,0.0188097283244
2,playroom       ,0.0124281384051
3,living_room    ,0.00991696119308
4,office         ,0.00776899047196
