,scene_name,probs
0,office         ,0.30369502306
1,bedroom        ,0.21375964582
2,living_room    ,0.196155950427
3,playroom       ,0.0695994570851
4,dining_room    ,0.0688776522875
