,scene_name,probs
0,office         ,0.665627002716
1,office_kitchen ,0.132691979408
2,classroom      ,0.0844194814563
3,reception_room ,0.0348389931023
4,bedroom        ,0.0321865566075
