,scene_name,probs
0,study          ,0.712998628616
1,home_office    ,0.232500120997
2,bedroom        ,0.0221590325236
3,playroom       ,0.0140996566042
4,bathroom       ,0.0106414137408
