,scene_name,probs
0,dining_room    ,0.242651507258
1,kitchen        ,0.216627448797
2,home_office    ,0.165163904428
3,living_room    ,0.159401670098
4,bedroom        ,0.0675885230303
