,scene_name,probs
0,bathroom       ,0.698512732983
1,bedroom        ,0.0810121893883
2,study          ,0.0673743486404
3,playroom       ,0.0475237481296
4,dining_room    ,0.0433801449835
