,scene_name,probs
0,home_office    ,0.887033820152
1,study          ,0.072067245841
2,dining_room    ,0.0238507054746
3,playroom       ,0.00374311464839
4,living_room    ,0.0036622681655
