,scene_name,probs
0,classroom      ,0.216897815466
1,kitchen        ,0.177019029856
2,living_room    ,0.113491520286
3,office_kitchen ,0.096880659461
4,reception_room ,0.0891278460622
