,scene_name,probs
0,office_kitchen ,0.797499001026
1,reception_room ,0.167547494173
2,bathroom       ,0.0124933645129
3,office         ,0.00930404104292
4,playroom       ,0.00480134645477
