,scene_name,probs
0,office_kitchen ,0.925002396107
1,reception_room ,0.0144456867129
2,bathroom       ,0.0130774453282
3,playroom       ,0.0128461709246
4,classroom      ,0.00925108697265
