,scene_name,probs
0,office_kitchen ,0.897390961647
1,reception_room ,0.0443800017238
2,bathroom       ,0.0371307432652
3,kitchen        ,0.00975755695254
4,classroom      ,0.00261884671636
