,scene_name,probs
0,dining_room    ,0.916028022766
1,home_office    ,0.0433375351131
2,living_room    ,0.0107508646324
3,study          ,0.00711283739656
4,kitchen        ,0.00414117705077
