,scene_name,probs
0,bedroom        ,0.29960089922
1,office_kitchen ,0.257238745689
2,kitchen        ,0.161301910877
3,classroom      ,0.0613603740931
4,office         ,0.0597486644983
