,scene_name,probs
0,playroom       ,0.729512274265
1,living_room    ,0.116396099329
2,bedroom        ,0.0597993060946
3,dining_room    ,0.0287080481648
4,office         ,0.0226913429797
