,scene_name,probs
0,bedroom        ,0.269013226032
1,living_room    ,0.259685099125
2,playroom       ,0.140959903598
3,office         ,0.12816464901
4,classroom      ,0.102252215147
