,scene_name,probs
0,furniture_store,0.655759930611
1,bookstore      ,0.176389545202
2,study          ,0.0728484913707
3,reception_room ,0.0554145500064
4,playroom       ,0.0154860317707
