,scene_name,probs
0,bedroom        ,0.741570353508
1,living_room    ,0.163962334394
2,bathroom       ,0.0216044727713
3,kitchen        ,0.021022612229
4,playroom       ,0.015070146881
