,scene_name,probs
0,dining_room    ,0.505046844482
1,classroom      ,0.11575794965
2,living_room    ,0.074894733727
3,office         ,0.0653689205647
4,kitchen        ,0.055636819452
