,scene_name,probs
0,office         ,0.919650733471
1,furniture_store,0.0321952216327
2,dining_room    ,0.0105192400515
3,playroom       ,0.0100867561996
4,study          ,0.00731416326016
