,scene_name,probs
0,dining_room    ,0.662110447884
1,kitchen        ,0.124909169972
2,living_room    ,0.0901907756925
3,bathroom       ,0.0516322180629
4,home_office    ,0.0222345273942
