,scene_name,probs
0,office         ,0.83391046524
1,bedroom        ,0.102146290243
2,kitchen        ,0.0255608167499
3,living_room    ,0.023362159729
4,bathroom       ,0.00622437149286
