,scene_name,probs
0,bathroom       ,0.501726329327
1,kitchen        ,0.275988847017
2,office         ,0.0938968881965
3,bedroom        ,0.0387089848518
4,office_kitchen ,0.0322194248438
