,scene_name,probs
0,bathroom       ,0.887093126774
1,kitchen        ,0.0644295662642
2,office         ,0.0150635978207
3,bedroom        ,0.0137542495504
4,dining_room    ,0.00685885362327
