,scene_name,probs
0,bedroom        ,0.772794365883
1,living_room    ,0.120067276061
2,playroom       ,0.0909423455596
3,dining_room    ,0.00441778590903
4,office         ,0.00432323338464
