,scene_name,probs
0,office         ,0.837031960487
1,bedroom        ,0.0450342856348
2,living_room    ,0.0320997796953
3,playroom       ,0.0275360494852
4,study          ,0.016110284254
