,scene_name,probs
0,classroom      ,0.944254219532
1,office         ,0.0226301196963
2,playroom       ,0.020912354812
3,bookstore      ,0.00437685940415
4,living_room    ,0.00223898002878
