,scene_name,probs
0,bedroom        ,0.64953738451
1,playroom       ,0.110135629773
2,living_room    ,0.103019431233
3,office         ,0.0466883070767
4,home_office    ,0.0413726903498
