,scene_name,probs
0,bookstore      ,0.953431725502
1,classroom      ,0.0133209927008
2,kitchen        ,0.007560741622
3,furniture_store,0.00754225067794
4,living_room    ,0.00484166201204
