,scene_name,probs
0,bookstore      ,0.929639935493
1,kitchen        ,0.0244673788548
2,office         ,0.0188573934138
3,classroom      ,0.0089266449213
4,furniture_store,0.00704573281109
