,scene_name,probs
0,bathroom       ,0.712996065617
1,kitchen        ,0.194059818983
2,living_room    ,0.0247479602695
3,dining_room    ,0.0241061206907
4,bedroom        ,0.0183385051787
