,scene_name,probs
0,dining_room    ,0.285534590483
1,living_room    ,0.281433969736
2,bedroom        ,0.174682885408
3,home_office    ,0.105522528291
4,bathroom       ,0.0559412762523
