,scene_name,probs
0,playroom       ,0.603432297707
1,study          ,0.167817533016
2,bookstore      ,0.0665505602956
3,classroom      ,0.0580765269697
4,reception_room ,0.0395291112363
