,scene_name,probs
0,playroom       ,0.253630280495
1,living_room    ,0.24617677927
2,office         ,0.133985057473
3,dining_room    ,0.0715950205922
4,study          ,0.0522688813508
