,scene_name,probs
0,bedroom        ,0.364322841167
1,home_office    ,0.243628531694
2,living_room    ,0.191631063819
3,study          ,0.0873948633671
4,playroom       ,0.0456206128001
