,scene_name,probs
0,dining_room    ,0.916610062122
1,home_office    ,0.0247029550374
2,kitchen        ,0.014557633549
3,bathroom       ,0.0117711666971
4,living_room    ,0.0103717045859
