,scene_name,probs
0,home_office    ,0.270756095648
1,playroom       ,0.197268724442
2,living_room    ,0.181582584977
3,bedroom        ,0.136658072472
4,study          ,0.109615027905
