,scene_name,probs
0,bedroom        ,0.730642557144
1,living_room    ,0.173946395516
2,bathroom       ,0.0353707037866
3,playroom       ,0.0286916270852
4,study          ,0.00772234611213
