,scene_name,probs
0,bathroom       ,0.619379043579
1,bedroom        ,0.152057081461
2,kitchen        ,0.104449875653
3,study          ,0.034986037761
4,living_room    ,0.0276949275285
