,scene_name,probs
0,kitchen        ,0.317747563124
1,home_office    ,0.190188676119
2,bathroom       ,0.176555976272
3,bedroom        ,0.126537755132
4,study          ,0.076088257134
