,scene_name,probs
0,office_kitchen ,0.570110440254
1,dining_room    ,0.205838248134
2,bathroom       ,0.0881470069289
3,classroom      ,0.0291522201151
4,reception_room ,0.0244780983776
