,scene_name,probs
0,living_room    ,0.324793457985
1,bedroom        ,0.2219119519
2,dining_room    ,0.186908423901
3,bathroom       ,0.115223482251
4,kitchen        ,0.0508020631969
