,scene_name,probs
0,furniture_store,0.748847484589
1,reception_room ,0.171634942293
2,study          ,0.0212568882853
3,office         ,0.0130733214319
4,kitchen        ,0.0102698309347
