,scene_name,probs
0,living_room    ,0.576996684074
1,playroom       ,0.12944971025
2,bedroom        ,0.0822881236672
3,office         ,0.052791710943
4,classroom      ,0.0369560047984
