,scene_name,probs
0,study          ,0.739618897438
1,bathroom       ,0.126740261912
2,dining_room    ,0.0301380958408
3,living_room    ,0.0300195962191
4,home_office    ,0.0265554264188
