,scene_name,probs
0,reception_room ,0.845236241817
1,bathroom       ,0.0428674668074
2,kitchen        ,0.0332519486547
3,furniture_store,0.0250267554075
4,dining_room    ,0.0209698267281
