,scene_name,probs
0,dining_room    ,0.445046424866
1,office         ,0.231869220734
2,office_kitchen ,0.087225228548
3,playroom       ,0.0840350240469
4,classroom      ,0.0269238650799
