,scene_name,probs
0,furniture_store,0.961526572704
1,office         ,0.0203636474907
2,bookstore      ,0.00962574314326
3,reception_room ,0.00275196949951
4,dining_room    ,0.00230507249944
