,scene_name,probs
0,bedroom        ,0.772105813026
1,bathroom       ,0.076788932085
2,kitchen        ,0.0688280537724
3,living_room    ,0.0495079383254
4,playroom       ,0.0119388094172
