,scene_name,probs
0,bedroom        ,0.913629412651
1,playroom       ,0.0282751023769
2,living_room    ,0.0278832614422
3,office         ,0.015687527135
4,study          ,0.00515818689018
