,scene_name,probs
0,living_room    ,0.307142108679
1,home_office    ,0.296570986509
2,bedroom        ,0.14058573544
3,playroom       ,0.115677304566
4,dining_room    ,0.0910696387291
