,scene_name,probs
0,classroom      ,0.872386991978
1,bookstore      ,0.0859528854489
2,home_office    ,0.0117379287258
3,reception_room ,0.00709734018892
4,kitchen        ,0.00612891325727
