,scene_name,probs
0,dining_room    ,0.39020511508
1,kitchen        ,0.186210364103
2,living_room    ,0.172796219587
3,classroom      ,0.0792239457369
4,bedroom        ,0.0461437627673
