,scene_name,probs
0,office         ,0.264558076859
1,study          ,0.144745901227
2,office_kitchen ,0.144096717238
3,reception_room ,0.118576623499
4,home_office    ,0.0837383568287
