,scene_name,probs
0,bedroom        ,0.570078074932
1,living_room    ,0.263034015894
2,study          ,0.0370536483824
3,kitchen        ,0.0338015444577
4,home_office    ,0.0232519190758
