,scene_name,probs
0,dining_room    ,0.322057902813
1,kitchen        ,0.320027500391
2,living_room    ,0.104813143611
3,home_office    ,0.080878123641
4,bathroom       ,0.0509701520205
