,scene_name,probs
0,home_office    ,0.80534607172
1,living_room    ,0.0371541641653
2,kitchen        ,0.0356210097671
3,reception_room ,0.0304567106068
4,dining_room    ,0.0227510631084
