,scene_name,probs
0,home_office    ,0.555148899555
1,study          ,0.248147815466
2,playroom       ,0.120751708746
3,bookstore      ,0.0189682915807
4,reception_room ,0.0175685435534
