,scene_name,probs
0,office_kitchen ,0.726464152336
1,reception_room ,0.10372543335
2,playroom       ,0.0677288249135
3,classroom      ,0.0613306462765
4,study          ,0.0137434760109
