,scene_name,probs
0,office         ,0.815525829792
1,bedroom        ,0.0710158273578
2,office_kitchen ,0.0708233192563
3,reception_room ,0.0120688332245
4,classroom      ,0.00805790629238
