,scene_name,probs
0,bedroom        ,0.740263462067
1,living_room    ,0.079276189208
2,kitchen        ,0.0601492524147
3,bathroom       ,0.0342699438334
4,home_office    ,0.0280256439
