,scene_name,probs
0,office_kitchen ,0.961191356182
1,bathroom       ,0.0128507884219
2,reception_room ,0.00839355587959
3,kitchen        ,0.00630571460351
4,office         ,0.00445212051272
