,scene_name,probs
0,living_room    ,0.851964890957
1,bedroom        ,0.0301674231887
2,kitchen        ,0.0288071576506
3,playroom       ,0.0197561532259
4,office         ,0.0152206411585
