,scene_name,probs
0,home_office    ,0.599571466446
1,living_room    ,0.0823263078928
2,kitchen        ,0.0678009241819
3,reception_room ,0.0635773316026
4,classroom      ,0.049253705889
