,scene_name,probs
0,office_kitchen ,0.667711317539
1,reception_room ,0.1256660074
2,bedroom        ,0.0606588535011
3,study          ,0.0503193661571
4,bathroom       ,0.0316132195294
