,scene_name,probs
0,study          ,0.319450467825
1,playroom       ,0.133782744408
2,reception_room ,0.121624805033
3,kitchen        ,0.113460630178
4,bathroom       ,0.104719236493
