,scene_name,probs
0,bedroom        ,0.759486496449
1,living_room    ,0.115727782249
2,playroom       ,0.0304500870407
3,home_office    ,0.0172756426036
4,kitchen        ,0.016075598076
