,scene_name,probs
0,bathroom       ,0.573208391666
1,living_room    ,0.223084300756
2,kitchen        ,0.0530833676457
3,bedroom        ,0.0473786443472
4,dining_room    ,0.0261305961758
