,scene_name,probs
0,reception_room ,0.9618242383
1,office_kitchen ,0.0142717817798
2,dining_room    ,0.00687235966325
3,bathroom       ,0.005618495401
4,classroom      ,0.00345768989064
