,scene_name,probs
0,bedroom        ,0.65471380949
1,living_room    ,0.16782836616
2,kitchen        ,0.126569777727
3,bathroom       ,0.020518084988
4,dining_room    ,0.0108731081709
