,scene_name,probs
0,bathroom       ,0.662011861801
1,office_kitchen ,0.261078089476
2,bedroom        ,0.0330400615931
3,reception_room ,0.0227447301149
4,kitchen        ,0.00742888823152
