,scene_name,probs
0,office         ,0.260603398085
1,living_room    ,0.16243250668
2,bedroom        ,0.141812354326
3,playroom       ,0.0970402657986
4,classroom      ,0.08893943578
