,scene_name,probs
0,bathroom       ,0.611871182919
1,kitchen        ,0.0832765251398
2,office_kitchen ,0.0733276605606
3,bedroom        ,0.0572654828429
4,reception_room ,0.0452591739595
