,scene_name,probs
0,bookstore      ,0.887070536613
1,office         ,0.035205565393
2,kitchen        ,0.0272607579827
3,classroom      ,0.0197739973664
4,living_room    ,0.0124317519367
