,scene_name,probs
0,office_kitchen ,0.741854846478
1,bedroom        ,0.140929117799
2,bathroom       ,0.0536201968789
3,office         ,0.0231532026082
4,reception_room ,0.0162704158574
