,scene_name,probs
0,playroom       ,0.334771722555
1,living_room    ,0.185737609863
2,home_office    ,0.126989647746
3,bedroom        ,0.0976591482759
4,study          ,0.0821350216866
