,scene_name,probs
0,classroom      ,0.662360608578
1,bookstore      ,0.0857705771923
2,furniture_store,0.075552880764
3,home_office    ,0.0713410228491
4,playroom       ,0.0618890151381
