,scene_name,probs
0,bathroom       ,0.272915482521
1,kitchen        ,0.190047547221
2,dining_room    ,0.183602437377
3,living_room    ,0.1781796664
4,furniture_store,0.064722135663
