,scene_name,probs
0,bookstore      ,0.564600944519
1,furniture_store,0.27014619112
2,reception_room ,0.0512824505568
3,playroom       ,0.0233185589314
4,classroom      ,0.0201713051647
