,scene_name,probs
0,bathroom       ,0.767515063286
1,study          ,0.0560738034546
2,bedroom        ,0.0542643927038
3,office         ,0.0474911369383
4,home_office    ,0.0347458980978
