,scene_name,probs
0,bathroom       ,0.502085864544
1,kitchen        ,0.337000578642
2,living_room    ,0.0832264870405
3,office         ,0.027237072587
4,bedroom        ,0.0194817595184
