,scene_name,probs
0,bathroom       ,0.878397583961
1,kitchen        ,0.0364646911621
2,dining_room    ,0.0264516025782
3,bedroom        ,0.0262178163975
4,living_room    ,0.0146743096411
