,scene_name,probs
0,bathroom       ,0.445748358965
1,bedroom        ,0.261435329914
2,kitchen        ,0.188282832503
3,study          ,0.0362802781165
4,office         ,0.0249617174268
