,scene_name,probs
0,home_office    ,0.860817790031
1,living_room    ,0.035781789571
2,dining_room    ,0.0265960041434
3,bedroom        ,0.0233889538795
4,study          ,0.0185848157853
