,scene_name,probs
0,kitchen        ,0.535987615585
1,living_room    ,0.13565351069
2,office         ,0.0998236462474
3,dining_room    ,0.0502419993281
4,bedroom        ,0.0460845194757
