,scene_name,probs
0,office         ,0.795305490494
1,living_room    ,0.0631250888109
2,home_office    ,0.0430251546204
3,bedroom        ,0.0326746031642
4,classroom      ,0.0325435884297
