,scene_name,probs
0,office_kitchen ,0.949874401093
1,reception_room ,0.0221720673144
2,bathroom       ,0.0147225596011
3,kitchen        ,0.00326711521484
4,classroom      ,0.00219540460967
