,scene_name,probs
0,living_room    ,0.334190279245
1,bedroom        ,0.220473617315
2,bathroom       ,0.160222813487
3,dining_room    ,0.156456619501
4,kitchen        ,0.0451893210411
