,scene_name,probs
0,playroom       ,0.35224044323
1,living_room    ,0.181271314621
2,bedroom        ,0.151544049382
3,home_office    ,0.143355175853
4,dining_room    ,0.0930365845561
