,scene_name,probs
0,bookstore      ,0.985115587711
1,living_room    ,0.00380181451328
2,classroom      ,0.00297579006292
3,kitchen        ,0.00263609969988
4,furniture_store,0.00157945451792
