,scene_name,probs
0,dining_room    ,0.41980406642
1,reception_room ,0.193692535162
2,office         ,0.0901753902435
3,living_room    ,0.0737091302872
4,classroom      ,0.0593432039022
