,scene_name,probs
0,classroom      ,0.938923597336
1,living_room    ,0.0168953780085
2,bedroom        ,0.00980545952916
3,playroom       ,0.00903858151287
4,office         ,0.00703078368679
