,scene_name,probs
0,office         ,0.833844959736
1,bedroom        ,0.0536268018186
2,bathroom       ,0.0464294329286
3,living_room    ,0.0377955622971
4,kitchen        ,0.0106833726168
