,scene_name,probs
0,reception_room ,0.876487791538
1,furniture_store,0.0406856611371
2,study          ,0.0180083420128
3,kitchen        ,0.0146339386702
4,living_room    ,0.0105058029294
