,scene_name,probs
0,bathroom       ,0.904627501965
1,kitchen        ,0.0498584620655
2,bedroom        ,0.0191743280739
3,living_room    ,0.00862138625234
4,office         ,0.00604368885979
