,scene_name,probs
0,playroom       ,0.40738388896
1,study          ,0.234735324979
2,reception_room ,0.169864341617
3,home_office    ,0.071795925498
4,office_kitchen ,0.051883392036
