,scene_name,probs
0,dining_room    ,0.708270013332
1,living_room    ,0.0821893066168
2,kitchen        ,0.075063675642
3,home_office    ,0.0385669060051
4,office         ,0.0195344183594
