,scene_name,probs
0,reception_room ,0.52853167057
1,living_room    ,0.144820570946
2,bathroom       ,0.0746008008718
3,kitchen        ,0.0736349150538
4,office_kitchen ,0.0449450202286
