,scene_name,probs
0,dining_room    ,0.313784241676
1,bathroom       ,0.29022565484
2,living_room    ,0.124863639474
3,kitchen        ,0.0800957605243
4,office         ,0.0402319692075
