,scene_name,probs
0,home_office    ,0.319349676371
1,study          ,0.277882546186
2,bookstore      ,0.0986692756414
3,playroom       ,0.0843692272902
4,reception_room ,0.0800914987922
