,scene_name,probs
0,bathroom       ,0.725480258465
1,bedroom        ,0.15709772706
2,kitchen        ,0.0313897132874
3,dining_room    ,0.0267210938036
4,living_room    ,0.0258155241609
