,scene_name,probs
0,classroom      ,0.920927405357
1,living_room    ,0.0323892384768
2,bookstore      ,0.0134759265929
3,office         ,0.00741103198379
4,playroom       ,0.00739668449387
