,scene_name,probs
0,dining_room    ,0.455695897341
1,living_room    ,0.112100966275
2,home_office    ,0.0995732471347
3,playroom       ,0.0907546058297
4,bookstore      ,0.0659527182579
