,scene_name,probs
0,dining_room    ,0.473788380623
1,bookstore      ,0.183363601565
2,furniture_store,0.163769423962
3,kitchen        ,0.062024474144
4,reception_room ,0.0417249388993
