,scene_name,probs
0,reception_room ,0.924049377441
1,office_kitchen ,0.0205870773643
2,living_room    ,0.00963389407843
3,classroom      ,0.00949959736317
4,kitchen        ,0.00872066710144
