,scene_name,probs
0,classroom      ,0.574215054512
1,living_room    ,0.178535491228
2,office         ,0.0625974312425
3,bedroom        ,0.0536857992411
4,bookstore      ,0.0337878167629
