,scene_name,probs
0,classroom      ,0.427592992783
1,bookstore      ,0.194178134203
2,kitchen        ,0.104019366205
3,living_room    ,0.0885994881392
4,home_office    ,0.0690114796162
