,scene_name,probs
0,bedroom        ,0.734379887581
1,office_kitchen ,0.089432939887
2,home_office    ,0.0503999590874
3,living_room    ,0.0463403090835
4,playroom       ,0.0206363406032
