,scene_name,probs
0,classroom      ,0.933532178402
1,office         ,0.0329695679247
2,bookstore      ,0.0152495326474
3,home_office    ,0.00676412880421
4,playroom       ,0.00491473544389
