,scene_name,probs
0,home_office    ,0.908309400082
1,playroom       ,0.0466038994491
2,living_room    ,0.0200864579529
3,classroom      ,0.00797302369028
4,dining_room    ,0.00556757766753
