,scene_name,probs
0,dining_room    ,0.354858160019
1,kitchen        ,0.319685488939
2,living_room    ,0.135158866644
3,bathroom       ,0.119128502905
4,bedroom        ,0.0168328713626
