,scene_name,probs
0,office         ,0.73113566637
1,classroom      ,0.0996528565884
2,playroom       ,0.04532815516
3,dining_room    ,0.0236494727433
4,office_kitchen ,0.0192809775472
