,scene_name,probs
0,playroom       ,0.719986259937
1,classroom      ,0.084736905992
2,home_office    ,0.0529553629458
3,bookstore      ,0.0454389490187
4,study          ,0.031077593565
