,scene_name,probs
0,office_kitchen ,0.670402109623
1,bedroom        ,0.174193307757
2,bathroom       ,0.0757899284363
3,office         ,0.0260455347598
4,reception_room ,0.0210144370794
