,scene_name,probs
0,office         ,0.842643082142
1,bedroom        ,0.0539174936712
2,home_office    ,0.0274492297322
3,living_room    ,0.0239515341818
4,reception_room ,0.00963611993939
