,scene_name,probs
0,bedroom        ,0.901235103607
1,living_room    ,0.0455630235374
2,home_office    ,0.0198985375464
3,kitchen        ,0.00802056770772
4,playroom       ,0.00696566561237
