,scene_name,probs
0,bedroom        ,0.783101916313
1,home_office    ,0.134704351425
2,playroom       ,0.0223580263555
3,study          ,0.0199636891484
4,kitchen        ,0.0109147261828
