,scene_name,probs
0,home_office    ,0.39322155714
1,living_room    ,0.283353447914
2,playroom       ,0.0899199470878
3,dining_room    ,0.0759969428182
4,bedroom        ,0.072643391788
