,scene_name,probs
0,furniture_store,0.75154197216
1,bookstore      ,0.14035128057
2,reception_room ,0.0748602151871
3,study          ,0.0238854810596
4,classroom      ,0.00192095595412
