,scene_name,probs
0,furniture_store,0.701487660408
1,bookstore      ,0.140786737204
2,reception_room ,0.121351085603
3,study          ,0.00695762783289
4,playroom       ,0.00593457976356
