,scene_name,probs
0,bookstore      ,0.970317602158
1,kitchen        ,0.00967326760292
2,classroom      ,0.00835578143597
3,furniture_store,0.00517794396728
4,office         ,0.00175369589124
