,scene_name,probs
0,furniture_store,0.892741382122
1,classroom      ,0.0318579114974
2,office         ,0.0305237527937
3,dining_room    ,0.0132568432018
4,reception_room ,0.0119646126404
