,scene_name,probs
0,bedroom        ,0.510585844517
1,living_room    ,0.207101255655
2,bathroom       ,0.123202845454
3,kitchen        ,0.0707457512617
4,dining_room    ,0.0261106025428
