,scene_name,probs
0,home_office    ,0.289210617542
1,reception_room ,0.286293953657
2,bookstore      ,0.112076312304
3,dining_room    ,0.0629403442144
4,living_room    ,0.0591046959162
