,scene_name,probs
0,living_room    ,0.430261015892
1,bedroom        ,0.289014548063
2,home_office    ,0.0890962854028
3,dining_room    ,0.076762124896
4,study          ,0.0439457446337
