,scene_name,probs
0,living_room    ,0.635862052441
1,office         ,0.217942103744
2,bedroom        ,0.0782006531954
3,kitchen        ,0.0250722691417
4,dining_room    ,0.0132611524314
