,scene_name,probs
0,playroom       ,0.338654190302
1,home_office    ,0.163785412908
2,office         ,0.116858668625
3,bedroom        ,0.114016510546
4,living_room    ,0.102118842304
