,scene_name,probs
0,reception_room ,0.447557806969
1,playroom       ,0.10492606461
2,bookstore      ,0.0971875563264
3,living_room    ,0.0723299756646
4,furniture_store,0.0610846355557
