,scene_name,probs
0,home_office    ,0.368236333132
1,study          ,0.357842683792
2,playroom       ,0.107278890908
3,reception_room ,0.0505980700254
4,bookstore      ,0.0302120819688
