,scene_name,probs
0,furniture_store,0.687597990036
1,playroom       ,0.144137948751
2,classroom      ,0.049348089844
3,bookstore      ,0.0486933588982
4,study          ,0.0235396437347
