,scene_name,probs
0,office_kitchen ,0.929370522499
1,reception_room ,0.0215291939676
2,bathroom       ,0.0162152480334
3,dining_room    ,0.00946822576225
4,office         ,0.00517875514925
