,scene_name,probs
0,classroom      ,0.98808157444
1,bookstore      ,0.00492007471621
2,playroom       ,0.00193373777438
3,furniture_store,0.00108131603338
4,reception_room ,0.00093245721655
