,scene_name,probs
0,living_room    ,0.337142646313
1,playroom       ,0.205223217607
2,dining_room    ,0.164721116424
3,furniture_store,0.111176930368
4,office         ,0.0798898786306
