,scene_name,probs
0,reception_room ,0.423154294491
1,home_office    ,0.211420834064
2,study          ,0.10971929878
3,playroom       ,0.0926427617669
4,bookstore      ,0.0529754497111
