,scene_name,probs
0,bookstore      ,0.906697273254
1,reception_room ,0.0346678644419
2,furniture_store,0.0211224965751
3,study          ,0.00851486995816
4,home_office    ,0.00795407220721
