,scene_name,probs
0,bedroom        ,0.821914315224
1,bathroom       ,0.0707939192653
2,playroom       ,0.0380719602108
3,living_room    ,0.0363282039762
4,study          ,0.0125943413004
