,scene_name,probs
0,reception_room ,0.962326943874
1,office_kitchen ,0.00934276264161
2,office         ,0.00914333853871
3,kitchen        ,0.00572463450953
4,classroom      ,0.00430943956599
