,scene_name,probs
0,playroom       ,0.88315564394
1,bedroom        ,0.0516742169857
2,living_room    ,0.0306703522801
3,classroom      ,0.0072352825664
4,dining_room    ,0.00699619716033
