,scene_name,probs
0,bathroom       ,0.894986212254
1,kitchen        ,0.0423174612224
2,bedroom        ,0.03434375301
3,living_room    ,0.00749215856194
4,office         ,0.00591048132628
