,scene_name,probs
0,bedroom        ,0.6428347826
1,living_room    ,0.0827773213387
2,classroom      ,0.0800465717912
3,playroom       ,0.0704342275858
4,office         ,0.040228318423
