,scene_name,probs
0,living_room    ,0.23302154243
1,bedroom        ,0.216699868441
2,dining_room    ,0.172494500875
3,home_office    ,0.16924071312
4,playroom       ,0.0917074605823
