,scene_name,probs
0,home_office    ,0.718751013279
1,study          ,0.195127427578
2,bookstore      ,0.056199554354
3,playroom       ,0.0166503619403
4,classroom      ,0.00386394537054
