,scene_name,probs
0,office         ,0.853240132332
1,living_room    ,0.0795679166913
2,bedroom        ,0.0432518795133
3,bathroom       ,0.00704835029319
4,kitchen        ,0.00570933753625
