,scene_name,probs
0,furniture_store,0.63841676712
1,reception_room ,0.2453225106
2,bookstore      ,0.0671315267682
3,study          ,0.0286090560257
4,home_office    ,0.00558947585523
