,scene_name,probs
0,bedroom        ,0.794052362442
1,living_room    ,0.0986349061131
2,home_office    ,0.0666945129633
3,playroom       ,0.031112935394
4,dining_room    ,0.00264361826703
