,scene_name,probs
0,living_room    ,0.232220962644
1,kitchen        ,0.135860487819
2,classroom      ,0.118151001632
3,reception_room ,0.113023899496
4,bookstore      ,0.105770081282
