,scene_name,probs
0,living_room    ,0.7572914958
1,bedroom        ,0.110543385148
2,office         ,0.0374415032566
3,home_office    ,0.0288537032902
4,classroom      ,0.0183569770306
