,scene_name,probs
0,dining_room    ,0.941803395748
1,home_office    ,0.0167393926531
2,bathroom       ,0.0118737490848
3,playroom       ,0.00867499131709
4,kitchen        ,0.00567986350507
