,scene_name,probs
0,bathroom       ,0.862239480019
1,bedroom        ,0.0393070913851
2,dining_room    ,0.0386361368001
3,living_room    ,0.0223216228187
4,study          ,0.0213356297463
