,scene_name,probs
0,dining_room    ,0.80385607481
1,playroom       ,0.0617890655994
2,study          ,0.0516286529601
3,home_office    ,0.0500799380243
4,living_room    ,0.016252739355
