,scene_name,probs
0,furniture_store,0.912182092667
1,dining_room    ,0.0369916819036
2,office         ,0.0178573802114
3,bookstore      ,0.0157665871084
4,classroom      ,0.00518735963851
