,scene_name,probs
0,home_office    ,0.814423203468
1,living_room    ,0.0764967799187
2,dining_room    ,0.040741302073
3,study          ,0.0281284432858
4,bedroom        ,0.00864646118134
