,scene_name,probs
0,office_kitchen ,0.55572617054
1,reception_room ,0.306749820709
2,study          ,0.0415578074753
3,playroom       ,0.0373455360532
4,bathroom       ,0.0273492205888
