,scene_name,probs
0,office         ,0.706318855286
1,bookstore      ,0.0874429792166
2,kitchen        ,0.0860913470387
3,living_room    ,0.0581507980824
4,home_office    ,0.0266468673944
