,scene_name,probs
0,living_room    ,0.418262243271
1,dining_room    ,0.220455646515
2,kitchen        ,0.137832328677
3,home_office    ,0.0475039109588
4,bedroom        ,0.0429284982383
