,scene_name,probs
0,bathroom       ,0.434072673321
1,kitchen        ,0.329325675964
2,living_room    ,0.125754922628
3,dining_room    ,0.0620750188828
4,reception_room ,0.00857976078987
