,scene_name,probs
0,study          ,0.718310654163
1,bathroom       ,0.0779716596007
2,bedroom        ,0.0561460740864
3,home_office    ,0.052781239152
4,living_room    ,0.0428231731057
