,scene_name,probs
0,living_room    ,0.759511709213
1,bedroom        ,0.0691944360733
2,office         ,0.0506031922996
3,dining_room    ,0.0329263657331
4,playroom       ,0.0277373734862
