,scene_name,probs
0,reception_room ,0.820359408855
1,dining_room    ,0.0551726035774
2,bathroom       ,0.0333405286074
3,kitchen        ,0.0229726545513
4,furniture_store,0.0164312236011
