,scene_name,probs
0,furniture_store,0.883324086666
1,bookstore      ,0.0569309107959
2,reception_room ,0.0282642710954
3,classroom      ,0.00849548727274
4,study          ,0.00830497313291
