,scene_name,probs
0,office         ,0.495457351208
1,study          ,0.108796097338
2,dining_room    ,0.0770619958639
3,playroom       ,0.0475441291928
4,bedroom        ,0.0426906198263
