,scene_name,probs
0,home_office    ,0.968075215816
1,living_room    ,0.00831437204033
2,study          ,0.00622097402811
3,bedroom        ,0.00434940541163
4,dining_room    ,0.00380409439094
