,scene_name,probs
0,reception_room ,0.433849334717
1,living_room    ,0.28093495965
2,kitchen        ,0.0858717560768
3,bathroom       ,0.076323248446
4,bedroom        ,0.0321752130985
