,scene_name,probs
0,bedroom        ,0.692163288593
1,living_room    ,0.162051364779
2,kitchen        ,0.0435500368476
3,office_kitchen ,0.0337345078588
4,playroom       ,0.0185269415379
