,scene_name,probs
0,living_room    ,0.380765140057
1,playroom       ,0.225344836712
2,bedroom        ,0.134695693851
3,office         ,0.130953416228
4,classroom      ,0.0570789277554
