,scene_name,probs
0,bedroom        ,0.928131878376
1,living_room    ,0.022262558341
2,study          ,0.0181880183518
3,playroom       ,0.0138005735353
4,home_office    ,0.0132316872478
