,scene_name,probs
0,kitchen        ,0.308589845896
1,living_room    ,0.240319922566
2,dining_room    ,0.222570285201
3,classroom      ,0.0885971710086
4,bookstore      ,0.0369573608041
