,scene_name,probs
0,furniture_store,0.767284750938
1,bookstore      ,0.111668422818
2,playroom       ,0.0581462271512
3,reception_room ,0.0284481998533
4,study          ,0.0153358587995
