,scene_name,probs
0,study          ,0.754189133644
1,playroom       ,0.173687458038
2,home_office    ,0.0319697856903
3,reception_room ,0.0107242846861
4,bedroom        ,0.00993666704744
