,scene_name,probs
0,bedroom        ,0.871567487717
1,playroom       ,0.0672716274858
2,living_room    ,0.029313378036
3,home_office    ,0.00970214046538
4,study          ,0.00964949745685
