,scene_name,probs
0,study          ,0.49160695076
1,playroom       ,0.149941325188
2,reception_room ,0.128695309162
3,home_office    ,0.120617702603
4,bookstore      ,0.0471932180226
