,scene_name,probs
0,bathroom       ,0.665604412556
1,kitchen        ,0.159944832325
2,bedroom        ,0.0946551859379
3,office_kitchen ,0.0442971177399
4,living_room    ,0.0134444627911
