,scene_name,probs
0,office         ,0.896507382393
1,office_kitchen ,0.0257665198296
2,kitchen        ,0.0214387625456
3,bedroom        ,0.021083470434
4,classroom      ,0.0123696709052
