,scene_name,probs
0,bedroom        ,0.857102096081
1,bathroom       ,0.0904690548778
2,living_room    ,0.0164501406252
3,playroom       ,0.0144344875589
4,kitchen        ,0.00657474435866
