,scene_name,probs
0,study          ,0.366286873817
1,dining_room    ,0.259180337191
2,home_office    ,0.132194370031
3,bathroom       ,0.0857820808887
4,living_room    ,0.0610564462841
