,scene_name,probs
0,living_room    ,0.553429603577
1,playroom       ,0.138281539083
2,bedroom        ,0.130022615194
3,dining_room    ,0.114302136004
4,kitchen        ,0.0241079106927
