,scene_name,probs
0,bathroom       ,0.811726152897
1,bedroom        ,0.0537618137896
2,living_room    ,0.0485641472042
3,dining_room    ,0.0440973490477
4,kitchen        ,0.0218563936651
