,scene_name,probs
0,office_kitchen ,0.870022773743
1,reception_room ,0.0723482146859
2,classroom      ,0.0162478648126
3,bathroom       ,0.0124617982656
4,study          ,0.00739978160709
