,scene_name,probs
0,study          ,0.461145490408
1,home_office    ,0.367890655994
2,reception_room ,0.0504852868617
3,living_room    ,0.0314613468945
4,playroom       ,0.0248849932104
