,scene_name,probs
0,classroom      ,0.833653211594
1,bookstore      ,0.0991788133979
2,playroom       ,0.035267200321
3,furniture_store,0.0138333607465
4,reception_room ,0.012030357495
