,scene_name,probs
0,bathroom       ,0.584666728973
1,dining_room    ,0.233513623476
2,playroom       ,0.0557770803571
3,reception_room ,0.0460173226893
4,kitchen        ,0.0292914025486
