,scene_name,probs
0,office_kitchen ,0.944683372974
1,reception_room ,0.0357504300773
2,bathroom       ,0.00893323030323
3,playroom       ,0.00480769714341
4,classroom      ,0.0016192921903
