,scene_name,probs
0,playroom       ,0.734776079655
1,bedroom        ,0.162612602115
2,living_room    ,0.0372179709375
3,classroom      ,0.0275977309793
4,study          ,0.009032712318
