,scene_name,probs
0,reception_room ,0.316790997982
1,office_kitchen ,0.303875237703
2,playroom       ,0.122260086238
3,study          ,0.0615142956376
4,classroom      ,0.0566882044077
