,scene_name,probs
0,dining_room    ,0.524584770203
1,home_office    ,0.334783017635
2,living_room    ,0.0402097627521
3,study          ,0.0375480502844
4,playroom       ,0.0179304275662
