,scene_name,probs
0,home_office    ,0.297795116901
1,reception_room ,0.215230613947
2,classroom      ,0.178637117147
3,playroom       ,0.126625224948
4,bookstore      ,0.0763014405966
