,scene_name,probs
0,study          ,0.769415676594
1,home_office    ,0.0961440131068
2,playroom       ,0.0817437618971
3,bedroom        ,0.0296174120158
4,living_room    ,0.00681913457811
