,scene_name,probs
0,office         ,0.539908766747
1,living_room    ,0.171060666442
2,bedroom        ,0.149825751781
3,playroom       ,0.0574957355857
4,kitchen        ,0.0228815786541
