,scene_name,probs
0,living_room    ,0.55315810442
1,dining_room    ,0.256027728319
2,bedroom        ,0.0746217668056
3,home_office    ,0.0452646687627
4,playroom       ,0.0407607369125
