,scene_name,probs
0,bedroom        ,0.804646611214
1,living_room    ,0.086822964251
2,playroom       ,0.0615906193852
3,office         ,0.0156403519213
4,study          ,0.00807595159858
