,scene_name,probs
0,dining_room    ,0.282905131578
1,furniture_store,0.196067363024
2,bookstore      ,0.121285833418
3,office         ,0.116793811321
4,living_room    ,0.111611306667
