,scene_name,probs
0,office         ,0.808399260044
1,furniture_store,0.0735109895468
2,playroom       ,0.0276677366346
3,living_room    ,0.0196279231459
4,study          ,0.0188889577985
