,scene_name,probs
0,bathroom       ,0.832689166069
1,office         ,0.0475256815553
2,bedroom        ,0.0283493828028
3,dining_room    ,0.0232319626957
4,study          ,0.0200620759279
