,scene_name,probs
0,kitchen        ,0.343063652515
1,living_room    ,0.303519904613
2,dining_room    ,0.218897402287
3,home_office    ,0.0384311638772
4,bedroom        ,0.0267167650163
