,scene_name,probs
0,office_kitchen ,0.302394300699
1,classroom      ,0.209343507886
2,bedroom        ,0.154025480151
3,kitchen        ,0.121681876481
4,reception_room ,0.0696337893605
