,scene_name,probs
0,bookstore      ,0.616814315319
1,living_room    ,0.124648287892
2,kitchen        ,0.109096981585
3,office         ,0.0537382215261
4,dining_room    ,0.041112896055
