,scene_name,probs
0,bookstore      ,0.972395718098
1,kitchen        ,0.00913243833929
2,furniture_store,0.00823621358722
3,living_room    ,0.00331141147763
4,classroom      ,0.00227162591182
