,scene_name,probs
0,bedroom        ,0.452856272459
1,living_room    ,0.275380849838
2,kitchen        ,0.12429586798
3,office         ,0.0596288442612
4,dining_room    ,0.0246436372399
