,scene_name,probs
0,bookstore      ,0.995278358459
1,furniture_store,0.00270434026606
2,classroom      ,0.000765816133935
3,kitchen        ,0.000529325567186
4,office         ,0.000202198702027
