,scene_name,probs
0,bookstore      ,0.899867892265
1,furniture_store,0.0613537803292
2,reception_room ,0.0107217496261
3,classroom      ,0.00851738080382
4,study          ,0.00662104971707
