,scene_name,probs
0,furniture_store,0.341379910707
1,bookstore      ,0.168170407414
2,office         ,0.151165917516
3,dining_room    ,0.129791513085
4,kitchen        ,0.0795389786363
