,scene_name,probs
0,living_room    ,0.329625874758
1,office         ,0.193567290902
2,bedroom        ,0.140878140926
3,dining_room    ,0.0912708416581
4,classroom      ,0.0628692209721
