,scene_name,probs
0,home_office    ,0.498510688543
1,living_room    ,0.154212862253
2,kitchen        ,0.0955805405974
3,dining_room    ,0.0565648190677
4,study          ,0.0415597856045
