,scene_name,probs
0,bedroom        ,0.882124900818
1,playroom       ,0.0406664386392
2,living_room    ,0.0354887582362
3,home_office    ,0.0232499558479
4,dining_room    ,0.00734429946169
