,scene_name,probs
0,bookstore      ,0.930608451366
1,kitchen        ,0.0270257201046
2,dining_room    ,0.013487258926
3,furniture_store,0.0068823103793
4,classroom      ,0.00630368804559
