,scene_name,probs
0,living_room    ,0.38521912694
1,dining_room    ,0.259212374687
2,kitchen        ,0.0967073887587
3,playroom       ,0.0868083611131
4,home_office    ,0.0708129703999
