,scene_name,probs
0,office_kitchen ,0.747894406319
1,reception_room ,0.192889720201
2,bathroom       ,0.020568870008
3,office         ,0.0168568287045
4,study          ,0.00797136034817
