,scene_name,probs
0,office         ,0.255709528923
1,bedroom        ,0.215789496899
2,classroom      ,0.18385566771
3,office_kitchen ,0.140858724713
4,playroom       ,0.111934863031
