,scene_name,probs
0,bedroom        ,0.752720475197
1,living_room    ,0.191264227033
2,playroom       ,0.0326016992331
3,classroom      ,0.00563393393531
4,study          ,0.00515746790916
