,scene_name,probs
0,playroom       ,0.388293206692
1,home_office    ,0.263879746199
2,dining_room    ,0.0789640396833
3,living_room    ,0.0769378393888
4,classroom      ,0.0674264505506
