,scene_name,probs
0,playroom       ,0.378931194544
1,classroom      ,0.268412828445
2,dining_room    ,0.133234828711
3,home_office    ,0.0876466929913
4,bedroom        ,0.0466700792313
