,scene_name,probs
0,bookstore      ,0.982873260975
1,furniture_store,0.0141390999779
2,classroom      ,0.00157936045434
3,reception_room ,0.000557419960387
4,playroom       ,0.000308833696181
