,scene_name,probs
0,bedroom        ,0.746751725674
1,living_room    ,0.176516488194
2,playroom       ,0.0496914163232
3,dining_room    ,0.0121656078845
4,kitchen        ,0.00568823562935
