,scene_name,probs
0,bedroom        ,0.486052781343
1,living_room    ,0.349065989256
2,study          ,0.0833295881748
3,home_office    ,0.0540175549686
4,playroom       ,0.0119558582082
