,scene_name,probs
0,study          ,0.936834692955
1,home_office    ,0.0311138108373
2,bookstore      ,0.0135851306841
3,living_room    ,0.00494216056541
4,furniture_store,0.00331034511328
