,scene_name,probs
0,office         ,0.695719957352
1,living_room    ,0.114234104753
2,bedroom        ,0.0725583657622
3,playroom       ,0.0387586131692
4,kitchen        ,0.0179440323263
