,scene_name,probs
0,dining_room    ,0.364120930433
1,living_room    ,0.215821012855
2,bathroom       ,0.114492371678
3,kitchen        ,0.103692092001
4,playroom       ,0.0636003017426
