,scene_name,probs
0,bookstore      ,0.557294666767
1,kitchen        ,0.135674998164
2,living_room    ,0.124973036349
3,office         ,0.0685824975371
4,dining_room    ,0.042452622205
