,scene_name,probs
0,office_kitchen ,0.854980230331
1,bathroom       ,0.0859313458204
2,reception_room ,0.0262274816632
3,bedroom        ,0.00827355310321
4,playroom       ,0.00719836447388
