,scene_name,probs
0,furniture_store,0.957120418549
1,bookstore      ,0.0218869671226
2,reception_room ,0.00738772377372
3,office         ,0.00525035662577
4,kitchen        ,0.00396906072274
