,scene_name,probs
0,playroom       ,0.271220088005
1,study          ,0.256324619055
2,reception_room ,0.161605864763
3,office_kitchen ,0.0801973566413
4,bathroom       ,0.0499944500625
