,scene_name,probs
0,home_office    ,0.644237399101
1,playroom       ,0.0702266022563
2,bedroom        ,0.0658427923918
3,office         ,0.0647323131561
4,reception_room ,0.034966930747
