,scene_name,probs
0,bedroom        ,0.8546885252
1,home_office    ,0.0556690245867
2,living_room    ,0.0499403104186
3,office         ,0.0189325399697
4,playroom       ,0.00900609977543
