,scene_name,probs
0,furniture_store,0.911783993244
1,bookstore      ,0.0442800149322
2,office         ,0.015684587881
3,living_room    ,0.0117141380906
4,kitchen        ,0.00464144535363
