,scene_name,probs
0,living_room    ,0.351763337851
1,bedroom        ,0.27929058671
2,office         ,0.0956714004278
3,kitchen        ,0.0812647119164
4,study          ,0.0454130582511
