,scene_name,probs
0,study          ,0.400992035866
1,playroom       ,0.190813064575
2,bedroom        ,0.111342415214
3,kitchen        ,0.0849998369813
4,home_office    ,0.0512865819037
