,scene_name,probs
0,home_office    ,0.93112039566
1,living_room    ,0.0278297234327
2,bedroom        ,0.0168565623462
3,playroom       ,0.00650565698743
4,dining_room    ,0.00587409269065
