,scene_name,probs
0,bedroom        ,0.547024428844
1,living_room    ,0.163368433714
2,kitchen        ,0.130113050342
3,bathroom       ,0.0585597679019
4,playroom       ,0.0235991068184
