,scene_name,probs
0,dining_room    ,0.687923908234
1,home_office    ,0.136679381132
2,living_room    ,0.118271611631
3,bedroom        ,0.0124418390915
4,kitchen        ,0.0117420721799
