,scene_name,probs
0,kitchen        ,0.219032719731
1,dining_room    ,0.189323291183
2,office         ,0.16153152287
3,bathroom       ,0.131049305201
4,living_room    ,0.107057482004
