,scene_name,probs
0,reception_room ,0.434916198254
1,study          ,0.421008437872
2,office_kitchen ,0.0566946677864
3,playroom       ,0.0388767793775
4,furniture_store,0.0146541958675
