,scene_name,probs
0,bedroom        ,0.582053720951
1,living_room    ,0.240206643939
2,playroom       ,0.0607720203698
3,classroom      ,0.0582387112081
4,dining_room    ,0.0209782253951
