,scene_name,probs
0,kitchen        ,0.395597279072
1,living_room    ,0.199338614941
2,bedroom        ,0.189879715443
3,office         ,0.0894894078374
4,home_office    ,0.034883338958
