,scene_name,probs
0,office         ,0.884335160255
1,furniture_store,0.0420423857868
2,living_room    ,0.0203935373574
3,playroom       ,0.012574667111
4,bookstore      ,0.0108329718933
