,scene_name,probs
0,bathroom       ,0.551681339741
1,dining_room    ,0.157140091062
2,playroom       ,0.105799257755
3,bedroom        ,0.0917500630021
4,study          ,0.0304718352854
