,scene_name,probs
0,home_office    ,0.29791021347
1,bedroom        ,0.257709473372
2,living_room    ,0.186735853553
3,study          ,0.178114905953
4,playroom       ,0.0512199252844
