,scene_name,probs
0,bathroom       ,0.53532999754
1,kitchen        ,0.162452459335
2,office         ,0.100833468139
3,bedroom        ,0.0700536891818
4,living_room    ,0.0431999303401
