,scene_name,probs
0,classroom      ,0.903244316578
1,playroom       ,0.0440055020154
2,bookstore      ,0.0188824236393
3,home_office    ,0.0128761036322
4,living_room    ,0.0102598574013
