,scene_name,probs
0,living_room    ,0.369470596313
1,bedroom        ,0.272878795862
2,bathroom       ,0.263052523136
3,office         ,0.0318357609212
4,kitchen        ,0.0274869352579
