,scene_name,probs
0,kitchen        ,0.442853718996
1,living_room    ,0.203634485602
2,dining_room    ,0.104657992721
3,bedroom        ,0.0549351982772
4,office         ,0.0316376499832
