,scene_name,probs
0,kitchen        ,0.544825911522
1,dining_room    ,0.120966739953
2,bathroom       ,0.082995519042
3,bedroom        ,0.0810905694962
4,living_room    ,0.0779094174504
