,scene_name,probs
0,classroom      ,0.985175073147
1,bookstore      ,0.0100017599761
2,office         ,0.00133313680999
3,playroom       ,0.000809481018223
4,dining_room    ,0.0007800286985
