,scene_name,probs
0,office_kitchen ,0.934282541275
1,reception_room ,0.0449968390167
2,bathroom       ,0.0109506174922
3,playroom       ,0.00450659915805
4,kitchen        ,0.00240954593755
