,scene_name,probs
0,office_kitchen ,0.852670669556
1,reception_room ,0.0971534252167
2,playroom       ,0.0104664349928
3,study          ,0.00808674655855
4,classroom      ,0.00723663205281
