,scene_name,probs
0,study          ,0.859833419323
1,home_office    ,0.041754681617
2,reception_room ,0.0324021987617
3,playroom       ,0.0241233650595
4,furniture_store,0.0191466361284
