,scene_name,probs
0,bathroom       ,0.283791273832
1,office         ,0.248277172446
2,furniture_store,0.212689399719
3,dining_room    ,0.0687183514237
4,office_kitchen ,0.0551081709564
