,scene_name,probs
0,study          ,0.46128064394
1,playroom       ,0.279448747635
2,reception_room ,0.0756864100695
3,furniture_store,0.0475300364196
4,home_office    ,0.0413721613586
