,scene_name,probs
0,office         ,0.94718003273
1,bathroom       ,0.0115744415671
2,bookstore      ,0.00668270606548
3,furniture_store,0.0053241844289
4,living_room    ,0.00448986934498
