,scene_name,probs
0,bedroom        ,0.925748109818
1,living_room    ,0.0408613011241
2,bathroom       ,0.0111591154709
3,playroom       ,0.00685574812815
4,study          ,0.00664984574541
