,scene_name,probs
0,home_office    ,0.929123342037
1,study          ,0.0291674192995
2,living_room    ,0.0185901634395
3,bedroom        ,0.00538343889639
4,bookstore      ,0.00509697850794
