,scene_name,probs
0,home_office    ,0.68949431181
1,bookstore      ,0.160294950008
2,playroom       ,0.0526248924434
3,classroom      ,0.0343930795789
4,study          ,0.0241220034659
