,scene_name,probs
0,bathroom       ,0.984330356121
1,office_kitchen ,0.00987144839019
2,bedroom        ,0.00176260189619
3,reception_room ,0.00112594407983
4,office         ,0.000884344102815
