,scene_name,probs
0,bathroom       ,0.802360296249
1,kitchen        ,0.119899049401
2,office         ,0.0371437855065
3,study          ,0.0111290710047
4,reception_room ,0.010147171095
