,scene_name,probs
0,reception_room ,0.805247962475
1,study          ,0.0454649142921
2,playroom       ,0.0439113155007
3,office_kitchen ,0.0358517020941
4,home_office    ,0.021486736834
