,scene_name,probs
0,home_office    ,0.50153696537
1,study          ,0.27743768692
2,living_room    ,0.104473941028
3,bookstore      ,0.0469721518457
4,kitchen        ,0.0181212760508
