,scene_name,probs
0,bathroom       ,0.940772294998
1,bedroom        ,0.0328909866512
2,study          ,0.00636321632192
3,kitchen        ,0.00409048609436
4,office         ,0.00302681955509
