,scene_name,probs
0,office         ,0.36186042428
1,living_room    ,0.271421134472
2,bedroom        ,0.224205553532
3,playroom       ,0.0515366829932
4,kitchen        ,0.0302273314446
