,scene_name,probs
0,home_office    ,0.615523397923
1,playroom       ,0.17795625329
2,dining_room    ,0.0413266047835
3,classroom      ,0.034920129925
4,reception_room ,0.0333274081349
