,scene_name,probs
0,classroom      ,0.95947343111
1,office         ,0.0123163163662
2,bedroom        ,0.0101932864636
3,playroom       ,0.00995007716119
4,living_room    ,0.00481647625566
