,scene_name,probs
0,playroom       ,0.392830252647
1,reception_room ,0.342492997646
2,office_kitchen ,0.0955185592175
3,study          ,0.0670369192958
4,classroom      ,0.0361614637077
