,scene_name,probs
0,reception_room ,0.882565259933
1,study          ,0.0445235036314
2,home_office    ,0.0195958744735
3,living_room    ,0.0133635560051
4,office_kitchen ,0.00972510594875
