,scene_name,probs
0,kitchen        ,0.513339519501
1,reception_room ,0.108807101846
2,home_office    ,0.0657326951623
3,living_room    ,0.0470368526876
4,bedroom        ,0.0403936766088
