,scene_name,probs
0,office_kitchen ,0.65714776516
1,kitchen        ,0.104418717325
2,bedroom        ,0.0497584417462
3,office         ,0.0473841764033
4,bathroom       ,0.0292150210589
