,scene_name,probs
0,office         ,0.298226982355
1,playroom       ,0.268292814493
2,dining_room    ,0.0861289575696
3,furniture_store,0.0793785080314
4,study          ,0.0726057812572
