,scene_name,probs
0,reception_room ,0.321786254644
1,kitchen        ,0.137842312455
2,living_room    ,0.119191840291
3,classroom      ,0.103866018355
4,bathroom       ,0.0800627693534
