,scene_name,probs
0,living_room    ,0.362735807896
1,bedroom        ,0.320667117834
2,classroom      ,0.137112647295
3,playroom       ,0.0759379118681
4,office         ,0.0521467998624
