,scene_name,probs
0,bathroom       ,0.456721127033
1,dining_room    ,0.243350848556
2,kitchen        ,0.0955825746059
3,living_room    ,0.0820346921682
4,office         ,0.0272980332375
