,scene_name,probs
0,bedroom        ,0.789486408234
1,living_room    ,0.0532537288964
2,office         ,0.0493006594479
3,playroom       ,0.0354567989707
4,home_office    ,0.0318857096136
