,scene_name,probs
0,living_room    ,0.284606695175
1,dining_room    ,0.236094102263
2,playroom       ,0.12636820972
3,classroom      ,0.0770301520824
4,office         ,0.0737458541989
