,scene_name,probs
0,study          ,0.722728192806
1,bedroom        ,0.156045481563
2,home_office    ,0.0566325299442
3,playroom       ,0.0336215049028
4,bathroom       ,0.0176957249641
