,scene_name,probs
0,bathroom       ,0.393072366714
1,living_room    ,0.247718766332
2,bedroom        ,0.16082456708
3,kitchen        ,0.0936379134655
4,office         ,0.0387876369059
