,scene_name,probs
0,bookstore      ,0.887122392654
1,classroom      ,0.0527606531978
2,living_room    ,0.0159920975566
3,office         ,0.0146156121045
4,kitchen        ,0.00962776690722
