,scene_name,probs
0,bedroom        ,0.28383782506
1,classroom      ,0.170848548412
2,playroom       ,0.123610138893
3,living_room    ,0.103610232472
4,office         ,0.10242754966
