,scene_name,probs
0,bedroom        ,0.631217360497
1,bathroom       ,0.180675581098
2,kitchen        ,0.0519438795745
3,living_room    ,0.0495822280645
4,office         ,0.0363793335855
