,scene_name,probs
0,kitchen        ,0.304620414972
1,living_room    ,0.162041544914
2,reception_room ,0.123070694506
3,office         ,0.104115158319
4,dining_room    ,0.0913581252098
