,scene_name,probs
0,reception_room ,0.900192260742
1,office_kitchen ,0.0297138951719
2,playroom       ,0.0201195441186
3,office         ,0.0144839026034
4,kitchen        ,0.00775957945734
