,scene_name,probs
0,classroom      ,0.955771207809
1,playroom       ,0.0322801433504
2,bookstore      ,0.00465967413038
3,home_office    ,0.00281487568282
4,office_kitchen ,0.00246868794784
