,scene_name,probs
0,dining_room    ,0.265939384699
1,study          ,0.24639543891
2,bathroom       ,0.229683667421
3,home_office    ,0.0652170553803
4,living_room    ,0.0562730245292
