,scene_name,probs
0,home_office    ,0.794662892818
1,playroom       ,0.0992374718189
2,study          ,0.0398911200464
3,bookstore      ,0.0370179004967
4,living_room    ,0.0129321664572
