,scene_name,probs
0,living_room    ,0.752713143826
1,home_office    ,0.107678614557
2,dining_room    ,0.0734938979149
3,bedroom        ,0.0258521139622
4,playroom       ,0.0151628311723
