,scene_name,probs
0,bathroom       ,0.850845992565
1,office_kitchen ,0.118224345148
2,reception_room ,0.0101535506546
3,kitchen        ,0.00981391314417
4,office         ,0.00518325623125
