,scene_name,probs
0,playroom       ,0.392755538225
1,bedroom        ,0.172058418393
2,classroom      ,0.110496640205
3,reception_room ,0.0667423084378
4,office_kitchen ,0.0627735853195
