,scene_name,probs
0,reception_room ,0.841816902161
1,bookstore      ,0.0477588623762
2,study          ,0.0432908684015
3,playroom       ,0.0327343344688
4,furniture_store,0.00978586450219
