,scene_name,probs
0,bedroom        ,0.677479028702
1,living_room    ,0.205740451813
2,bathroom       ,0.0325022153556
3,playroom       ,0.0229997672141
4,home_office    ,0.0163219608366
