,scene_name,probs
0,study          ,0.284964114428
1,living_room    ,0.220232203603
2,bedroom        ,0.21137329936
3,kitchen        ,0.0774159729481
4,dining_room    ,0.0706772729754
