,scene_name,probs
0,bedroom        ,0.817390322685
1,living_room    ,0.104001909494
2,office         ,0.046690043062
3,playroom       ,0.00985110271722
4,dining_room    ,0.00521228415892
