,scene_name,probs
0,playroom       ,0.924829661846
1,bedroom        ,0.0246671661735
2,classroom      ,0.0229821223766
3,living_room    ,0.0117351869121
4,home_office    ,0.00914794486016
