,scene_name,probs
0,bookstore      ,0.960861384869
1,furniture_store,0.0100554702803
2,kitchen        ,0.00732666719705
3,classroom      ,0.00726051535457
4,living_room    ,0.00641680276021
