,scene_name,probs
0,reception_room ,0.774626672268
1,office_kitchen ,0.0777769833803
2,study          ,0.0399406291544
3,playroom       ,0.0367537215352
4,bathroom       ,0.023758681491
