,scene_name,probs
0,classroom      ,0.98004168272
1,playroom       ,0.00424706423655
2,living_room    ,0.00356339314021
3,bedroom        ,0.00354305654764
4,office         ,0.00347543880343
