,scene_name,probs
0,playroom       ,0.959063351154
1,bedroom        ,0.0113759422675
2,living_room    ,0.0101421633735
3,home_office    ,0.00863106362522
4,classroom      ,0.00677744951099
