,scene_name,probs
0,furniture_store,0.90131431818
1,bookstore      ,0.0488722063601
2,reception_room ,0.024976791814
3,study          ,0.0119269136339
4,playroom       ,0.00328806461766
