,scene_name,probs
0,office_kitchen ,0.406379848719
1,kitchen        ,0.134562000632
2,bedroom        ,0.112599931657
3,dining_room    ,0.0675241202116
4,office         ,0.0612389482558
