,scene_name,probs
0,bookstore      ,0.84404194355
1,furniture_store,0.0616669170558
2,study          ,0.03194539994
3,home_office    ,0.0250406581908
4,reception_room ,0.0203037373722
