,scene_name,probs
0,reception_room ,0.946083247662
1,dining_room    ,0.0156219834462
2,office_kitchen ,0.0154861528426
3,office         ,0.00550182303414
4,classroom      ,0.00437288219109
