,scene_name,probs
0,dining_room    ,0.403948426247
1,living_room    ,0.321475923061
2,kitchen        ,0.141819030046
3,bathroom       ,0.0478338114917
4,home_office    ,0.029077835381
