,scene_name,probs
0,dining_room    ,0.895516574383
1,living_room    ,0.033845435828
2,kitchen        ,0.0298284888268
3,home_office    ,0.016353501007
4,bathroom       ,0.0123852286488
