,scene_name,probs
0,bedroom        ,0.300175487995
1,living_room    ,0.197082847357
2,dining_room    ,0.176597386599
3,bathroom       ,0.176561892033
4,kitchen        ,0.071913972497
