,scene_name,probs
0,bedroom        ,0.259622842073
1,bathroom       ,0.209863513708
2,kitchen        ,0.152709141374
3,office_kitchen ,0.131488069892
4,dining_room    ,0.0595776997507
