,scene_name,probs
0,bookstore      ,0.294609844685
1,classroom      ,0.208666488528
2,living_room    ,0.131467804313
3,kitchen        ,0.112907417119
4,home_office    ,0.109433211386
