,scene_name,probs
0,home_office    ,0.917656779289
1,living_room    ,0.0373747423291
2,bedroom        ,0.00962519552559
3,study          ,0.0070638298057
4,reception_room ,0.00653195939958
