,scene_name,probs
0,office_kitchen ,0.610724508762
1,dining_room    ,0.198894038796
2,bathroom       ,0.0768425390124
3,classroom      ,0.0260889083147
4,reception_room ,0.0204495415092
