,scene_name,probs
0,playroom       ,0.274125874043
1,study          ,0.196336090565
2,dining_room    ,0.1891053617
3,bedroom        ,0.09762185812
4,living_room    ,0.088057346642
