,scene_name,probs
0,bathroom       ,0.800127804279
1,dining_room    ,0.109499312937
2,kitchen        ,0.0261663384736
3,home_office    ,0.0159053690732
4,bedroom        ,0.0119782816619
