,scene_name,probs
0,office         ,0.517130374908
1,classroom      ,0.235784590244
2,living_room    ,0.0594551004469
3,dining_room    ,0.0519867427647
4,home_office    ,0.0331006869674
