,scene_name,probs
0,study          ,0.411047160625
1,home_office    ,0.386147856712
2,bookstore      ,0.0682998746634
3,playroom       ,0.0508573651314
4,reception_room ,0.0332444682717
