,scene_name,probs
0,bathroom       ,0.898937046528
1,dining_room    ,0.0413044542074
2,office_kitchen ,0.0171336140484
3,living_room    ,0.0108627649024
4,reception_room ,0.00710480427369
