,scene_name,probs
0,classroom      ,0.690830409527
1,living_room    ,0.0901289656758
2,office         ,0.0678157284856
3,bookstore      ,0.0371377915144
4,kitchen        ,0.0348628759384
