,scene_name,probs
0,office         ,0.912387251854
1,bedroom        ,0.0247732084244
2,kitchen        ,0.020700963214
3,living_room    ,0.0175042413175
4,bathroom       ,0.0139228748158
