,scene_name,probs
0,study          ,0.6930590868
1,home_office    ,0.278641343117
2,playroom       ,0.0220295377076
3,bedroom        ,0.00423726579174
4,living_room    ,0.00123382988386
