,scene_name,probs
0,playroom       ,0.956210613251
1,bedroom        ,0.0148598141968
2,home_office    ,0.00771192414686
3,living_room    ,0.00630022259429
4,classroom      ,0.00625215936452
