,scene_name,probs
0,furniture_store,0.549773514271
1,office_kitchen ,0.117584064603
2,reception_room ,0.102754153311
3,office         ,0.0547120831907
4,playroom       ,0.0489024892449
