,scene_name,probs
0,furniture_store,0.954714417458
1,office         ,0.022070268169
2,living_room    ,0.0095272064209
3,bookstore      ,0.00707972841337
4,reception_room ,0.00221667718142
