,scene_name,probs
0,bathroom       ,0.768574774265
1,dining_room    ,0.0995438620448
2,kitchen        ,0.060117430985
3,living_room    ,0.0251133907586
4,reception_room ,0.0169425457716
