,scene_name,probs
0,bedroom        ,0.527867496014
1,living_room    ,0.253159224987
2,study          ,0.120211727917
3,home_office    ,0.0347439609468
4,kitchen        ,0.0185313560069
