,scene_name,probs
0,bathroom       ,0.983970224857
1,office_kitchen ,0.0100379502401
2,kitchen        ,0.00305323209614
3,dining_room    ,0.000951621914282
4,reception_room ,0.000924755993765
