,scene_name,probs
0,bedroom        ,0.348236620426
1,living_room    ,0.234663814306
2,bathroom       ,0.155745953321
3,kitchen        ,0.0869164988399
4,office         ,0.0587275288999
