,scene_name,probs
0,bedroom        ,0.275851249695
1,living_room    ,0.197201758623
2,playroom       ,0.157262504101
3,dining_room    ,0.112863495946
4,kitchen        ,0.106333591044
