,scene_name,probs
0,bookstore      ,0.805110514164
1,classroom      ,0.0894237086177
2,playroom       ,0.0451481156051
3,furniture_store,0.0314719974995
4,reception_room ,0.0146206812933
