,scene_name,probs
0,bedroom        ,0.418910115957
1,office         ,0.19372458756
2,living_room    ,0.138776868582
3,bathroom       ,0.0956279039383
4,kitchen        ,0.0889973342419
