,scene_name,probs
0,home_office    ,0.923820197582
1,study          ,0.0300336368382
2,living_room    ,0.0222359541804
3,bedroom        ,0.0076699978672
4,bookstore      ,0.00732208322734
