,scene_name,probs
0,furniture_store,0.936133503914
1,bookstore      ,0.0340595841408
2,reception_room ,0.0139294648543
3,study          ,0.00629988964647
4,playroom       ,0.00239942874759
