,scene_name,probs
0,bathroom       ,0.60580509901
1,living_room    ,0.111018911004
2,bedroom        ,0.0961331501603
3,kitchen        ,0.0742149353027
4,office         ,0.029207399115
