,scene_name,probs
0,bathroom       ,0.44317021966
1,bedroom        ,0.137007519603
2,dining_room    ,0.0906939506531
3,living_room    ,0.0833598300815
4,playroom       ,0.0648632049561
