,scene_name,probs
0,bookstore      ,0.98205435276
1,classroom      ,0.00612661102787
2,furniture_store,0.00292749842629
3,kitchen        ,0.00195662560873
4,home_office    ,0.00186223897617
