,scene_name,probs
0,classroom      ,0.833232045174
1,bookstore      ,0.0739659592509
2,furniture_store,0.0278983227909
3,office         ,0.023423448205
4,home_office    ,0.0175510942936
