,scene_name,probs
0,home_office    ,0.444714516401
1,living_room    ,0.270165592432
2,study          ,0.0739677771926
3,bedroom        ,0.0535403341055
4,dining_room    ,0.0510439835489
