,scene_name,probs
0,dining_room    ,0.7002851367
1,kitchen        ,0.096848808229
2,living_room    ,0.0804907530546
3,home_office    ,0.0293222349137
4,bathroom       ,0.0245618261397
