,scene_name,probs
0,bathroom       ,0.43669244647
1,bedroom        ,0.225388795137
2,kitchen        ,0.188919499516
3,dining_room    ,0.0408296138048
4,living_room    ,0.0406673029065
