,scene_name,probs
0,playroom       ,0.880602061749
1,bedroom        ,0.0420955531299
2,living_room    ,0.0377277955413
3,home_office    ,0.0115897320211
4,classroom      ,0.00720750540495
