,scene_name,probs
0,bedroom        ,0.709244847298
1,bathroom       ,0.210623919964
2,living_room    ,0.0307198073715
3,office         ,0.0170938987285
4,kitchen        ,0.00883847009391
