,scene_name,probs
0,office         ,0.912423968315
1,bedroom        ,0.0264016855508
2,kitchen        ,0.0181339625269
3,living_room    ,0.0124498596415
4,home_office    ,0.00972002744675
