,scene_name,probs
0,office         ,0.934492170811
1,classroom      ,0.0259851049632
2,kitchen        ,0.00966264959425
3,reception_room ,0.00521524855867
4,bookstore      ,0.00440888246521
