,scene_name,probs
0,living_room    ,0.574453890324
1,bedroom        ,0.339911907911
2,bathroom       ,0.0258093476295
3,kitchen        ,0.0226199142635
4,dining_room    ,0.0155029706657
