,scene_name,probs
0,kitchen        ,0.523996174335
1,bedroom        ,0.156280726194
2,office         ,0.108979776502
3,living_room    ,0.0604935213923
4,study          ,0.0510086491704
