,scene_name,probs
0,kitchen        ,0.668586015701
1,dining_room    ,0.10253572464
2,living_room    ,0.0858363509178
3,bookstore      ,0.0531160719693
4,reception_room ,0.0314040370286
