,scene_name,probs
0,dining_room    ,0.818315088749
1,home_office    ,0.0534183420241
2,living_room    ,0.0309515893459
3,kitchen        ,0.0222049579024
4,playroom       ,0.0216273572296
