,scene_name,probs
0,bedroom        ,0.547574281693
1,bathroom       ,0.267921775579
2,kitchen        ,0.0929080471396
3,living_room    ,0.0414448790252
4,study          ,0.0134720690548
