,scene_name,probs
0,bathroom       ,0.910598158836
1,bedroom        ,0.0400525182486
2,office_kitchen ,0.0216484945267
3,office         ,0.00872076582164
4,reception_room ,0.00796097982675
