,scene_name,probs
0,kitchen        ,0.273469239473
1,classroom      ,0.213847458363
2,office_kitchen ,0.142383053899
3,playroom       ,0.0735076069832
4,reception_room ,0.0722371563315
