,scene_name,probs
0,reception_room ,0.74986332655
1,kitchen        ,0.113662905991
2,office_kitchen ,0.0263089686632
3,bookstore      ,0.0223598498851
4,living_room    ,0.0198528449982
