,scene_name,probs
0,bedroom        ,0.507992088795
1,office         ,0.193582549691
2,living_room    ,0.191954210401
3,bathroom       ,0.0268225893378
4,study          ,0.0234284345061
