,scene_name,probs
0,living_room    ,0.624019980431
1,dining_room    ,0.167063206434
2,home_office    ,0.0528858415782
3,office         ,0.0304560866207
4,playroom       ,0.022333547473
