,scene_name,probs
0,bedroom        ,0.460341006517
1,playroom       ,0.398497164249
2,classroom      ,0.0571668110788
3,living_room    ,0.0388547703624
4,office_kitchen ,0.0192966088653
