,scene_name,probs
0,bookstore      ,0.97401368618
1,furniture_store,0.0116190910339
2,classroom      ,0.00591883761808
3,dining_room    ,0.00297292042524
4,office         ,0.00244775926694
