,scene_name,probs
0,office_kitchen ,0.863459169865
1,reception_room ,0.0768413245678
2,playroom       ,0.0161698553711
3,office         ,0.00791014544666
4,classroom      ,0.00760522624478
