,scene_name,probs
0,bathroom       ,0.939410507679
1,office_kitchen ,0.0240390524268
2,kitchen        ,0.0206313673407
3,dining_room    ,0.0107904933393
4,reception_room ,0.00354418391362
