,scene_name,probs
0,reception_room ,0.691642820835
1,kitchen        ,0.0596165843308
2,living_room    ,0.0546705499291
3,playroom       ,0.0516613684595
4,study          ,0.0446147695184
