,scene_name,probs
0,living_room    ,0.476380616426
1,bedroom        ,0.351609230042
2,office         ,0.0767158642411
3,playroom       ,0.0339231826365
4,home_office    ,0.0131220333278
