,scene_name,probs
0,living_room    ,0.582743108273
1,bedroom        ,0.258340984583
2,kitchen        ,0.0429244227707
3,dining_room    ,0.0283530559391
4,home_office    ,0.0259556118399
