,scene_name,probs
0,bedroom        ,0.430987864733
1,living_room    ,0.294385761023
2,office         ,0.12362549454
3,study          ,0.0700050741434
4,kitchen        ,0.0320311449468
