,scene_name,probs
0,bedroom        ,0.453298419714
1,office         ,0.215552449226
2,living_room    ,0.213321954012
3,study          ,0.0275114048272
4,bathroom       ,0.0258834343404
