,scene_name,probs
0,living_room    ,0.566176474094
1,dining_room    ,0.196225136518
2,kitchen        ,0.0748910456896
3,furniture_store,0.0384690128267
4,home_office    ,0.0331099890172
