,scene_name,probs
0,living_room    ,0.443165272474
1,bedroom        ,0.282095432281
2,playroom       ,0.121723309159
3,home_office    ,0.0994648188353
4,dining_room    ,0.0285122767091
