,scene_name,probs
0,bookstore      ,0.938800871372
1,home_office    ,0.0279915928841
2,playroom       ,0.012149981223
3,classroom      ,0.00803917925805
4,study          ,0.004471804481
