,scene_name,probs
0,office_kitchen ,0.313996583223
1,study          ,0.300848037004
2,reception_room ,0.160294666886
3,bathroom       ,0.0819135531783
4,playroom       ,0.0633457675576
