,scene_name,probs
0,living_room    ,0.254942059517
1,office         ,0.152198061347
2,study          ,0.143448874354
3,home_office    ,0.137406215072
4,playroom       ,0.0876789093018
