,scene_name,probs
0,kitchen        ,0.385567486286
1,bookstore      ,0.171947211027
2,furniture_store,0.161687478423
3,reception_room ,0.0985134020448
4,living_room    ,0.0542034767568
