,scene_name,probs
0,bathroom       ,0.937968194485
1,reception_room ,0.0196571778506
2,furniture_store,0.0114230206236
3,kitchen        ,0.00895178504288
4,office         ,0.00750710908324
