,scene_name,probs
0,study          ,0.817702353001
1,home_office    ,0.129243090749
2,playroom       ,0.0273871347308
3,bedroom        ,0.0106666432694
4,living_room    ,0.00620466470718
