,scene_name,probs
0,dining_room    ,0.87633907795
1,living_room    ,0.0612487159669
2,kitchen        ,0.0386875905097
3,home_office    ,0.00874816812575
4,bathroom       ,0.00450210599229
