,scene_name,probs
0,furniture_store,0.961132764816
1,bookstore      ,0.0246168356389
2,living_room    ,0.00453401403502
3,kitchen        ,0.00338296289556
4,reception_room ,0.00288769113831
