,scene_name,probs
0,study          ,0.657626032829
1,bedroom        ,0.244992509484
2,home_office    ,0.0463598519564
3,living_room    ,0.0189102869481
4,playroom       ,0.0164461620152
