,scene_name,probs
0,reception_room ,0.525998353958
1,office_kitchen ,0.206248492002
2,home_office    ,0.0792300775647
3,playroom       ,0.0627540573478
4,classroom      ,0.0506879389286
