,scene_name,probs
0,office         ,0.549450993538
1,playroom       ,0.151069924235
2,reception_room ,0.0700326189399
3,study          ,0.0564836114645
4,furniture_store,0.0517921745777
