,scene_name,probs
0,playroom       ,0.391183316708
1,bedroom        ,0.338890522718
2,living_room    ,0.13721331954
3,study          ,0.0741571560502
4,home_office    ,0.0269534792751
