,scene_name,probs
0,living_room    ,0.574190199375
1,home_office    ,0.157680898905
2,dining_room    ,0.112980246544
3,bedroom        ,0.0479773804545
4,kitchen        ,0.0287558659911
