,scene_name,probs
0,living_room    ,0.785209417343
1,bedroom        ,0.0691825971007
2,home_office    ,0.0399558097124
3,study          ,0.0368500165641
4,dining_room    ,0.0278620198369
