,scene_name,probs
0,study          ,0.784566402435
1,home_office    ,0.176680356264
2,bedroom        ,0.0173515249044
3,playroom       ,0.016174480319
4,living_room    ,0.00250728731044
