,scene_name,probs
0,office         ,0.825779616833
1,furniture_store,0.0830633714795
2,living_room    ,0.0543438456953
3,classroom      ,0.0139300338924
4,dining_room    ,0.00912971794605
