,scene_name,probs
0,home_office    ,0.811384320259
1,study          ,0.102410703897
2,bedroom        ,0.048608738929
3,living_room    ,0.0243158917874
4,playroom       ,0.00774609716609
