,scene_name,probs
0,bedroom        ,0.945887506008
1,bathroom       ,0.0241536330432
2,living_room    ,0.013502381742
3,study          ,0.00927897542715
4,kitchen        ,0.00310893333517
