,scene_name,probs
0,bedroom        ,0.659302830696
1,study          ,0.157271206379
2,living_room    ,0.0831113904715
3,home_office    ,0.0528818517923
4,playroom       ,0.0232798326761
