,scene_name,probs
0,bedroom        ,0.947209775448
1,living_room    ,0.0381303839386
2,playroom       ,0.00592547189444
3,home_office    ,0.00317053636536
4,study          ,0.0029270965606
