,scene_name,probs
0,bookstore      ,0.480436176062
1,furniture_store,0.166944220662
2,living_room    ,0.117973797023
3,dining_room    ,0.114758774638
4,kitchen        ,0.0675232261419
