,scene_name,probs
0,bedroom        ,0.53007632494
1,office         ,0.096405737102
2,office_kitchen ,0.0754165202379
3,living_room    ,0.073741748929
4,reception_room ,0.0649327784777
