,scene_name,probs
0,reception_room ,0.373759061098
1,bathroom       ,0.295967489481
2,furniture_store,0.134794667363
3,dining_room    ,0.0979284718633
4,living_room    ,0.026819601655
