,scene_name,probs
0,study          ,0.836042940617
1,home_office    ,0.0631988793612
2,playroom       ,0.0480004958808
3,reception_room ,0.0378897823393
4,bookstore      ,0.0042298543267
