,scene_name,probs
0,bedroom        ,0.786315441132
1,living_room    ,0.119283899665
2,playroom       ,0.057279907167
3,study          ,0.0116161797196
4,bathroom       ,0.00780185079202
