,scene_name,probs
0,kitchen        ,0.341344416142
1,bathroom       ,0.178696662188
2,office         ,0.178053870797
3,bedroom        ,0.138342306018
4,living_room    ,0.0608108267188
