,scene_name,probs
0,office_kitchen ,0.960561871529
1,reception_room ,0.0250316411257
2,study          ,0.00347432587296
3,bedroom        ,0.00316867535003
4,office         ,0.00271242042072
