,scene_name,probs
0,living_room    ,0.698638677597
1,bookstore      ,0.0632005706429
2,kitchen        ,0.0624978542328
3,office         ,0.042772680521
4,furniture_store,0.0337707027793
