,scene_name,probs
0,bookstore      ,0.81841635704
1,classroom      ,0.134839430451
2,office         ,0.0102301994339
3,furniture_store,0.00894825160503
4,kitchen        ,0.00688659911975
