,scene_name,probs
0,bedroom        ,0.70036906004
1,living_room    ,0.102921970189
2,home_office    ,0.0942218154669
3,playroom       ,0.0317490622401
4,kitchen        ,0.0203478634357
