,scene_name,probs
0,office         ,0.729249358177
1,bedroom        ,0.169264659286
2,living_room    ,0.0395576991141
3,playroom       ,0.0201090723276
4,kitchen        ,0.015908639878
