,scene_name,probs
0,bathroom       ,0.979628205299
1,office_kitchen ,0.00683608325198
2,office         ,0.00508475024253
3,reception_room ,0.00312057277188
4,kitchen        ,0.00234902068041
