,scene_name,probs
0,classroom      ,0.979188978672
1,playroom       ,0.00518200872466
2,bookstore      ,0.00403150776401
3,living_room    ,0.00341987144202
4,bedroom        ,0.00218310579658
