,scene_name,probs
0,office         ,0.785026431084
1,bathroom       ,0.058876182884
2,bedroom        ,0.0586131252348
3,living_room    ,0.0566553734243
4,kitchen        ,0.01460134238
