,scene_name,probs
0,furniture_store,0.905077815056
1,bookstore      ,0.0502964518964
2,reception_room ,0.022037550807
3,playroom       ,0.00835984759033
4,study          ,0.00735392328352
