,scene_name,probs
0,bookstore      ,0.62086725235
1,living_room    ,0.150444969535
2,kitchen        ,0.06912650913
3,furniture_store,0.0448840335011
4,home_office    ,0.0290952846408
