,scene_name,probs
0,bedroom        ,0.677846670151
1,living_room    ,0.221864387393
2,office         ,0.0362202711403
3,home_office    ,0.0190657116473
4,kitchen        ,0.0146777657792
