,scene_name,probs
0,classroom      ,0.991912484169
1,bookstore      ,0.00364644848742
2,playroom       ,0.00135049142409
3,office         ,0.00116606650408
4,living_room    ,0.000581232248805
