,scene_name,probs
0,bedroom        ,0.697263002396
1,playroom       ,0.133113533258
2,living_room    ,0.11928601563
3,bathroom       ,0.0147049706429
4,study          ,0.0119593022391
