,scene_name,probs
0,bedroom        ,0.302324742079
1,office         ,0.204232439399
2,classroom      ,0.157361134887
3,living_room    ,0.116539157927
4,playroom       ,0.111451089382
