,scene_name,probs
0,reception_room ,0.755775988102
1,dining_room    ,0.0363360308111
2,office_kitchen ,0.031824991107
3,kitchen        ,0.0256918724626
4,study          ,0.0254557412118
