,scene_name,probs
0,furniture_store,0.96480846405
1,office         ,0.0113800438121
2,reception_room ,0.00632597133517
3,bookstore      ,0.0059803109616
4,dining_room    ,0.00560453953221
