,scene_name,probs
0,kitchen        ,0.611662209034
1,office         ,0.156095087528
2,bedroom        ,0.0424865148962
3,bathroom       ,0.0339675433934
4,dining_room    ,0.0318060703576
