,scene_name,probs
0,playroom       ,0.65478092432
1,study          ,0.166510686278
2,bookstore      ,0.0694373100996
3,reception_room ,0.0373279638588
4,home_office    ,0.0243985075504
