,scene_name,probs
0,home_office    ,0.787999153137
1,study          ,0.108589448035
2,living_room    ,0.0433277115226
3,bedroom        ,0.0176911335438
4,bookstore      ,0.0134358527139
