,scene_name,probs
0,bedroom        ,0.709810435772
1,office_kitchen ,0.0793162435293
2,reception_room ,0.0445553474128
3,study          ,0.0355162210763
4,playroom       ,0.0303012616932
