,scene_name,probs
0,study          ,0.231624007225
1,reception_room ,0.219141855836
2,home_office    ,0.200815856457
3,bookstore      ,0.16073615849
4,playroom       ,0.112926766276
