,scene_name,probs
0,bedroom        ,0.656566798687
1,playroom       ,0.251078814268
2,living_room    ,0.0523502118886
3,dining_room    ,0.0118310684338
4,classroom      ,0.0108294468373
