,scene_name,probs
0,reception_room ,0.430223494768
1,playroom       ,0.339395135641
2,study          ,0.0722745135427
3,office_kitchen ,0.0436153002083
4,bookstore      ,0.0291242208332
