,scene_name,probs
0,furniture_store,0.950570106506
1,bookstore      ,0.0179773736745
2,dining_room    ,0.0154173821211
3,living_room    ,0.00675662793219
4,reception_room ,0.00405535334721
