,scene_name,probs
0,home_office    ,0.306125789881
1,living_room    ,0.284585833549
2,dining_room    ,0.151060521603
3,study          ,0.0827929899096
4,playroom       ,0.0659468248487
