,scene_name,probs
0,bedroom        ,0.953242003918
1,living_room    ,0.018767055124
2,playroom       ,0.0153302606195
3,kitchen        ,0.00377461337484
4,study          ,0.00278122886084
