,scene_name,probs
0,office_kitchen ,0.883589625359
1,reception_room ,0.0597264431417
2,bathroom       ,0.0238416790962
3,office         ,0.0150540405884
4,playroom       ,0.00507623469457
