,scene_name,probs
0,bedroom        ,0.458611756563
1,living_room    ,0.250065207481
2,home_office    ,0.187129199505
3,study          ,0.0614429190755
4,kitchen        ,0.0139907728881
