,scene_name,probs
0,office_kitchen ,0.805571198463
1,kitchen        ,0.13109959662
2,bathroom       ,0.0448508486152
3,reception_room ,0.0127708204091
4,bedroom        ,0.00223343679681
