,scene_name,probs
0,playroom       ,0.341112345457
1,classroom      ,0.29001018405
2,reception_room ,0.197801947594
3,home_office    ,0.061661157757
4,office_kitchen ,0.0425516143441
