,scene_name,probs
0,furniture_store,0.926968812943
1,bookstore      ,0.0209971182048
2,reception_room ,0.0158928576857
3,playroom       ,0.0137381227687
4,classroom      ,0.00808250159025
