,scene_name,probs
0,bedroom        ,0.886300384998
1,living_room    ,0.0525400340557
2,office         ,0.0181749984622
3,playroom       ,0.0171221271157
4,classroom      ,0.00862784683704
