,scene_name,probs
0,classroom      ,0.993381500244
1,bookstore      ,0.00460523366928
2,office         ,0.000481694325572
3,home_office    ,0.000429977895692
4,playroom       ,0.000301881373161
