,scene_name,probs
0,bedroom        ,0.430324226618
1,living_room    ,0.271258622408
2,bathroom       ,0.155371636152
3,office         ,0.065131187439
4,home_office    ,0.0236872639507
