,scene_name,probs
0,bedroom        ,0.840448856354
1,living_room    ,0.0683773458004
2,home_office    ,0.0544831566513
3,study          ,0.0163712576032
4,playroom       ,0.0152191203088
