,scene_name,probs
0,bedroom        ,0.422282189131
1,living_room    ,0.33772200346
2,dining_room    ,0.0956968218088
3,playroom       ,0.0436022393405
4,study          ,0.0297992154956
