,scene_name,probs
0,dining_room    ,0.38951587677
1,living_room    ,0.201367586851
2,kitchen        ,0.113406926394
3,bedroom        ,0.101608380675
4,office         ,0.0475534535944
