,scene_name,probs
0,bathroom       ,0.886963844299
1,office_kitchen ,0.0297984033823
2,bedroom        ,0.029193866998
3,kitchen        ,0.0173624306917
4,office         ,0.0117619037628
