,scene_name,probs
0,dining_room    ,0.396896362305
1,playroom       ,0.286362200975
2,living_room    ,0.100034750998
3,office         ,0.0702683702111
4,classroom      ,0.0408087335527
