,scene_name,probs
0,dining_room    ,0.487868666649
1,living_room    ,0.278894007206
2,bathroom       ,0.0784319862723
3,kitchen        ,0.0434274971485
4,bedroom        ,0.0313989259303
