,scene_name,probs
0,bathroom       ,0.615405142307
1,kitchen        ,0.193354323506
2,office_kitchen ,0.0610905177891
3,reception_room ,0.0495259799063
4,living_room    ,0.0193374864757
