,scene_name,probs
0,dining_room    ,0.636312246323
1,furniture_store,0.165932804346
2,bookstore      ,0.0432770401239
3,playroom       ,0.0407251380384
4,reception_room ,0.0344390124083
