,scene_name,probs
0,classroom      ,0.542471587658
1,bedroom        ,0.136942863464
2,playroom       ,0.100182048976
3,living_room    ,0.0673385933042
4,office         ,0.0666018426418
