,scene_name,probs
0,study          ,0.891129374504
1,home_office    ,0.0702158883214
2,bedroom        ,0.0191849227995
3,playroom       ,0.00821585115045
4,bathroom       ,0.00611372059211
