,scene_name,probs
0,study          ,0.710504710674
1,home_office    ,0.251799285412
2,playroom       ,0.0227317735553
3,bedroom        ,0.00963454414159
4,living_room    ,0.0021841537673
