,scene_name,probs
0,classroom      ,0.897250652313
1,bookstore      ,0.0827522203326
2,home_office    ,0.0103771081194
3,playroom       ,0.00321823940612
4,furniture_store,0.0029901007656
