,scene_name,probs
0,kitchen        ,0.526556074619
1,living_room    ,0.175558507442
2,dining_room    ,0.145570144057
3,home_office    ,0.0559450723231
4,bedroom        ,0.0230752415955
