,scene_name,probs
0,living_room    ,0.366419672966
1,bookstore      ,0.298821210861
2,dining_room    ,0.173079311848
3,kitchen        ,0.0762957260013
4,furniture_store,0.0259902682155
