,scene_name,probs
0,home_office    ,0.836580753326
1,study          ,0.102707996964
2,playroom       ,0.0261731147766
3,living_room    ,0.0147664630786
4,reception_room ,0.00789091922343
