,scene_name,probs
0,office         ,0.627275705338
1,kitchen        ,0.120396494865
2,bathroom       ,0.106453262269
3,living_room    ,0.0918215736747
4,dining_room    ,0.0282376632094
