,scene_name,probs
0,classroom      ,0.993226706982
1,bookstore      ,0.00289692310616
2,office         ,0.00125256134197
3,playroom       ,0.00097008299781
4,living_room    ,0.000548236479517
