,scene_name,probs
0,furniture_store,0.747376859188
1,bookstore      ,0.13500417769
2,living_room    ,0.0234406031668
3,office         ,0.0223035831004
4,dining_room    ,0.0183506086469
