,scene_name,probs
0,living_room    ,0.575467467308
1,bedroom        ,0.316100120544
2,dining_room    ,0.0482608117163
3,home_office    ,0.0311287343502
4,playroom       ,0.0156805254519
