,scene_name,probs
0,study          ,0.637048125267
1,living_room    ,0.181319624186
2,home_office    ,0.0412591695786
3,dining_room    ,0.0372752733529
4,bathroom       ,0.0357367098331
