,scene_name,probs
0,bathroom       ,0.630089461803
1,bedroom        ,0.298464626074
2,kitchen        ,0.0382168032229
3,living_room    ,0.0121956244111
4,office         ,0.00997871812433
