,scene_name,probs
0,kitchen        ,0.438237816095
1,bedroom        ,0.128887981176
2,dining_room    ,0.122110791504
3,living_room    ,0.112827077508
4,bathroom       ,0.0624806433916
