,scene_name,probs
0,reception_room ,0.776225030422
1,kitchen        ,0.0450146459043
2,office_kitchen ,0.044669367373
3,living_room    ,0.0237112361938
4,bedroom        ,0.0228841491044
