,scene_name,probs
0,furniture_store,0.677218198776
1,bookstore      ,0.301392734051
2,classroom      ,0.0130468141288
3,reception_room ,0.00301341689192
4,office         ,0.00158418226056
