,scene_name,probs
0,study          ,0.205973640084
1,reception_room ,0.144995287061
2,office         ,0.133630722761
3,office_kitchen ,0.112970270216
4,home_office    ,0.111991748214
