,scene_name,probs
0,living_room    ,0.460827708244
1,kitchen        ,0.153982356191
2,home_office    ,0.0789332687855
3,reception_room ,0.0724801421165
4,dining_room    ,0.0594164393842
