,scene_name,probs
0,bedroom        ,0.665106117725
1,living_room    ,0.163403779268
2,playroom       ,0.0636931806803
3,kitchen        ,0.0534699112177
4,study          ,0.019879495725
