,scene_name,probs
0,reception_room ,0.699799835682
1,study          ,0.0729266405106
2,home_office    ,0.0676584243774
3,playroom       ,0.0590846650302
4,bookstore      ,0.0198668502271
