,scene_name,probs
0,bookstore      ,0.925846099854
1,furniture_store,0.028740350157
2,classroom      ,0.0188218336552
3,playroom       ,0.010632368736
4,home_office    ,0.00735953589901
