,scene_name,probs
0,bathroom       ,0.379626870155
1,dining_room    ,0.16041778028
2,bedroom        ,0.141997128725
3,living_room    ,0.132445067167
4,kitchen        ,0.0637004896998
