,scene_name,probs
0,office         ,0.870854318142
1,living_room    ,0.0680040493608
2,classroom      ,0.0140468887985
3,furniture_store,0.0117810117081
4,playroom       ,0.0113362865523
