,scene_name,probs
0,reception_room ,0.909656643867
1,furniture_store,0.0469241924584
2,bathroom       ,0.0113067785278
3,kitchen        ,0.00712655484676
4,office_kitchen ,0.00682345917448
