,scene_name,probs
0,playroom       ,0.304670453072
1,home_office    ,0.183637320995
2,study          ,0.144360989332
3,bedroom        ,0.125957876444
4,classroom      ,0.0513265319169
