,scene_name,probs
0,office         ,0.320133984089
1,classroom      ,0.214940428734
2,living_room    ,0.148994192481
3,reception_room ,0.0824078470469
4,office_kitchen ,0.0367446579039
