,scene_name,probs
0,office         ,0.872188866138
1,bedroom        ,0.069404438138
2,living_room    ,0.0326559059322
3,kitchen        ,0.0167455133051
4,bathroom       ,0.00253740837798
