,scene_name,probs
0,bookstore      ,0.991240561008
1,furniture_store,0.00456965342164
2,classroom      ,0.00257528340444
3,office         ,0.000462607014924
4,kitchen        ,0.000460925861262
