,scene_name,probs
0,bookstore      ,0.965458035469
1,classroom      ,0.011831684038
2,office         ,0.00859859678894
3,furniture_store,0.00437463307753
4,living_room    ,0.00377640197985
