,scene_name,probs
0,home_office    ,0.712222456932
1,study          ,0.14776276052
2,dining_room    ,0.0511767342687
3,playroom       ,0.0380128435791
4,bedroom        ,0.0253739375621
