,scene_name,probs
0,bathroom       ,0.580667734146
1,office_kitchen ,0.169883072376
2,office         ,0.0530446507037
3,reception_room ,0.041882943362
4,kitchen        ,0.0386777706444
