,scene_name,probs
0,reception_room ,0.277457982302
1,kitchen        ,0.266331374645
2,bookstore      ,0.123714089394
3,living_room    ,0.0885797739029
4,dining_room    ,0.0512319654226
