,scene_name,probs
0,classroom      ,0.957948327065
1,bedroom        ,0.015177981928
2,playroom       ,0.0121802762151
3,home_office    ,0.00391890527681
4,office         ,0.00351748010144
