,scene_name,probs
0,home_office    ,0.594868063927
1,bedroom        ,0.0978427380323
2,kitchen        ,0.0896293073893
3,living_room    ,0.0863226652145
4,study          ,0.0434453003109
