,scene_name,probs
0,office_kitchen ,0.781619727612
1,bathroom       ,0.0626395121217
2,reception_room ,0.0607284270227
3,bedroom        ,0.0457220561802
4,office         ,0.0108015453443
