,scene_name,probs
0,classroom      ,0.575068593025
1,bedroom        ,0.145875483751
2,office         ,0.0680177658796
3,playroom       ,0.0631819367409
4,living_room    ,0.0509641878307
