,scene_name,probs
0,home_office    ,0.693934500217
1,study          ,0.178655430675
2,living_room    ,0.0742402300239
3,bedroom        ,0.0254994574934
4,kitchen        ,0.0100075332448
