,scene_name,probs
0,bedroom        ,0.696561872959
1,bathroom       ,0.125645622611
2,kitchen        ,0.0899680778384
3,living_room    ,0.0328491814435
4,playroom       ,0.0223541799933
