,scene_name,probs
0,living_room    ,0.445793360472
1,dining_room    ,0.190365314484
2,kitchen        ,0.122268237174
3,furniture_store,0.103782340884
4,bookstore      ,0.0731941238046
