,scene_name,probs
0,study          ,0.755271971226
1,home_office    ,0.141579851508
2,playroom       ,0.0787296667695
3,reception_room ,0.0075260149315
4,living_room    ,0.00627850787714
