,scene_name,probs
0,living_room    ,0.400957494974
1,dining_room    ,0.206551387906
2,bedroom        ,0.151433095336
3,kitchen        ,0.0784158632159
4,playroom       ,0.0432899259031
