,scene_name,probs
0,dining_room    ,0.466642588377
1,living_room    ,0.196914553642
2,bedroom        ,0.164616107941
3,home_office    ,0.0773905068636
4,playroom       ,0.0706159323454
