,scene_name,probs
0,reception_room ,0.572768032551
1,kitchen        ,0.201094150543
2,living_room    ,0.0569969527423
3,bathroom       ,0.0485525168478
4,office_kitchen ,0.030014295131
