,scene_name,probs
0,dining_room    ,0.435857474804
1,home_office    ,0.351632475853
2,living_room    ,0.0781472027302
3,playroom       ,0.0608158186078
4,study          ,0.0293625611812
