,scene_name,probs
0,home_office    ,0.398621886969
1,living_room    ,0.202577665448
2,classroom      ,0.092538818717
3,dining_room    ,0.0895566120744
4,playroom       ,0.0676255226135
