,scene_name,probs
0,reception_room ,0.902529656887
1,office_kitchen ,0.0348020121455
2,study          ,0.023749127984
3,bathroom       ,0.0116561446339
4,kitchen        ,0.00778648164123
