,scene_name,probs
0,playroom       ,0.397499442101
1,home_office    ,0.141409054399
2,living_room    ,0.118087798357
3,office         ,0.0992245674133
4,bedroom        ,0.097442984581
