,scene_name,probs
0,bathroom       ,0.911477565765
1,dining_room    ,0.0325070470572
2,kitchen        ,0.0230052210391
3,bedroom        ,0.0161233395338
4,living_room    ,0.00611792365089
