,scene_name,probs
0,classroom      ,0.944694042206
1,office         ,0.0219584982842
2,living_room    ,0.00997203495353
3,bedroom        ,0.00690596131608
4,playroom       ,0.00596138974652
