,scene_name,probs
0,bathroom       ,0.965953409672
1,bedroom        ,0.0118220448494
2,office_kitchen ,0.00638013705611
3,kitchen        ,0.00569060910493
4,study          ,0.00363496644422
