,scene_name,probs
0,classroom      ,0.928982019424
1,living_room    ,0.0292446538806
2,bedroom        ,0.00832154136151
3,playroom       ,0.00819144956768
4,office_kitchen ,0.0061168349348
