,scene_name,probs
0,classroom      ,0.980802416801
1,office         ,0.00746339047328
2,playroom       ,0.00512477988377
3,bookstore      ,0.00254470296204
4,furniture_store,0.00129478436429
