,scene_name,probs
0,office         ,0.402914881706
1,reception_room ,0.179605349898
2,dining_room    ,0.115061886609
3,office_kitchen ,0.0850755721331
4,home_office    ,0.0723306015134
