,scene_name,probs
0,bedroom        ,0.567299485207
1,study          ,0.211299657822
2,living_room    ,0.101599127054
3,bathroom       ,0.0581042207778
4,home_office    ,0.0317426808178
