,scene_name,probs
0,bedroom        ,0.257677167654
1,living_room    ,0.188121855259
2,dining_room    ,0.138055875897
3,office         ,0.112853676081
4,playroom       ,0.0986954346299
