,scene_name,probs
0,playroom       ,0.336814939976
1,bedroom        ,0.321446359158
2,living_room    ,0.12567332387
3,office         ,0.0622586533427
4,dining_room    ,0.0443884208798
