,scene_name,probs
0,dining_room    ,0.802233457565
1,living_room    ,0.0875225290656
2,kitchen        ,0.0289790071547
3,home_office    ,0.0197577495128
4,bathroom       ,0.0160917304456
