,scene_name,probs
0,bedroom        ,0.468694448471
1,bathroom       ,0.398963093758
2,office         ,0.033795516938
3,office_kitchen ,0.0302395354956
4,kitchen        ,0.021960908547
