,scene_name,probs
0,bathroom       ,0.8922701478
1,kitchen        ,0.0666305199265
2,reception_room ,0.0127688981593
3,office_kitchen ,0.0085682393983
4,dining_room    ,0.00651844404638
