,scene_name,probs
0,study          ,0.731498241425
1,home_office    ,0.201186820865
2,playroom       ,0.0399191305041
3,reception_room ,0.00961833354086
4,dining_room    ,0.00685407221317
