,scene_name,probs
0,living_room    ,0.237053483725
1,dining_room    ,0.150839984417
2,bathroom       ,0.116730950773
3,bedroom        ,0.11497990787
4,study          ,0.100630089641
