,scene_name,probs
0,furniture_store,0.969082534313
1,living_room    ,0.00990300253034
2,office         ,0.00904448702931
3,bookstore      ,0.00394422607496
4,dining_room    ,0.00210045278072
