,scene_name,probs
0,furniture_store,0.845837950706
1,bookstore      ,0.119044400752
2,classroom      ,0.0141307804734
3,reception_room ,0.00888227950782
4,playroom       ,0.00679968856275
