,scene_name,probs
0,home_office    ,0.485539168119
1,study          ,0.339232236147
2,bookstore      ,0.0619179308414
3,reception_room ,0.0332732349634
4,classroom      ,0.0267832614481
