,scene_name,probs
0,bathroom       ,0.822098076344
1,bedroom        ,0.0735128894448
2,kitchen        ,0.0466220751405
3,living_room    ,0.0320438295603
4,office         ,0.0107415430248
