,scene_name,probs
0,office         ,0.389303296804
1,living_room    ,0.277067154646
2,kitchen        ,0.129530385137
3,bathroom       ,0.0772870108485
4,bedroom        ,0.033024597913
