,scene_name,probs
0,bathroom       ,0.303448975086
1,bedroom        ,0.221286281943
2,study          ,0.153052836657
3,kitchen        ,0.0703897625208
4,office         ,0.0666248947382
