,scene_name,probs
0,bookstore      ,0.445098221302
1,home_office    ,0.357550829649
2,study          ,0.0972176268697
3,reception_room ,0.0458207726479
4,classroom      ,0.0256476402283
