,scene_name,probs
0,office         ,0.630897939205
1,bedroom        ,0.161704838276
2,kitchen        ,0.0759127512574
3,living_room    ,0.0635223016143
4,classroom      ,0.016210468486
