,scene_name,probs
0,playroom       ,0.282878756523
1,dining_room    ,0.218378528953
2,living_room    ,0.184978604317
3,bedroom        ,0.146936386824
4,classroom      ,0.100056491792
