,scene_name,probs
0,bathroom       ,0.383941650391
1,kitchen        ,0.336740940809
2,office_kitchen ,0.182285442948
3,bedroom        ,0.0513986311853
4,reception_room ,0.0286736618727
