,scene_name,probs
0,bedroom        ,0.486616760492
1,office         ,0.214531868696
2,kitchen        ,0.0705493763089
3,living_room    ,0.0694476813078
4,office_kitchen ,0.0401034653187
