,scene_name,probs
0,home_office    ,0.373378008604
1,playroom       ,0.373002171516
2,classroom      ,0.113350145519
3,study          ,0.0700876191258
4,bookstore      ,0.0190250761807
