,scene_name,probs
0,home_office    ,0.832379877567
1,living_room    ,0.0902708470821
2,kitchen        ,0.022211490199
3,study          ,0.0148366382346
4,dining_room    ,0.0110404258594
