,scene_name,probs
0,bookstore      ,0.985214412212
1,classroom      ,0.00456655491143
2,furniture_store,0.00303979194723
3,kitchen        ,0.00289917527698
4,living_room    ,0.00178768578917
