,scene_name,probs
0,office         ,0.851975798607
1,classroom      ,0.0798231586814
2,living_room    ,0.0384162180126
3,bedroom        ,0.0132482899353
4,playroom       ,0.00386059004813
