,scene_name,probs
0,home_office    ,0.738106191158
1,playroom       ,0.0812548547983
2,classroom      ,0.0392268523574
3,study          ,0.0358318015933
4,living_room    ,0.0351373441517
