,scene_name,probs
0,living_room    ,0.543216228485
1,dining_room    ,0.198209106922
2,kitchen        ,0.140926256776
3,bathroom       ,0.0351239331067
4,office         ,0.0233263801783
