,scene_name,probs
0,classroom      ,0.92779147625
1,bookstore      ,0.0277537945658
2,playroom       ,0.0253524854779
3,home_office    ,0.00644524209201
4,furniture_store,0.00514853047207
