,scene_name,probs
0,kitchen        ,0.510079860687
1,living_room    ,0.318022757769
2,study          ,0.0350693613291
3,playroom       ,0.0349039100111
4,dining_room    ,0.0324394106865
