,scene_name,probs
0,office_kitchen ,0.719215750694
1,reception_room ,0.130890548229
2,playroom       ,0.0797932595015
3,classroom      ,0.0219719391316
4,office         ,0.0147558804601
