,scene_name,probs
0,bedroom        ,0.809953570366
1,living_room    ,0.0894138738513
2,playroom       ,0.0886670723557
3,home_office    ,0.00345966638997
4,study          ,0.00249091675505
