,scene_name,probs
0,furniture_store,0.715169847012
1,dining_room    ,0.0854913145304
2,bookstore      ,0.0784944966435
3,living_room    ,0.0673681050539
4,kitchen        ,0.0285815931857
