,scene_name,probs
0,playroom       ,0.826531648636
1,study          ,0.0660809203982
2,home_office    ,0.0514768958092
3,reception_room ,0.0126221552491
4,classroom      ,0.0120687382296
