,scene_name,probs
0,office         ,0.325060874224
1,living_room    ,0.30977243185
2,kitchen        ,0.119070209563
3,bathroom       ,0.107067212462
4,bedroom        ,0.0578116774559
