,scene_name,probs
0,furniture_store,0.778979599476
1,bookstore      ,0.159394413233
2,living_room    ,0.0178101677448
3,kitchen        ,0.0168963503093
4,office         ,0.0132421599701
