,scene_name,probs
0,bedroom        ,0.555485486984
1,living_room    ,0.216604828835
2,playroom       ,0.0793870165944
3,dining_room    ,0.0671334117651
4,office         ,0.0380985401571
