,scene_name,probs
0,home_office    ,0.452887803316
1,living_room    ,0.237600311637
2,bedroom        ,0.114859692752
3,study          ,0.0940448194742
4,playroom       ,0.0341825149953
