,scene_name,probs
0,bedroom        ,0.506456673145
1,living_room    ,0.402708142996
2,dining_room    ,0.0281216055155
3,bathroom       ,0.0210187826306
4,playroom       ,0.0193664059043
