,scene_name,probs
0,living_room    ,0.442395538092
1,bedroom        ,0.260227143764
2,playroom       ,0.0824327617884
3,home_office    ,0.0755898505449
4,dining_room    ,0.0491013787687
