,scene_name,probs
0,furniture_store,0.896908640862
1,office         ,0.0402040705085
2,reception_room ,0.0240205228329
3,classroom      ,0.00968839600682
4,living_room    ,0.00702129630372
