,scene_name,probs
0,dining_room    ,0.926385819912
1,living_room    ,0.0376786887646
2,home_office    ,0.01482918486
3,kitchen        ,0.00441535795107
4,bookstore      ,0.00370233575813
