,scene_name,probs
0,living_room    ,0.346044421196
1,dining_room    ,0.238001361489
2,home_office    ,0.158183827996
3,study          ,0.0795881524682
4,kitchen        ,0.0682389289141
