,scene_name,probs
0,reception_room ,0.222870588303
1,office_kitchen ,0.1783952564
2,playroom       ,0.171035572886
3,bathroom       ,0.0901797488332
4,furniture_store,0.0830837115645
