,scene_name,probs
0,reception_room ,0.896586418152
1,kitchen        ,0.0262517053634
2,classroom      ,0.013822125271
3,home_office    ,0.0109931491315
4,dining_room    ,0.00961968768388
