,scene_name,probs
0,home_office    ,0.612784206867
1,classroom      ,0.130319148302
2,living_room    ,0.0861354842782
3,dining_room    ,0.0593123808503
4,bookstore      ,0.0348583571613
