,scene_name,probs
0,office         ,0.685850918293
1,classroom      ,0.120082579553
2,bedroom        ,0.0696032494307
3,living_room    ,0.0360659584403
4,bookstore      ,0.0275988318026
