,scene_name,probs
0,bookstore      ,0.968608081341
1,classroom      ,0.0180040933192
2,furniture_store,0.00376393902116
3,playroom       ,0.00345524982549
4,reception_room ,0.00194254040252
