,scene_name,probs
0,living_room    ,0.535851895809
1,bedroom        ,0.180828377604
2,home_office    ,0.11545817554
3,playroom       ,0.0396592803299
4,kitchen        ,0.0313517712057
