,scene_name,probs
0,bedroom        ,0.823813736439
1,study          ,0.0761115923524
2,home_office    ,0.0404735356569
3,living_room    ,0.0301627274603
4,playroom       ,0.0140005061403
