,scene_name,probs
0,bedroom        ,0.700018763542
1,playroom       ,0.116716377437
2,living_room    ,0.0605350621045
3,classroom      ,0.0575498528779
4,office_kitchen ,0.0302757099271
