,scene_name,probs
0,bathroom       ,0.67402523756
1,office         ,0.101401656866
2,dining_room    ,0.0909287780523
3,bedroom        ,0.0618470162153
4,office_kitchen ,0.0165049117059
