,scene_name,probs
0,bedroom        ,0.28740504384
1,living_room    ,0.279969930649
2,bathroom       ,0.163101807237
3,dining_room    ,0.138095214963
4,kitchen        ,0.0746778175235
