,scene_name,probs
0,furniture_store,0.966156244278
1,bookstore      ,0.0181401465088
2,reception_room ,0.00551297748461
3,dining_room    ,0.00304953893647
4,office         ,0.00226022698916
