,scene_name,probs
0,home_office    ,0.830094575882
1,playroom       ,0.0704705938697
2,study          ,0.0386409759521
3,living_room    ,0.0243167784065
4,bookstore      ,0.0133423153311
