,scene_name,probs
0,home_office    ,0.707909882069
1,living_room    ,0.0819965675473
2,bedroom        ,0.0793478786945
3,study          ,0.034297324717
4,kitchen        ,0.0290531851351
