,scene_name,probs
0,classroom      ,0.948066055775
1,playroom       ,0.0379227884114
2,home_office    ,0.00540820322931
3,bookstore      ,0.00299429264851
4,office         ,0.00186771457084
