,scene_name,probs
0,furniture_store,0.955132842064
1,bookstore      ,0.0267765708268
2,living_room    ,0.00708419596776
3,kitchen        ,0.00322262966074
4,reception_room ,0.00319858943112
