,scene_name,probs
0,furniture_store,0.817148327827
1,bookstore      ,0.130228415132
2,living_room    ,0.0174516923726
3,kitchen        ,0.0126016279683
4,office         ,0.0109798470512
