,scene_name,probs
0,playroom       ,0.491459131241
1,dining_room    ,0.104672960937
2,home_office    ,0.0874202027917
3,classroom      ,0.087392821908
4,living_room    ,0.0702049434185
