,scene_name,probs
0,living_room    ,0.424713551998
1,bedroom        ,0.404506891966
2,kitchen        ,0.0401657186449
3,study          ,0.0328961126506
4,office         ,0.0293050780892
