,scene_name,probs
0,home_office    ,0.273873865604
1,study          ,0.225454598665
2,bedroom        ,0.111334457994
3,kitchen        ,0.106666944921
4,office         ,0.0943659096956
