,scene_name,probs
0,kitchen        ,0.304729133844
1,bedroom        ,0.263630628586
2,study          ,0.151174396276
3,living_room    ,0.0809215754271
4,office         ,0.0523184798658
