,scene_name,probs
0,reception_room ,0.891448140144
1,kitchen        ,0.0305805467069
2,office_kitchen ,0.0229754056782
3,playroom       ,0.00895662419498
4,office         ,0.0078238863498
