,scene_name,probs
0,office         ,0.333706945181
1,furniture_store,0.221362158656
2,dining_room    ,0.116864316165
3,classroom      ,0.0960916951299
4,playroom       ,0.0733355879784
