,scene_name,probs
0,bookstore      ,0.935235321522
1,office         ,0.0211516786367
2,kitchen        ,0.0143841579556
3,living_room    ,0.0072857174091
4,classroom      ,0.00574226910248
