,scene_name,probs
0,bathroom       ,0.908552110195
1,bedroom        ,0.0521202236414
2,office_kitchen ,0.0158599726856
3,living_room    ,0.0104092769325
4,study          ,0.0043270229362
