,scene_name,probs
0,bookstore      ,0.825615465641
1,home_office    ,0.0558013059199
2,playroom       ,0.0295718386769
3,classroom      ,0.0286022499204
4,furniture_store,0.027021124959
