,scene_name,probs
0,classroom      ,0.442819923162
1,office_kitchen ,0.151061862707
2,office         ,0.0969516858459
3,reception_room ,0.0864986404777
4,kitchen        ,0.0599643029273
