,scene_name,probs
0,dining_room    ,0.455276310444
1,living_room    ,0.190431296825
2,kitchen        ,0.105520494282
3,home_office    ,0.0777197703719
4,playroom       ,0.0661685466766
