,scene_name,probs
0,bedroom        ,0.770003259182
1,study          ,0.0611704438925
2,living_room    ,0.0498311892152
3,bathroom       ,0.0413260906935
4,home_office    ,0.032363422215
