,scene_name,probs
0,furniture_store,0.929466605186
1,bookstore      ,0.0291221216321
2,office         ,0.0200996380299
3,classroom      ,0.00713126687333
4,dining_room    ,0.00383804622106
