,scene_name,probs
0,home_office    ,0.498162150383
1,bedroom        ,0.248002231121
2,living_room    ,0.106324255466
3,playroom       ,0.0461709909141
4,study          ,0.0380431488156
