,scene_name,probs
0,playroom       ,0.860222160816
1,bedroom        ,0.0691735967994
2,home_office    ,0.0252424422652
3,living_room    ,0.0173869282007
4,study          ,0.0137783419341
