,scene_name,probs
0,reception_room ,0.323557078838
1,bookstore      ,0.313410282135
2,playroom       ,0.0905603989959
3,study          ,0.0905138552189
4,furniture_store,0.0733317583799
