,scene_name,probs
0,office_kitchen ,0.959142208099
1,reception_room ,0.0176293253899
2,bathroom       ,0.0117325959727
3,study          ,0.00396871706471
4,bedroom        ,0.00253434339538
