,scene_name,probs
0,home_office    ,0.602188289165
1,dining_room    ,0.209487482905
2,playroom       ,0.0645203217864
3,study          ,0.0397520773113
4,living_room    ,0.0385729931295
