,scene_name,probs
0,bookstore      ,0.47418114543
1,office         ,0.155044913292
2,kitchen        ,0.0915625318885
3,living_room    ,0.0739289522171
4,reception_room ,0.0388958565891
