,scene_name,probs
0,office_kitchen ,0.841654002666
1,bathroom       ,0.0295159518719
2,playroom       ,0.0263350196183
3,classroom      ,0.0212864242494
4,bedroom        ,0.0210208501667
