,scene_name,probs
0,furniture_store,0.711707174778
1,playroom       ,0.0584107749164
2,bookstore      ,0.053311701864
3,study          ,0.0372910015285
4,office         ,0.0317924395204
