,scene_name,probs
0,bathroom       ,0.980945765972
1,office_kitchen ,0.0125336488709
2,bedroom        ,0.00413512811065
3,kitchen        ,0.000856004131492
4,reception_room ,0.000592370401137
