,scene_name,probs
0,kitchen        ,0.17803697288
1,bedroom        ,0.168977022171
2,dining_room    ,0.155253142118
3,living_room    ,0.133468732238
4,office         ,0.0896200686693
