,scene_name,probs
0,bedroom        ,0.502133846283
1,living_room    ,0.165862396359
2,home_office    ,0.0703199282289
3,playroom       ,0.0583762228489
4,study          ,0.0543063357472
