,scene_name,probs
0,dining_room    ,0.692332029343
1,living_room    ,0.0795259401202
2,bathroom       ,0.0706279948354
3,furniture_store,0.0372107289732
4,home_office    ,0.033846270293
