,scene_name,probs
0,office_kitchen ,0.537481367588
1,reception_room ,0.163263276219
2,playroom       ,0.122065678239
3,study          ,0.0391026176512
4,office         ,0.0324852317572
