,scene_name,probs
0,reception_room ,0.712040483952
1,bookstore      ,0.0659830570221
2,kitchen        ,0.0543476976454
3,furniture_store,0.039681982249
4,classroom      ,0.0319782011211
