,scene_name,probs
0,bathroom       ,0.851360321045
1,office_kitchen ,0.0963540673256
2,kitchen        ,0.0256254617125
3,bedroom        ,0.0110222753137
4,reception_room ,0.00939383264631
