,scene_name,probs
0,office         ,0.586076617241
1,reception_room ,0.0921721681952
2,kitchen        ,0.0662153959274
3,home_office    ,0.0543776787817
4,living_room    ,0.0473521202803
