,scene_name,probs
0,bathroom       ,0.95992410183
1,office_kitchen ,0.0160381104797
2,bedroom        ,0.016029432416
3,kitchen        ,0.00451471889392
4,reception_room ,0.00107055809349
