,scene_name,probs
0,reception_room ,0.483363330364
1,dining_room    ,0.15479759872
2,bathroom       ,0.0787757635117
3,playroom       ,0.0536294654012
4,home_office    ,0.0535936169326
