,scene_name,probs
0,classroom      ,0.611742794514
1,playroom       ,0.335038393736
2,bookstore      ,0.0103563349694
3,office         ,0.00827861577272
4,bedroom        ,0.00793070439249
