,scene_name,probs
0,reception_room ,0.521602272987
1,bookstore      ,0.250542730093
2,playroom       ,0.0499579794705
3,office_kitchen ,0.0460977070034
4,furniture_store,0.0371265485883
