,scene_name,probs
0,kitchen        ,0.734907925129
1,office_kitchen ,0.0459810309112
2,bathroom       ,0.0458479374647
3,bedroom        ,0.0388082042336
4,living_room    ,0.0308629013598
