,scene_name,probs
0,bedroom        ,0.417178213596
1,bathroom       ,0.305421859026
2,kitchen        ,0.193505212665
3,living_room    ,0.0361429154873
4,office         ,0.0126413470134
