,scene_name,probs
0,living_room    ,0.532851278782
1,home_office    ,0.193881005049
2,bedroom        ,0.150414481759
3,dining_room    ,0.037262249738
4,study          ,0.0331022143364
