,scene_name,probs
0,study          ,0.377046555281
1,reception_room ,0.287642002106
2,furniture_store,0.181969314814
3,bookstore      ,0.0464414842427
4,playroom       ,0.0459490269423
