,scene_name,probs
0,classroom      ,0.972874760628
1,bookstore      ,0.00992789771408
2,playroom       ,0.00847283564508
3,living_room    ,0.00207792269066
4,home_office    ,0.00165043550078
