,scene_name,probs
0,bedroom        ,0.278830438852
1,kitchen        ,0.252218395472
2,bathroom       ,0.164237558842
3,home_office    ,0.090673699975
4,living_room    ,0.0874862894416
