,scene_name,probs
0,study          ,0.566824316978
1,home_office    ,0.31362760067
2,playroom       ,0.110639631748
3,reception_room ,0.00272784032859
4,bookstore      ,0.00216451543383
