,scene_name,probs
0,playroom       ,0.450159847736
1,classroom      ,0.138015076518
2,bookstore      ,0.115526400506
3,office         ,0.0799440741539
4,living_room    ,0.0660198032856
