,scene_name,probs
0,office_kitchen ,0.924825847149
1,reception_room ,0.0229885112494
2,bathroom       ,0.0158778559417
3,dining_room    ,0.0108739966527
4,office         ,0.00557084521279
