,scene_name,probs
0,classroom      ,0.247444376349
1,dining_room    ,0.222403019667
2,furniture_store,0.18438410759
3,office         ,0.127174600959
4,bookstore      ,0.101207129657
