,scene_name,probs
0,office_kitchen ,0.911490738392
1,reception_room ,0.0201133713126
2,bedroom        ,0.0199170671403
3,bathroom       ,0.0127864312381
4,office         ,0.0124483630061
