,scene_name,probs
0,dining_room    ,0.330148935318
1,living_room    ,0.172692388296
2,home_office    ,0.169950097799
3,office         ,0.095519952476
4,bathroom       ,0.0829777792096
