,scene_name,probs
0,home_office    ,0.5694886446
1,bedroom        ,0.230514705181
2,living_room    ,0.0742554739118
3,study          ,0.07159088552
4,playroom       ,0.0436869077384
