,scene_name,probs
0,office_kitchen ,0.921424269676
1,bathroom       ,0.0210784599185
2,kitchen        ,0.0134560037404
3,bedroom        ,0.00995670258999
4,office         ,0.00863073952496
