,scene_name,probs
0,bathroom       ,0.976699709892
1,dining_room    ,0.0117219379172
2,office_kitchen ,0.00355003820732
3,kitchen        ,0.00204580789432
4,reception_room ,0.00203690328635
