,scene_name,probs
0,dining_room    ,0.4541875422
1,bathroom       ,0.32360804081
2,bedroom        ,0.0849898383021
3,home_office    ,0.0511050932109
4,study          ,0.0345448814332
