,scene_name,probs
0,office_kitchen ,0.959768176079
1,classroom      ,0.0136750517413
2,office         ,0.00591008737683
3,playroom       ,0.00521591957659
4,reception_room ,0.00387527933344
