,scene_name,probs
0,living_room    ,0.360934019089
1,office         ,0.257676035166
2,bedroom        ,0.220645517111
3,home_office    ,0.0687783658504
4,playroom       ,0.022674491629
