,scene_name,probs
0,living_room    ,0.221106618643
1,home_office    ,0.172660186887
2,study          ,0.15146908164
3,office         ,0.140432164073
4,playroom       ,0.0992881655693
