,scene_name,probs
0,bathroom       ,0.802616894245
1,office         ,0.0934653952718
2,office_kitchen ,0.0422245562077
3,bedroom        ,0.0321287028491
4,kitchen        ,0.0118060708046
