,scene_name,probs
0,kitchen        ,0.479713112116
1,living_room    ,0.159300744534
2,bookstore      ,0.0819622576237
3,office         ,0.0569839961827
4,classroom      ,0.0450770519674
