,scene_name,probs
0,home_office    ,0.82254421711
1,dining_room    ,0.099117167294
2,living_room    ,0.0351537540555
3,study          ,0.0228433944285
4,playroom       ,0.0061139408499
