,scene_name,probs
0,reception_room ,0.303048998117
1,bookstore      ,0.216269463301
2,home_office    ,0.199057817459
3,study          ,0.124861940742
4,living_room    ,0.0376598574221
