,scene_name,probs
0,dining_room    ,0.885417461395
1,playroom       ,0.0552073121071
2,home_office    ,0.0257804021239
3,living_room    ,0.0106622613966
4,classroom      ,0.00603674398735
