,scene_name,probs
0,playroom       ,0.888705730438
1,classroom      ,0.0374036692083
2,bedroom        ,0.0288963504136
3,office         ,0.0107351411134
4,bookstore      ,0.00860937684774
