,scene_name,probs
0,classroom      ,0.812449991703
1,bookstore      ,0.160427346826
2,furniture_store,0.0118259824812
3,reception_room ,0.00467762351036
4,home_office    ,0.00389033951797
