,scene_name,probs
0,bedroom        ,0.329590290785
1,living_room    ,0.175102621317
2,playroom       ,0.164887577295
3,office         ,0.159338906407
4,classroom      ,0.108969196677
