,scene_name,probs
0,living_room    ,0.586843192577
1,kitchen        ,0.169529050589
2,bathroom       ,0.0636896640062
3,dining_room    ,0.0504505485296
4,bookstore      ,0.0470556020737
