,scene_name,probs
0,bathroom       ,0.609198272228
1,bedroom        ,0.110557287931
2,dining_room    ,0.107089340687
3,living_room    ,0.0954686999321
4,kitchen        ,0.0226380117238
