,scene_name,probs
0,reception_room ,0.839332163334
1,kitchen        ,0.0422902703285
2,living_room    ,0.0332765169442
3,office_kitchen ,0.0166227146983
4,bathroom       ,0.0162014700472
