,scene_name,probs
0,living_room    ,0.461081266403
1,bedroom        ,0.403263956308
2,home_office    ,0.0579637922347
3,study          ,0.0212810300291
4,kitchen        ,0.0180873442441
