,scene_name,probs
0,office_kitchen ,0.678965747356
1,study          ,0.0912770777941
2,reception_room ,0.0861344486475
3,playroom       ,0.0689325109124
4,bathroom       ,0.0160521008074
