,scene_name,probs
0,living_room    ,0.511198461056
1,bedroom        ,0.295128554106
2,playroom       ,0.0733583122492
3,home_office    ,0.0545570477843
4,study          ,0.0258163362741
