,scene_name,probs
0,dining_room    ,0.6994612813
1,living_room    ,0.0824082493782
2,bookstore      ,0.0775546059012
3,furniture_store,0.0701199769974
4,kitchen        ,0.0202417932451
