,scene_name,probs
0,furniture_store,0.94327133894
1,bookstore      ,0.0211467090994
2,living_room    ,0.0199543125927
3,dining_room    ,0.00612086756155
4,kitchen        ,0.00536309275776
