,scene_name,probs
0,study          ,0.717041730881
1,home_office    ,0.236012995243
2,bedroom        ,0.0162479523569
3,living_room    ,0.0131276668981
4,playroom       ,0.0126521447673
