,scene_name,probs
0,classroom      ,0.963647663593
1,bookstore      ,0.0146535551175
2,living_room    ,0.00759454118088
3,office         ,0.00447358889505
4,playroom       ,0.00353848515078
