,scene_name,probs
0,home_office    ,0.606798887253
1,living_room    ,0.130098804832
2,bedroom        ,0.0737924352288
3,classroom      ,0.0564974434674
4,playroom       ,0.0421286970377
