,scene_name,probs
0,home_office    ,0.351467519999
1,kitchen        ,0.182193621993
2,living_room    ,0.134976059198
3,bedroom        ,0.120694570243
4,study          ,0.107147172093
