,scene_name,probs
0,study          ,0.919679045677
1,home_office    ,0.0280759632587
2,bookstore      ,0.0171650387347
3,living_room    ,0.00914575532079
4,reception_room ,0.00751298340037
