,scene_name,probs
0,furniture_store,0.392101168633
1,reception_room ,0.202059432864
2,bookstore      ,0.177010849118
3,playroom       ,0.067958548665
4,classroom      ,0.0673722475767
