,scene_name,probs
0,bedroom        ,0.348568737507
1,living_room    ,0.329145103693
2,dining_room    ,0.160334050655
3,playroom       ,0.0547179467976
4,home_office    ,0.0447792559862
