,scene_name,probs
0,bookstore      ,0.733537495136
1,classroom      ,0.130174249411
2,playroom       ,0.0899183303118
3,home_office    ,0.0194590780884
4,study          ,0.016523854807
