,scene_name,probs
0,study          ,0.490785270929
1,home_office    ,0.186700105667
2,bedroom        ,0.163776785135
3,reception_room ,0.0589232929051
4,living_room    ,0.0322703160346
