,scene_name,probs
0,living_room    ,0.307502955198
1,bedroom        ,0.171432346106
2,study          ,0.151432335377
3,home_office    ,0.144053906202
4,kitchen        ,0.0587144754827
