,scene_name,probs
0,bedroom        ,0.831820249557
1,living_room    ,0.0992869734764
2,playroom       ,0.0370229743421
3,home_office    ,0.00741722155362
4,study          ,0.005877207499
