,scene_name,probs
0,furniture_store,0.574337244034
1,bookstore      ,0.338422507048
2,reception_room ,0.0806631371379
3,study          ,0.00174228637479
4,classroom      ,0.00170088384766
