,scene_name,probs
0,classroom      ,0.961200594902
1,playroom       ,0.0243466943502
2,home_office    ,0.00625012256205
3,bookstore      ,0.00342137459666
4,office_kitchen ,0.000996032031253
