,scene_name,probs
0,classroom      ,0.399277925491
1,playroom       ,0.156923562288
2,living_room    ,0.141510009766
3,office         ,0.0863093808293
4,dining_room    ,0.0643833950162
