,scene_name,probs
0,bathroom       ,0.927432477474
1,living_room    ,0.0226703863591
2,dining_room    ,0.0120233586058
3,study          ,0.0112862801179
4,kitchen        ,0.0100311292335
