,scene_name,probs
0,dining_room    ,0.590624272823
1,kitchen        ,0.181784853339
2,living_room    ,0.0989821404219
3,bathroom       ,0.0491592884064
4,home_office    ,0.0236563626677
