,scene_name,probs
0,classroom      ,0.966787695885
1,office         ,0.0113281225786
2,playroom       ,0.0089986724779
3,living_room    ,0.00533327646554
4,bedroom        ,0.00227202917449
