,scene_name,probs
0,office         ,0.334674805403
1,classroom      ,0.279635906219
2,furniture_store,0.162454247475
3,bookstore      ,0.0834282338619
4,playroom       ,0.0799636244774
