,scene_name,probs
0,bookstore      ,0.942035138607
1,home_office    ,0.0211130306125
2,study          ,0.0125805893913
3,furniture_store,0.0123026398942
4,reception_room ,0.00344916153699
