,scene_name,probs
0,bedroom        ,0.734536170959
1,playroom       ,0.131209135056
2,living_room    ,0.0918011516333
3,office         ,0.0150051349774
4,office_kitchen ,0.0107558527961
