,scene_name,probs
0,office_kitchen ,0.947446107864
1,reception_room ,0.0320231169462
2,bathroom       ,0.00418475549668
3,kitchen        ,0.00417581526563
4,playroom       ,0.00398485641927
