,scene_name,probs
0,reception_room ,0.825168669224
1,bathroom       ,0.0536073185503
2,furniture_store,0.05024304986
3,kitchen        ,0.0130745479837
4,office_kitchen ,0.0129664568231
