,scene_name,probs
0,classroom      ,0.349232643843
1,office         ,0.312906771898
2,home_office    ,0.140169665217
3,playroom       ,0.0446682572365
4,living_room    ,0.0398648642004
