,scene_name,probs
0,classroom      ,0.951187908649
1,playroom       ,0.0184500403702
2,office         ,0.0106402384117
3,office_kitchen ,0.00678189098835
4,bookstore      ,0.00313046574593
