,scene_name,probs
0,furniture_store,0.834454774857
1,bookstore      ,0.0590770617127
2,playroom       ,0.0345114246011
3,living_room    ,0.0204728618264
4,home_office    ,0.0125380149111
