,scene_name,probs
0,furniture_store,0.540558934212
1,reception_room ,0.161237820983
2,study          ,0.0975891202688
3,bookstore      ,0.0554823689163
4,playroom       ,0.0512655414641
