,scene_name,probs
0,reception_room ,0.332679450512
1,study          ,0.230722442269
2,playroom       ,0.199851289392
3,bookstore      ,0.101700179279
4,home_office    ,0.0490450784564
