,scene_name,probs
0,bedroom        ,0.69857609272
1,playroom       ,0.220662236214
2,classroom      ,0.0305484756827
3,living_room    ,0.0270484797657
4,home_office    ,0.00991802662611
