,scene_name,probs
0,bathroom       ,0.935861945152
1,bedroom        ,0.0366935059428
2,kitchen        ,0.0116981174797
3,office_kitchen ,0.00647554686293
4,office         ,0.00399463856593
