,scene_name,probs
0,kitchen        ,0.542381048203
1,reception_room ,0.136922225356
2,living_room    ,0.12494712323
3,study          ,0.0664272382855
4,home_office    ,0.03984683007
