,scene_name,probs
0,study          ,0.913435280323
1,playroom       ,0.0284942910075
2,home_office    ,0.0176172628999
3,living_room    ,0.00810095015913
4,bedroom        ,0.0073827621527
