,scene_name,probs
0,furniture_store,0.878753125668
1,bookstore      ,0.0643799751997
2,reception_room ,0.0426289066672
3,classroom      ,0.0048887101002
4,playroom       ,0.00371067761444
