,scene_name,probs
0,study          ,0.484219223261
1,home_office    ,0.22860147059
2,living_room    ,0.18094779551
3,bookstore      ,0.0400107689202
4,office         ,0.0132792387158
