,scene_name,probs
0,living_room    ,0.628448724747
1,dining_room    ,0.0791274160147
2,kitchen        ,0.0672195255756
3,bathroom       ,0.0594312287867
4,study          ,0.0546620897949
