,scene_name,probs
0,dining_room    ,0.389970213175
1,classroom      ,0.2993054986
2,playroom       ,0.0701750814915
3,bookstore      ,0.067475117743
4,office         ,0.0595431476831
