,scene_name,probs
0,bedroom        ,0.932090103626
1,living_room    ,0.0229713171721
2,playroom       ,0.0194039363414
3,bathroom       ,0.0123505070806
4,study          ,0.00526323635131
