,scene_name,probs
0,furniture_store,0.654764056206
1,reception_room ,0.215248703957
2,study          ,0.0646131038666
3,bookstore      ,0.0395976677537
4,office         ,0.00597033696249
