,scene_name,probs
0,classroom      ,0.490019053221
1,office         ,0.160310804844
2,living_room    ,0.100041382015
3,kitchen        ,0.0565238073468
4,bedroom        ,0.0441970899701
