,scene_name,probs
0,classroom      ,0.39272287488
1,dining_room    ,0.218806236982
2,reception_room ,0.115247733891
3,kitchen        ,0.086172580719
4,living_room    ,0.0496738553047
