,scene_name,probs
0,bathroom       ,0.975673317909
1,dining_room    ,0.00627723708749
2,kitchen        ,0.00491359969601
3,office         ,0.00424946751446
4,bedroom        ,0.00367106031626
