,scene_name,probs
0,bathroom       ,0.609963297844
1,dining_room    ,0.24559918046
2,kitchen        ,0.0751846805215
3,reception_room ,0.0166365243495
4,living_room    ,0.0146045852453
