,scene_name,probs
0,office         ,0.447120815516
1,home_office    ,0.134138315916
2,playroom       ,0.122285820544
3,bedroom        ,0.115574136376
4,office_kitchen ,0.0453463643789
