,scene_name,probs
0,classroom      ,0.536936461926
1,bookstore      ,0.179250851274
2,reception_room ,0.093890145421
3,home_office    ,0.0935670360923
4,playroom       ,0.0506208389997
