,scene_name,probs
0,bedroom        ,0.615586519241
1,living_room    ,0.23850800097
2,playroom       ,0.0962702706456
3,home_office    ,0.026187332347
4,dining_room    ,0.00856851693243
