,scene_name,probs
0,bedroom        ,0.920861721039
1,living_room    ,0.0371555835009
2,office_kitchen ,0.017798775807
3,bathroom       ,0.0101368417963
4,kitchen        ,0.00312064192258
