,scene_name,probs
0,bedroom        ,0.687872469425
1,living_room    ,0.167584329844
2,playroom       ,0.054254475981
3,office         ,0.0368036590517
4,home_office    ,0.0278182458133
