,scene_name,probs
0,living_room    ,0.342959284782
1,dining_room    ,0.32142534852
2,kitchen        ,0.222715348005
3,furniture_store,0.0432163625956
4,bookstore      ,0.0252481214702
