,scene_name,probs
0,furniture_store,0.908558726311
1,bookstore      ,0.0442955456674
2,reception_room ,0.0297591798007
3,study          ,0.00665814243257
4,dining_room    ,0.0027202097699
