,scene_name,probs
0,bedroom        ,0.767779529095
1,playroom       ,0.15346352756
2,classroom      ,0.0303677171469
3,living_room    ,0.0224454551935
4,home_office    ,0.0121175758541
