,scene_name,probs
0,bedroom        ,0.871009707451
1,living_room    ,0.0856928527355
2,bathroom       ,0.016578713432
3,playroom       ,0.0123205594718
4,home_office    ,0.00450608227402
