,scene_name,probs
0,bedroom        ,0.274050146341
1,office         ,0.258311539888
2,living_room    ,0.173981964588
3,home_office    ,0.108774200082
4,office_kitchen ,0.0619424022734
