,scene_name,probs
0,furniture_store,0.856237351894
1,living_room    ,0.0663121789694
2,reception_room ,0.016571637243
3,bookstore      ,0.0153140202165
4,kitchen        ,0.014437938109
