,scene_name,probs
0,office         ,0.324470996857
1,classroom      ,0.209434241056
2,living_room    ,0.159693881869
3,reception_room ,0.0754514336586
4,home_office    ,0.039631601423
