,scene_name,probs
0,classroom      ,0.93343347311
1,living_room    ,0.0228673107922
2,bookstore      ,0.018472969532
3,office         ,0.0115761123598
4,playroom       ,0.00641696946695
