,scene_name,probs
0,living_room    ,0.282951444387
1,bedroom        ,0.219851464033
2,playroom       ,0.17425493896
3,study          ,0.141198605299
4,office         ,0.0559892691672
