,scene_name,probs
0,bedroom        ,0.719000220299
1,living_room    ,0.202678099275
2,playroom       ,0.0286507792771
3,bathroom       ,0.0186332054436
4,home_office    ,0.00791654083878
