,scene_name,probs
0,office_kitchen ,0.686951160431
1,reception_room ,0.131803259254
2,playroom       ,0.0738827735186
3,study          ,0.059622194618
4,classroom      ,0.0201814435422
