,scene_name,probs
0,furniture_store,0.967032968998
1,classroom      ,0.0153537066653
2,bookstore      ,0.00668166484684
3,playroom       ,0.00424695247784
4,reception_room ,0.00207996135578
