,scene_name,probs
0,bedroom        ,0.870050787926
1,living_room    ,0.0615226440132
2,playroom       ,0.0491676107049
3,study          ,0.00417267857119
4,dining_room    ,0.00380605226383
