,scene_name,probs
0,reception_room ,0.56740885973
1,kitchen        ,0.211761474609
2,bathroom       ,0.0558418780565
3,living_room    ,0.0528646074235
4,dining_room    ,0.0288653392345
