,scene_name,probs
0,bookstore      ,0.485636115074
1,study          ,0.176203072071
2,furniture_store,0.163801327348
3,reception_room ,0.12580935657
4,kitchen        ,0.0224784035236
