,scene_name,probs
0,dining_room    ,0.317457139492
1,office         ,0.281336694956
2,living_room    ,0.141182184219
3,bedroom        ,0.10667719692
4,kitchen        ,0.0348766706884
