,scene_name,probs
0,furniture_store,0.951522052288
1,bookstore      ,0.0411374382675
2,classroom      ,0.0026664850302
3,living_room    ,0.00137065828312
4,reception_room ,0.00110499910079
