,scene_name,probs
0,bookstore      ,0.920165836811
1,kitchen        ,0.0170183777809
2,furniture_store,0.0161936525255
3,dining_room    ,0.0146909477189
4,living_room    ,0.0119627211243
