,scene_name,probs
0,bedroom        ,0.589492440224
1,living_room    ,0.253798961639
2,playroom       ,0.0648929774761
3,home_office    ,0.0648022219539
4,dining_room    ,0.0115163652226
