,scene_name,probs
0,office_kitchen ,0.299932390451
1,bedroom        ,0.208699628711
2,office         ,0.19571095705
3,living_room    ,0.0833694860339
4,kitchen        ,0.0593426860869
