,scene_name,probs
0,bedroom        ,0.488004893064
1,home_office    ,0.275749057531
2,playroom       ,0.0581782236695
3,living_room    ,0.0406176745892
4,study          ,0.036897726357
