,scene_name,probs
0,bedroom        ,0.792822420597
1,office_kitchen ,0.131599873304
2,playroom       ,0.025334155187
3,living_room    ,0.0131275290623
4,classroom      ,0.0119578931481
