,scene_name,probs
0,kitchen        ,0.630238294601
1,office         ,0.134328335524
2,bathroom       ,0.115676209331
3,reception_room ,0.028769088909
4,office_kitchen ,0.0273847356439
