,scene_name,probs
0,reception_room ,0.26878786087
1,home_office    ,0.258645772934
2,playroom       ,0.153038531542
3,study          ,0.123273052275
4,furniture_store,0.0464449822903
