,scene_name,probs
0,home_office    ,0.308882415295
1,bedroom        ,0.192213311791
2,office         ,0.169344305992
3,living_room    ,0.103494644165
4,playroom       ,0.0446557514369
