,scene_name,probs
0,home_office    ,0.719757497311
1,dining_room    ,0.142168566585
2,bookstore      ,0.0328814350069
3,classroom      ,0.0312580689788
4,kitchen        ,0.0299252122641
