,scene_name,probs
0,home_office    ,0.430340439081
1,study          ,0.347996145487
2,dining_room    ,0.153086572886
3,living_room    ,0.0248045027256
4,kitchen        ,0.0176398828626
