,scene_name,probs
0,living_room    ,0.280578762293
1,kitchen        ,0.21407468617
2,office         ,0.0823160782456
3,bedroom        ,0.0697015449405
4,playroom       ,0.063597433269
