,scene_name,probs
0,playroom       ,0.410150766373
1,home_office    ,0.217838913202
2,living_room    ,0.152482673526
3,bedroom        ,0.106613665819
4,dining_room    ,0.0651782602072
