,scene_name,probs
0,bedroom        ,0.413014471531
1,study          ,0.275598555803
2,living_room    ,0.208960428834
3,playroom       ,0.0473201982677
4,home_office    ,0.037288825959
