,scene_name,probs
0,kitchen        ,0.883017063141
1,dining_room    ,0.0400870889425
2,bedroom        ,0.0200759135187
3,bathroom       ,0.0182168334723
4,living_room    ,0.0123471841216
