,scene_name,probs
0,bedroom        ,0.579100549221
1,living_room    ,0.243074670434
2,home_office    ,0.125845640898
3,dining_room    ,0.0175011437386
4,playroom       ,0.0169504079968
