,scene_name,probs
0,study          ,0.243673488498
1,living_room    ,0.205497130752
2,playroom       ,0.16463252902
3,home_office    ,0.154445454478
4,bedroom        ,0.0735893175006
