,scene_name,probs
0,office_kitchen ,0.853313624859
1,reception_room ,0.0546864531934
2,classroom      ,0.0297436397523
3,playroom       ,0.0267504118383
4,office         ,0.00690848613158
