,scene_name,probs
0,dining_room    ,0.221817448735
1,office         ,0.184802800417
2,bedroom        ,0.143589243293
3,playroom       ,0.120302021503
4,classroom      ,0.0859332531691
