,scene_name,probs
0,bathroom       ,0.741070866585
1,bedroom        ,0.0911780074239
2,office         ,0.0356067232788
3,kitchen        ,0.0347027145326
4,office_kitchen ,0.0273061748594
