,scene_name,probs
0,study          ,0.469786316156
1,playroom       ,0.240643963218
2,home_office    ,0.0933460593224
3,reception_room ,0.0709998607635
4,furniture_store,0.0451025627553
