,scene_name,probs
0,living_room    ,0.480399698019
1,bedroom        ,0.329278230667
2,playroom       ,0.0533605664968
3,office         ,0.0459722280502
4,dining_room    ,0.043310854584
