,scene_name,probs
0,bathroom       ,0.912181794643
1,bedroom        ,0.0373654998839
2,office_kitchen ,0.01890578866
3,office         ,0.0162337459624
4,kitchen        ,0.00365904672071
