,scene_name,probs
0,classroom      ,0.938757061958
1,bookstore      ,0.0203080382198
2,office_kitchen ,0.0108226770535
3,office         ,0.00640212977305
4,playroom       ,0.00510965287685
