,scene_name,probs
0,bedroom        ,0.464902162552
1,bathroom       ,0.120707936585
2,living_room    ,0.0859178975224
3,dining_room    ,0.0749982222915
4,office         ,0.0506615713239
