,scene_name,probs
0,home_office    ,0.43817538023
1,dining_room    ,0.296774148941
2,living_room    ,0.123729966581
3,playroom       ,0.0519149787724
4,bedroom        ,0.0484548248351
