,scene_name,probs
0,office_kitchen ,0.922401487827
1,bathroom       ,0.0265856087208
2,office         ,0.0101342704147
3,dining_room    ,0.00882092677057
4,bedroom        ,0.00736814271659
