,scene_name,probs
0,living_room    ,0.342793494463
1,bedroom        ,0.322718977928
2,dining_room    ,0.155894294381
3,home_office    ,0.0741819292307
4,study          ,0.0566726066172
