,scene_name,probs
0,furniture_store,0.327038377523
1,office         ,0.140747383237
2,playroom       ,0.128012776375
3,study          ,0.122766502202
4,bookstore      ,0.0801598802209
