,scene_name,probs
0,home_office    ,0.821506977081
1,dining_room    ,0.0579584315419
2,living_room    ,0.0420179925859
3,bedroom        ,0.0271713901311
4,study          ,0.0131520349532
