,scene_name,probs
0,bedroom        ,0.264419585466
1,living_room    ,0.190843820572
2,dining_room    ,0.157754555345
3,bathroom       ,0.109063312411
4,office         ,0.079767383635
