,scene_name,probs
0,office         ,0.240201562643
1,bathroom       ,0.199931055307
2,bedroom        ,0.163098931313
3,living_room    ,0.12670186162
4,playroom       ,0.0695168077946
