,scene_name,probs
0,bedroom        ,0.761126935482
1,office         ,0.0543367005885
2,living_room    ,0.0538619235158
3,dining_room    ,0.0439654029906
4,playroom       ,0.0202923230827
