,scene_name,probs
0,bookstore      ,0.48169529438
1,furniture_store,0.298623085022
2,study          ,0.0596247911453
3,playroom       ,0.0453494973481
4,home_office    ,0.040046390146
