,scene_name,probs
0,bedroom        ,0.663650333881
1,living_room    ,0.147320955992
2,playroom       ,0.0893920361996
3,bathroom       ,0.0627170950174
4,dining_room    ,0.00946343131363
