,scene_name,probs
0,furniture_store,0.82169687748
1,office_kitchen ,0.0474392101169
2,bathroom       ,0.0310913641006
3,reception_room ,0.0169332642108
4,playroom       ,0.0154744861647
