,scene_name,probs
0,study          ,0.852305471897
1,home_office    ,0.0843935906887
2,bedroom        ,0.0342431329191
3,living_room    ,0.0100413290784
4,playroom       ,0.00874624215066
