,scene_name,probs
0,bookstore      ,0.981913089752
1,classroom      ,0.00659363530576
2,furniture_store,0.00641243392602
3,kitchen        ,0.00210128328763
4,office         ,0.00096381775802
