,scene_name,probs
0,reception_room ,0.684353709221
1,living_room    ,0.0827541425824
2,bathroom       ,0.0805091485381
3,kitchen        ,0.05687129125
4,office         ,0.0231242682785
