,scene_name,probs
0,bedroom        ,0.883922457695
1,living_room    ,0.0540552549064
2,dining_room    ,0.0201402045786
3,home_office    ,0.0143897645175
4,kitchen        ,0.0082847494632
