,scene_name,probs
0,bathroom       ,0.779146015644
1,living_room    ,0.0808542519808
2,dining_room    ,0.0680647566915
3,kitchen        ,0.0343546420336
4,bedroom        ,0.00997450016439
