,scene_name,probs
0,home_office    ,0.425848841667
1,living_room    ,0.29639968276
2,dining_room    ,0.0750999599695
3,playroom       ,0.0613375045359
4,bedroom        ,0.055506195873
