,scene_name,probs
0,study          ,0.397581130266
1,home_office    ,0.196215048432
2,dining_room    ,0.166263028979
3,bedroom        ,0.122282087803
4,living_room    ,0.0900658294559
