,scene_name,probs
0,furniture_store,0.753220915794
1,bookstore      ,0.128868147731
2,reception_room ,0.0723558366299
3,study          ,0.0195003561676
4,home_office    ,0.00851230509579
