,scene_name,probs
0,bedroom        ,0.261452943087
1,office         ,0.237294226885
2,kitchen        ,0.215614452958
3,dining_room    ,0.0887756347656
4,bathroom       ,0.0596982166171
