,scene_name,probs
0,reception_room ,0.445317804813
1,playroom       ,0.117025323212
2,living_room    ,0.0788741782308
3,furniture_store,0.0588177070022
4,dining_room    ,0.0557755492628
