,scene_name,probs
0,furniture_store,0.87683236599
1,study          ,0.0512591972947
2,playroom       ,0.0200090315193
3,reception_room ,0.0152078820392
4,office         ,0.00822937488556
