,scene_name,probs
0,bedroom        ,0.512105226517
1,living_room    ,0.162104427814
2,kitchen        ,0.069353364408
3,study          ,0.0640768557787
4,bathroom       ,0.0489374138415
