,scene_name,probs
0,living_room    ,0.488874942064
1,bedroom        ,0.393599778414
2,dining_room    ,0.0522303692997
3,home_office    ,0.0165102370083
4,playroom       ,0.0152948927134
