,scene_name,probs
0,living_room    ,0.330141872168
1,kitchen        ,0.230611100793
2,study          ,0.152849003673
3,playroom       ,0.12881436944
4,home_office    ,0.0979641675949
