,scene_name,probs
0,bedroom        ,0.230493575335
1,office_kitchen ,0.188477471471
2,bathroom       ,0.151022821665
3,dining_room    ,0.0976273268461
4,kitchen        ,0.0770008265972
