,scene_name,probs
0,living_room    ,0.265028506517
1,dining_room    ,0.233296379447
2,kitchen        ,0.190089315176
3,bathroom       ,0.184430316091
4,bedroom        ,0.0451392792165
