,scene_name,probs
0,home_office    ,0.354597240686
1,living_room    ,0.308565825224
2,dining_room    ,0.0934033766389
3,reception_room ,0.0488263741136
4,bedroom        ,0.0471771620214
