,scene_name,probs
0,furniture_store,0.936521112919
1,living_room    ,0.0190426185727
2,dining_room    ,0.0109794056043
3,bedroom        ,0.00704554049298
4,bookstore      ,0.00526166521013
