,scene_name,probs
0,playroom       ,0.334176689386
1,reception_room ,0.20013949275
2,home_office    ,0.0877321213484
3,study          ,0.0750075504184
4,classroom      ,0.0670905411243
