,scene_name,probs
0,bedroom        ,0.803828597069
1,living_room    ,0.136944904923
2,dining_room    ,0.0166702177376
3,study          ,0.0122556183487
4,playroom       ,0.0115499459207
