,scene_name,probs
0,furniture_store,0.907052755356
1,living_room    ,0.020471278578
2,bathroom       ,0.017129516229
3,dining_room    ,0.017039200291
4,bookstore      ,0.0100599555299
