,scene_name,probs
0,bedroom        ,0.292687594891
1,living_room    ,0.281428664923
2,study          ,0.118105217814
3,playroom       ,0.0782807916403
4,dining_room    ,0.075149834156
