,scene_name,probs
0,playroom       ,0.939999163151
1,living_room    ,0.0160076059401
2,bedroom        ,0.012662098743
3,classroom      ,0.00888911262155
4,bookstore      ,0.00806667748839
