,scene_name,probs
0,bedroom        ,0.30870872736
1,living_room    ,0.226128757
2,dining_room    ,0.163484781981
3,home_office    ,0.126913845539
4,study          ,0.105622000992
