,scene_name,probs
0,bathroom       ,0.956489384174
1,bedroom        ,0.0164766795933
2,office         ,0.0100853722543
3,office_kitchen ,0.00649639684707
4,kitchen        ,0.00459011550993
