,scene_name,probs
0,dining_room    ,0.501440763474
1,playroom       ,0.117849044502
2,living_room    ,0.112205654383
3,bedroom        ,0.0918729305267
4,home_office    ,0.0856306925416
