,scene_name,probs
0,bathroom       ,0.555596530437
1,furniture_store,0.15332056582
2,office         ,0.113288797438
3,bedroom        ,0.0543653406203
4,office_kitchen ,0.0489957183599
