,scene_name,probs
0,living_room    ,0.583840727806
1,bedroom        ,0.182684570551
2,dining_room    ,0.0791575685143
3,home_office    ,0.0644341558218
4,playroom       ,0.0635493546724
