,scene_name,probs
0,dining_room    ,0.497675478458
1,living_room    ,0.190238565207
2,kitchen        ,0.178298220038
3,bedroom        ,0.0462985821068
4,study          ,0.0271013714373
