,scene_name,probs
0,home_office    ,0.853562295437
1,living_room    ,0.0458174869418
2,dining_room    ,0.0287714730948
3,reception_room ,0.0222743935883
4,office         ,0.0150911761448
