,scene_name,probs
0,classroom      ,0.986411571503
1,bookstore      ,0.0079235304147
2,office         ,0.00247049657628
3,playroom       ,0.000999847659841
4,bedroom        ,0.000518324959558
