,scene_name,probs
0,study          ,0.332570284605
1,kitchen        ,0.227068185806
2,bedroom        ,0.151296690106
3,home_office    ,0.112790502608
4,living_room    ,0.0817723125219
