,scene_name,probs
0,kitchen        ,0.58251452446
1,dining_room    ,0.176485106349
2,living_room    ,0.0645090937614
3,bathroom       ,0.0596747882664
4,office_kitchen ,0.019148921594
