,scene_name,probs
0,living_room    ,0.481953501701
1,home_office    ,0.230924248695
2,dining_room    ,0.0965229719877
3,study          ,0.0742961019278
4,playroom       ,0.0574181377888
