,scene_name,probs
0,furniture_store,0.512599349022
1,reception_room ,0.138422608376
2,study          ,0.129545226693
3,bookstore      ,0.128807559609
4,playroom       ,0.024538660422
