,scene_name,probs
0,office_kitchen ,0.762184143066
1,reception_room ,0.187962844968
2,classroom      ,0.0101968795061
3,bathroom       ,0.00992089416832
4,kitchen        ,0.00983085576445
