,scene_name,probs
0,bedroom        ,0.347333699465
1,office_kitchen ,0.260442316532
2,playroom       ,0.104873985052
3,classroom      ,0.0594372488558
4,living_room    ,0.0518505685031
