,scene_name,probs
0,kitchen        ,0.379168689251
1,reception_room ,0.296127587557
2,living_room    ,0.0817525088787
3,bookstore      ,0.0546256452799
4,dining_room    ,0.0421781539917
