,scene_name,probs
0,bathroom       ,0.886754870415
1,kitchen        ,0.0524629577994
2,dining_room    ,0.0218833014369
3,living_room    ,0.0187397133559
4,bedroom        ,0.0137826791033
