,scene_name,probs
0,office         ,0.310766249895
1,living_room    ,0.120579041541
2,home_office    ,0.109543398023
3,kitchen        ,0.104334674776
4,dining_room    ,0.0985203683376
