,scene_name,probs
0,reception_room ,0.206385418773
1,living_room    ,0.174617633224
2,office         ,0.167545452714
3,home_office    ,0.150754973292
4,playroom       ,0.117581315339
