,scene_name,probs
0,dining_room    ,0.821212232113
1,living_room    ,0.0733822062612
2,kitchen        ,0.0473582856357
3,playroom       ,0.0159801151603
4,home_office    ,0.0132624423131
