,scene_name,probs
0,bathroom       ,0.930552423
1,bedroom        ,0.023406021297
2,kitchen        ,0.0136642502621
3,office_kitchen ,0.0121379466727
4,office         ,0.00686257844791
