,scene_name,probs
0,reception_room ,0.375779688358
1,office_kitchen ,0.215974599123
2,playroom       ,0.0818352103233
3,study          ,0.0695238485932
4,bookstore      ,0.0670317783952
