,scene_name,probs
0,reception_room ,0.314653962851
1,bookstore      ,0.231447324157
2,furniture_store,0.214929461479
3,playroom       ,0.0770732462406
4,study          ,0.0527123622596
