,scene_name,probs
0,kitchen        ,0.389044076204
1,living_room    ,0.209495663643
2,dining_room    ,0.0538210272789
3,reception_room ,0.0487360171974
4,office         ,0.0485216900706
