,scene_name,probs
0,bathroom       ,0.621808409691
1,kitchen        ,0.133027985692
2,living_room    ,0.0664596036077
3,office         ,0.0542076639831
4,bedroom        ,0.0538610257208
