,scene_name,probs
0,bedroom        ,0.766876637936
1,living_room    ,0.0814919471741
2,office         ,0.0637168437243
3,playroom       ,0.0425592698157
4,study          ,0.0208225306123
