,scene_name,probs
0,classroom      ,0.9255220294
1,bookstore      ,0.0185302402824
2,office         ,0.0131202796474
3,bedroom        ,0.00983506813645
4,living_room    ,0.00901917368174
