,scene_name,probs
0,bedroom        ,0.45074519515
1,living_room    ,0.32404088974
2,dining_room    ,0.0589178353548
3,study          ,0.0585820451379
4,playroom       ,0.0481309257448
