,scene_name,probs
0,furniture_store,0.81696075201
1,bookstore      ,0.0775040537119
2,reception_room ,0.0199192799628
3,playroom       ,0.0167237687856
4,home_office    ,0.0145969586447
