,scene_name,probs
0,dining_room    ,0.824067413807
1,kitchen        ,0.0622778572142
2,living_room    ,0.0344977080822
3,bedroom        ,0.0278930235654
4,home_office    ,0.0267599690706
