,scene_name,probs
0,bedroom        ,0.587978363037
1,living_room    ,0.242837771773
2,study          ,0.0741500779986
3,home_office    ,0.043226107955
4,office         ,0.020770393312
