,scene_name,probs
0,dining_room    ,0.859456539154
1,living_room    ,0.042829208076
2,bedroom        ,0.0385075174272
3,playroom       ,0.0332592949271
4,kitchen        ,0.0115618277341
