,scene_name,probs
0,classroom      ,0.953240811825
1,bookstore      ,0.0207396186888
2,playroom       ,0.00991534534842
3,office         ,0.00883347820491
4,office_kitchen ,0.00200500548817
