,scene_name,probs
0,home_office    ,0.886986911297
1,study          ,0.0600266121328
2,dining_room    ,0.0147287743166
3,living_room    ,0.0131972497329
4,bedroom        ,0.0119750257581
