,scene_name,probs
0,home_office    ,0.857548058033
1,study          ,0.0997032150626
2,living_room    ,0.0113652981818
3,furniture_store,0.00823032576591
4,bookstore      ,0.00773030426353
