,scene_name,probs
0,study          ,0.286291748285
1,playroom       ,0.248560026288
2,reception_room ,0.234461665154
3,furniture_store,0.0596168674529
4,office_kitchen ,0.0590413063765
