,scene_name,probs
0,classroom      ,0.671423196793
1,bookstore      ,0.175481006503
2,home_office    ,0.0521710813046
3,playroom       ,0.0419753976166
4,furniture_store,0.0233968682587
