,scene_name,probs
0,classroom      ,0.635037243366
1,bookstore      ,0.21390928328
2,furniture_store,0.0466810502112
3,playroom       ,0.0363253988326
4,home_office    ,0.0284871011972
