,scene_name,probs
0,classroom      ,0.342084646225
1,bookstore      ,0.192348524928
2,furniture_store,0.139561221004
3,reception_room ,0.0759448409081
4,home_office    ,0.0684981718659
