,scene_name,probs
0,home_office    ,0.440867453814
1,study          ,0.281521052122
2,living_room    ,0.0813987776637
3,bedroom        ,0.0481864027679
4,dining_room    ,0.0417245104909
