,scene_name,probs
0,home_office    ,0.809292554855
1,study          ,0.0885497331619
2,living_room    ,0.0630328059196
3,dining_room    ,0.0176773462445
4,bedroom        ,0.010565537028
