,scene_name,probs
0,classroom      ,0.961119174957
1,office         ,0.0105071170256
2,playroom       ,0.00954539142549
3,bookstore      ,0.00695554492995
4,office_kitchen ,0.00627035368234
