,scene_name,probs
0,reception_room ,0.908146083355
1,dining_room    ,0.0211683120579
2,kitchen        ,0.0195995364338
3,office_kitchen ,0.00851479079574
4,living_room    ,0.00662213051692
