,scene_name,probs
0,office         ,0.827892065048
1,bedroom        ,0.0505970828235
2,playroom       ,0.0462303385139
3,living_room    ,0.0189599953592
4,classroom      ,0.0118639152497
