,scene_name,probs
0,bedroom        ,0.742036521435
1,living_room    ,0.118728742003
2,study          ,0.0564584583044
3,dining_room    ,0.0131847532466
4,office         ,0.0117475818843
