,scene_name,probs
0,living_room    ,0.330060303211
1,kitchen        ,0.167217805982
2,bathroom       ,0.140679240227
3,office         ,0.0909247770905
4,bedroom        ,0.0761123746634
