,scene_name,probs
0,bookstore      ,0.941624760628
1,furniture_store,0.0467567630112
2,classroom      ,0.00459199678153
3,reception_room ,0.00210458226502
4,study          ,0.00170581822749
