,scene_name,probs
0,dining_room    ,0.312536984682
1,playroom       ,0.208380609751
2,living_room    ,0.164678171277
3,office         ,0.0600660443306
4,classroom      ,0.0596436411142
