,scene_name,probs
0,office         ,0.93196451664
1,furniture_store,0.0197083428502
2,living_room    ,0.0131727578118
3,kitchen        ,0.0123757468536
4,bookstore      ,0.00731513556093
