,scene_name,probs
0,bookstore      ,0.723868191242
1,furniture_store,0.107909940183
2,playroom       ,0.0432320572436
3,classroom      ,0.035676535219
4,study          ,0.0256320815533
