,scene_name,probs
0,office         ,0.764516353607
1,furniture_store,0.121422328055
2,bookstore      ,0.0494734458625
3,kitchen        ,0.0239671897143
4,classroom      ,0.0119449067861
