,scene_name,probs
0,bathroom       ,0.903513908386
1,office         ,0.0318953171372
2,furniture_store,0.0139213977382
3,kitchen        ,0.0134096024558
4,living_room    ,0.00807191897184
