,scene_name,probs
0,bookstore      ,0.917559504509
1,furniture_store,0.0356116071343
2,classroom      ,0.0158256050199
3,kitchen        ,0.00995124038309
4,home_office    ,0.0047818957828
