,scene_name,probs
0,bookstore      ,0.962481021881
1,classroom      ,0.0126843489707
2,kitchen        ,0.00631781341508
3,living_room    ,0.00465058907866
4,furniture_store,0.00290555227548
