,scene_name,probs
0,study          ,0.437746137381
1,playroom       ,0.270381867886
2,home_office    ,0.137284055352
3,bookstore      ,0.0343165956438
4,reception_room ,0.0326940007508
