,scene_name,probs
0,office         ,0.457896649837
1,bathroom       ,0.211293488741
2,bedroom        ,0.202880233526
3,living_room    ,0.037589777261
4,office_kitchen ,0.0344323664904
