,scene_name,probs
0,home_office    ,0.931533396244
1,study          ,0.0324170775712
2,dining_room    ,0.00888430420309
3,living_room    ,0.00796520151198
4,reception_room ,0.00707579823211
