,scene_name,probs
0,study          ,0.729679346085
1,home_office    ,0.169146299362
2,reception_room ,0.0246437564492
3,furniture_store,0.021761296317
4,kitchen        ,0.0122267231345
