,scene_name,probs
0,living_room    ,0.53162676096
1,dining_room    ,0.209545090795
2,bedroom        ,0.160256266594
3,home_office    ,0.0500624291599
4,study          ,0.0314294584095
