,scene_name,probs
0,bathroom       ,0.471051990986
1,dining_room    ,0.226904541254
2,kitchen        ,0.140744015574
3,living_room    ,0.0769637152553
4,office_kitchen ,0.0228573810309
