,scene_name,probs
0,office         ,0.343497544527
1,bedroom        ,0.21287420392
2,kitchen        ,0.128920510411
3,bathroom       ,0.101891152561
4,furniture_store,0.0746574997902
