,scene_name,probs
0,bedroom        ,0.447251737118
1,living_room    ,0.271857947111
2,dining_room    ,0.112408548594
3,home_office    ,0.0785522758961
4,office         ,0.0312321893871
