,scene_name,probs
0,study          ,0.736406803131
1,home_office    ,0.152698621154
2,living_room    ,0.0293492097408
3,furniture_store,0.0186466183513
4,bookstore      ,0.0168082974851
