,scene_name,probs
0,office_kitchen ,0.852472424507
1,reception_room ,0.0675756409764
2,bathroom       ,0.0222330968827
3,playroom       ,0.020042007789
4,office         ,0.00827124342322
