,scene_name,probs
0,bedroom        ,0.702201485634
1,office         ,0.116266675293
2,living_room    ,0.0626122802496
3,study          ,0.0218236483634
4,office_kitchen ,0.0166151411831
