,scene_name,probs
0,bedroom        ,0.599536120892
1,living_room    ,0.150671809912
2,office         ,0.109137929976
3,study          ,0.0409031696618
4,bathroom       ,0.0304973665625
