,scene_name,probs
0,office_kitchen ,0.924913525581
1,bathroom       ,0.0235140863806
2,bedroom        ,0.0138508053496
3,office         ,0.0131402192637
4,kitchen        ,0.00503289652988
