,scene_name,probs
0,office         ,0.683068037033
1,bedroom        ,0.0676741823554
2,bathroom       ,0.0465616509318
3,study          ,0.0374267995358
4,furniture_store,0.0314611569047
