,scene_name,probs
0,classroom      ,0.89549189806
1,bookstore      ,0.0652380734682
2,playroom       ,0.0102023957297
3,living_room    ,0.00656674616039
4,office         ,0.00578018883243
