,scene_name,probs
0,bookstore      ,0.92713624239
1,playroom       ,0.0222942586988
2,home_office    ,0.0193734448403
3,classroom      ,0.0122543089092
4,furniture_store,0.00538576487452
