,scene_name,probs
0,bookstore      ,0.843838274479
1,kitchen        ,0.0792602524161
2,living_room    ,0.0257459357381
3,dining_room    ,0.0189288686961
4,furniture_store,0.00861893221736
