,scene_name,probs
0,reception_room ,0.967560231686
1,office         ,0.0133108701557
2,office_kitchen ,0.01001533214
3,kitchen        ,0.00132271426264
4,furniture_store,0.00131707254332
