,scene_name,probs
0,home_office    ,0.634033799171
1,classroom      ,0.104409426451
2,office         ,0.0969350785017
3,reception_room ,0.0325689204037
4,kitchen        ,0.0297437421978
