,scene_name,probs
0,home_office    ,0.90936344862
1,living_room    ,0.0366615727544
2,dining_room    ,0.0213977918029
3,playroom       ,0.0121978605166
4,bedroom        ,0.00716497562826
