,scene_name,probs
0,bookstore      ,0.95888030529
1,classroom      ,0.0221890062094
2,playroom       ,0.0112063307315
3,furniture_store,0.00359394960105
4,home_office    ,0.00187372416258
