,scene_name,probs
0,home_office    ,0.385420054197
1,living_room    ,0.253050684929
2,bedroom        ,0.208813384175
3,playroom       ,0.0605941414833
4,dining_room    ,0.0488031432033
