,scene_name,probs
0,bedroom        ,0.81925112009
1,living_room    ,0.0740959718823
2,playroom       ,0.0415025427938
3,dining_room    ,0.038347709924
4,office         ,0.00960142724216
