,scene_name,probs
0,office_kitchen ,0.605718791485
1,playroom       ,0.122821994126
2,reception_room ,0.0703138113022
3,classroom      ,0.0503808483481
4,office         ,0.0480444915593
