,scene_name,probs
0,kitchen        ,0.650631606579
1,bathroom       ,0.121037825942
2,bedroom        ,0.103638797998
3,dining_room    ,0.071129925549
4,living_room    ,0.0306385215372
