,scene_name,probs
0,bathroom       ,0.840374469757
1,bedroom        ,0.0926370918751
2,kitchen        ,0.0212240349501
3,living_room    ,0.015965456143
4,office_kitchen ,0.00755931343883
