,scene_name,probs
0,furniture_store,0.565939664841
1,study          ,0.184153869748
2,home_office    ,0.0618125833571
3,reception_room ,0.0458967573941
4,bookstore      ,0.0394902229309
