,scene_name,probs
0,classroom      ,0.464548408985
1,office         ,0.168072685599
2,bookstore      ,0.0816621929407
3,bedroom        ,0.0806346163154
4,playroom       ,0.0430447012186
