,scene_name,probs
0,office_kitchen ,0.70112323761
1,reception_room ,0.0690819695592
2,classroom      ,0.0498300045729
3,playroom       ,0.0475579351187
4,bathroom       ,0.0376168899238
