,scene_name,probs
0,living_room    ,0.353856295347
1,dining_room    ,0.347764879465
2,home_office    ,0.141382291913
3,kitchen        ,0.051132556051
4,study          ,0.0501062311232
