,scene_name,probs
0,playroom       ,0.369340240955
1,study          ,0.195007860661
2,bookstore      ,0.167447686195
3,home_office    ,0.0548502802849
4,living_room    ,0.0407705642283
