,scene_name,probs
0,study          ,0.673918902874
1,playroom       ,0.150675565004
2,home_office    ,0.125481829047
3,living_room    ,0.0218078233302
4,dining_room    ,0.00813270453364
