,scene_name,probs
0,bedroom        ,0.545192241669
1,living_room    ,0.28139385581
2,playroom       ,0.06367854774
3,study          ,0.0577921457589
4,dining_room    ,0.0209789909422
