,scene_name,probs
0,living_room    ,0.572112441063
1,bedroom        ,0.284935206175
2,study          ,0.060617223382
3,dining_room    ,0.0275459382683
4,playroom       ,0.0272883083671
