,scene_name,probs
0,dining_room    ,0.393035799265
1,bathroom       ,0.376256793737
2,kitchen        ,0.119973905385
3,living_room    ,0.0440045855939
4,reception_room ,0.0155972829089
