,scene_name,probs
0,bathroom       ,0.631023228168
1,kitchen        ,0.128067657351
2,bedroom        ,0.102195985615
3,office_kitchen ,0.029359428212
4,living_room    ,0.0289085116237
