,scene_name,probs
0,home_office    ,0.60498124361
1,study          ,0.225773006678
2,living_room    ,0.0670781284571
3,bedroom        ,0.0539018884301
4,playroom       ,0.0352902039886
