,scene_name,probs
0,home_office    ,0.48465564847
1,bookstore      ,0.242302834988
2,study          ,0.157940983772
3,reception_room ,0.0335496887565
4,classroom      ,0.0238685440272
