,scene_name,probs
0,bathroom       ,0.741335630417
1,kitchen        ,0.0655800700188
2,living_room    ,0.0637661591172
3,office         ,0.0403249524534
4,bedroom        ,0.0284425709397
