,scene_name,probs
0,office         ,0.91139113903
1,classroom      ,0.0141331832856
2,living_room    ,0.0133420806378
3,bedroom        ,0.013022265397
4,kitchen        ,0.0116002559662
