,scene_name,probs
0,playroom       ,0.405688345432
1,reception_room ,0.286563634872
2,office_kitchen ,0.18524363637
3,study          ,0.0381676889956
4,home_office    ,0.0230643600225
