,scene_name,probs
0,bathroom       ,0.810176968575
1,kitchen        ,0.0691648200154
2,bedroom        ,0.037359200418
3,living_room    ,0.0288259387016
4,dining_room    ,0.0146457226947
