,scene_name,probs
0,playroom       ,0.636325538158
1,bedroom        ,0.218964084983
2,living_room    ,0.0496535524726
3,classroom      ,0.0455508753657
4,dining_room    ,0.0127361724153
