,scene_name,probs
0,study          ,0.364386051893
1,home_office    ,0.34371650219
2,bookstore      ,0.0771828815341
3,reception_room ,0.0588332004845
4,furniture_store,0.056692764163
