,scene_name,probs
0,dining_room    ,0.678965806961
1,bedroom        ,0.135794714093
2,living_room    ,0.0938123092055
3,kitchen        ,0.0369293913245
4,home_office    ,0.0249471031129
