,scene_name,probs
0,office_kitchen ,0.852356493473
1,playroom       ,0.052262943238
2,classroom      ,0.0507245659828
3,reception_room ,0.0184031836689
4,bedroom        ,0.00775373261422
