,scene_name,probs
0,bedroom        ,0.599888384342
1,bathroom       ,0.26733225584
2,living_room    ,0.0475705191493
3,playroom       ,0.0389945022762
4,kitchen        ,0.0115490630269
