,scene_name,probs
0,furniture_store,0.802681624889
1,study          ,0.0699595361948
2,bookstore      ,0.0322883352637
3,playroom       ,0.0321520455182
4,reception_room ,0.0251416247338
