,scene_name,probs
0,bedroom        ,0.701339244843
1,living_room    ,0.220852151513
2,dining_room    ,0.0268688630313
3,kitchen        ,0.0156297460198
4,playroom       ,0.00941857043654
