,scene_name,probs
0,office         ,0.842621088028
1,bedroom        ,0.0497417002916
2,bathroom       ,0.0370564237237
3,kitchen        ,0.0340044572949
4,living_room    ,0.023616835475
