,scene_name,probs
0,office_kitchen ,0.475223809481
1,office         ,0.115240238607
2,kitchen        ,0.0963088199496
3,dining_room    ,0.070988766849
4,living_room    ,0.0670433863997
