,scene_name,probs
0,office_kitchen ,0.366682946682
1,playroom       ,0.304417878389
2,reception_room ,0.0936877727509
3,study          ,0.0394494906068
4,office         ,0.0383168309927
