,scene_name,probs
0,office_kitchen ,0.784749627113
1,reception_room ,0.0982685610652
2,classroom      ,0.0423773080111
3,playroom       ,0.0185979288071
4,office         ,0.0106550967321
