,scene_name,probs
0,reception_room ,0.64336180687
1,bathroom       ,0.104588195682
2,dining_room    ,0.0714703574777
3,living_room    ,0.0529561787844
4,kitchen        ,0.0378008522093
