,scene_name,probs
0,living_room    ,0.372952342033
1,bedroom        ,0.260125726461
2,playroom       ,0.132181078196
3,study          ,0.10065061599
4,home_office    ,0.0555967018008
