,scene_name,probs
0,classroom      ,0.664678096771
1,playroom       ,0.154496744275
2,office_kitchen ,0.0569116808474
3,bookstore      ,0.0265384092927
4,furniture_store,0.0198355372995
