,scene_name,probs
0,dining_room    ,0.895549714565
1,living_room    ,0.0340786911547
2,study          ,0.0249912794679
3,playroom       ,0.0135074835271
4,home_office    ,0.0132863949984
