,scene_name,probs
0,study          ,0.517319142818
1,playroom       ,0.116066537797
2,bookstore      ,0.0915969163179
3,home_office    ,0.0518441833556
4,kitchen        ,0.0461963750422
