,scene_name,probs
0,furniture_store,0.867395579815
1,reception_room ,0.0465833805501
2,bookstore      ,0.0333809927106
3,study          ,0.0200896915048
4,playroom       ,0.0105431983247
