,scene_name,probs
0,office         ,0.907697796822
1,playroom       ,0.0249508488923
2,furniture_store,0.0123711880296
3,office_kitchen ,0.0105141103268
4,bedroom        ,0.0104291504249
