,scene_name,probs
0,classroom      ,0.964895248413
1,bookstore      ,0.0126016046852
2,playroom       ,0.00491528492421
3,home_office    ,0.00417855614796
4,office         ,0.00326613965444
