,scene_name,probs
0,kitchen        ,0.268361747265
1,office         ,0.155223354697
2,bookstore      ,0.14163595438
3,dining_room    ,0.123188041151
4,furniture_store,0.0897619873285
