,scene_name,probs
0,study          ,0.559873998165
1,playroom       ,0.260225564241
2,bookstore      ,0.06989595294
3,home_office    ,0.0368868559599
4,reception_room ,0.0223887432367
