,scene_name,probs
0,office         ,0.612314999104
1,home_office    ,0.0948517695069
2,classroom      ,0.0788159146905
3,kitchen        ,0.0550504922867
4,reception_room ,0.0457416400313
