,scene_name,probs
0,office_kitchen ,0.923211276531
1,reception_room ,0.0467700995505
2,classroom      ,0.00821643974632
3,bathroom       ,0.00565818091854
4,playroom       ,0.00558980042115
