,scene_name,probs
0,study          ,0.932986855507
1,home_office    ,0.0187492202967
2,living_room    ,0.0163186341524
3,bookstore      ,0.00920819211751
4,dining_room    ,0.0081574106589
