,scene_name,probs
0,office_kitchen ,0.659381151199
1,office         ,0.0980412960052
2,kitchen        ,0.0637670531869
3,classroom      ,0.0341257378459
4,bedroom        ,0.0330925546587
