,scene_name,probs
0,home_office    ,0.268837571144
1,living_room    ,0.207129687071
2,study          ,0.168689310551
3,bedroom        ,0.155686318874
4,playroom       ,0.151279568672
