,scene_name,probs
0,classroom      ,0.952009618282
1,bookstore      ,0.0206867344677
2,home_office    ,0.0181983299553
3,playroom       ,0.00543827889487
4,bedroom        ,0.000799115689006
