,scene_name,probs
0,bedroom        ,0.754117190838
1,living_room    ,0.0737146660686
2,playroom       ,0.0509881749749
3,dining_room    ,0.0469351299107
4,office         ,0.0333713404834
