,scene_name,probs
0,furniture_store,0.632955312729
1,bookstore      ,0.192581504583
2,study          ,0.0811281055212
3,reception_room ,0.0347504653037
4,home_office    ,0.0263281427324
