,scene_name,probs
0,office_kitchen ,0.979537367821
1,classroom      ,0.00568089261651
2,office         ,0.00404055276886
3,playroom       ,0.00197084853426
4,bathroom       ,0.00195767101832
