,scene_name,probs
0,furniture_store,0.577425777912
1,bookstore      ,0.125993207097
2,playroom       ,0.112678222358
3,reception_room ,0.10967091471
4,study          ,0.0192340295762
