,scene_name,probs
0,bookstore      ,0.884659647942
1,kitchen        ,0.0288939289749
2,classroom      ,0.0273019522429
3,furniture_store,0.0170313250273
4,office         ,0.0146887619048
