,scene_name,probs
0,bathroom       ,0.267804175615
1,office         ,0.192915126681
2,kitchen        ,0.140316963196
3,bedroom        ,0.13948994875
4,office_kitchen ,0.0682894662023
