,scene_name,probs
0,bedroom        ,0.802719891071
1,living_room    ,0.0866834521294
2,study          ,0.0458307415247
3,home_office    ,0.0453530661762
4,playroom       ,0.00970288831741
