,scene_name,probs
0,study          ,0.380221426487
1,living_room    ,0.226997449994
2,bedroom        ,0.217078208923
3,home_office    ,0.0676336362958
4,kitchen        ,0.0336556136608
