,scene_name,probs
0,living_room    ,0.325504988432
1,bedroom        ,0.310587376356
2,dining_room    ,0.131117552519
3,kitchen        ,0.101966917515
4,bathroom       ,0.0957475528121
