,scene_name,probs
0,bedroom        ,0.68768376112
1,office_kitchen ,0.115449108183
2,living_room    ,0.0322207771242
3,office         ,0.0318138711154
4,dining_room    ,0.0316573530436
