,scene_name,probs
0,office         ,0.86839902401
1,living_room    ,0.0335749275982
2,bedroom        ,0.0220051407814
3,kitchen        ,0.0185751132667
4,playroom       ,0.0138938659802
