,scene_name,probs
0,office         ,0.887508332729
1,classroom      ,0.0727306902409
2,living_room    ,0.0105499094352
3,dining_room    ,0.0067620719783
4,office_kitchen ,0.00605157064274
