,scene_name,probs
0,office         ,0.775487840176
1,furniture_store,0.0948870554566
2,playroom       ,0.0278422627598
3,bookstore      ,0.0215909834951
4,classroom      ,0.0166346095502
