,scene_name,probs
0,furniture_store,0.825239419937
1,office         ,0.053297534585
2,living_room    ,0.0333044193685
3,dining_room    ,0.0173011161387
4,playroom       ,0.016048360616
