,scene_name,probs
0,bedroom        ,0.540956437588
1,playroom       ,0.180591538548
2,living_room    ,0.11591783911
3,dining_room    ,0.052651103586
4,office         ,0.0458507798612
