,scene_name,probs
0,reception_room ,0.863659024239
1,kitchen        ,0.0349552631378
2,bathroom       ,0.0225082971156
3,dining_room    ,0.0168902017176
4,furniture_store,0.0157417841256
