,scene_name,probs
0,bedroom        ,0.457390457392
1,office         ,0.105721257627
2,dining_room    ,0.0941674187779
3,furniture_store,0.0826214328408
4,playroom       ,0.0775562673807
