,scene_name,probs
0,reception_room ,0.919117927551
1,office_kitchen ,0.0298491232097
2,kitchen        ,0.0168648753315
3,bathroom       ,0.00722218258306
4,dining_room    ,0.00691834138706
