,scene_name,probs
0,bookstore      ,0.86095559597
1,office         ,0.0414474122226
2,furniture_store,0.0303882639855
3,classroom      ,0.018297618255
4,kitchen        ,0.0168488007039
