,scene_name,probs
0,kitchen        ,0.495710253716
1,bookstore      ,0.281915456057
2,classroom      ,0.0547731369734
3,dining_room    ,0.0405839532614
4,living_room    ,0.0321942232549
