,scene_name,probs
0,dining_room    ,0.381108224392
1,living_room    ,0.208934277296
2,kitchen        ,0.108926407993
3,office         ,0.0878937989473
4,bedroom        ,0.070007763803
