,scene_name,probs
0,bedroom        ,0.54808139801
1,living_room    ,0.354697585106
2,playroom       ,0.031340572983
3,dining_room    ,0.0173667389899
4,home_office    ,0.0151489162818
