,scene_name,probs
0,living_room    ,0.231450229883
1,study          ,0.211070254445
2,playroom       ,0.201533585787
3,home_office    ,0.100684456527
4,bedroom        ,0.0842444822192
