,scene_name,probs
0,bathroom       ,0.856340765953
1,bedroom        ,0.0356518253684
2,office_kitchen ,0.0289215520024
3,kitchen        ,0.0253291353583
4,dining_room    ,0.0130970468745
