,scene_name,probs
0,bookstore      ,0.778892695904
1,kitchen        ,0.106669634581
2,living_room    ,0.0446696095169
3,dining_room    ,0.0257349256426
4,office         ,0.0156835392118
