,scene_name,probs
0,bedroom        ,0.603620290756
1,playroom       ,0.113262191415
2,dining_room    ,0.0957717299461
3,living_room    ,0.0824308097363
4,kitchen        ,0.0361712351441
