,scene_name,probs
0,classroom      ,0.94899982214
1,office         ,0.0140920961276
2,playroom       ,0.0087011307478
3,bookstore      ,0.00804518163204
4,office_kitchen ,0.00475485343486
