,scene_name,probs
0,kitchen        ,0.767127215862
1,dining_room    ,0.0835754349828
2,living_room    ,0.0615131594241
3,bedroom        ,0.0403480194509
4,home_office    ,0.0132265212014
