,scene_name,probs
0,reception_room ,0.870665431023
1,office_kitchen ,0.0284363925457
2,study          ,0.0238161440939
3,furniture_store,0.0217868573964
4,bookstore      ,0.020179303363
