,scene_name,probs
0,bookstore      ,0.943837225437
1,furniture_store,0.0293474104255
2,study          ,0.0202696043998
3,home_office    ,0.00351796648465
4,playroom       ,0.00138599786442
