,scene_name,probs
0,home_office    ,0.289402484894
1,dining_room    ,0.279573053122
2,bedroom        ,0.21879452467
3,study          ,0.0481186807156
4,playroom       ,0.045485701412
