,scene_name,probs
0,study          ,0.632402420044
1,home_office    ,0.264918535948
2,playroom       ,0.0720114260912
3,living_room    ,0.0103514231741
4,bedroom        ,0.00836023595184
