,scene_name,probs
0,bedroom        ,0.507340312004
1,home_office    ,0.231239333749
2,living_room    ,0.189401134849
3,study          ,0.0420353859663
4,playroom       ,0.014383725822
