,scene_name,probs
0,kitchen        ,0.467680692673
1,bathroom       ,0.0977300405502
2,reception_room ,0.0849359631538
3,classroom      ,0.0709993988276
4,office         ,0.06931181252
