,scene_name,probs
0,furniture_store,0.955857932568
1,office         ,0.0196200180799
2,living_room    ,0.00527406902984
3,bookstore      ,0.00449754111469
4,study          ,0.00351189356297
