,scene_name,probs
0,classroom      ,0.951490998268
1,office         ,0.0149527741596
2,bookstore      ,0.0139665640891
3,office_kitchen ,0.00733969639987
4,playroom       ,0.0048715537414
