,scene_name,probs
0,classroom      ,0.348948657513
1,living_room    ,0.198265641928
2,bedroom        ,0.116307139397
3,kitchen        ,0.0847020447254
4,office         ,0.0775137171149
