,scene_name,probs
0,study          ,0.717695832253
1,bedroom        ,0.140459880233
2,home_office    ,0.0542140081525
3,living_room    ,0.0490713790059
4,playroom       ,0.0251229461282
