,scene_name,probs
0,dining_room    ,0.431956589222
1,living_room    ,0.234142020345
2,kitchen        ,0.184084996581
3,bookstore      ,0.0421269498765
4,bathroom       ,0.0231564417481
