,scene_name,probs
0,furniture_store,0.877942323685
1,bookstore      ,0.106774672866
2,reception_room ,0.00449855485931
3,classroom      ,0.00305668427609
4,office         ,0.00235446006991
