,scene_name,probs
0,classroom      ,0.980486571789
1,bookstore      ,0.0085350330919
2,playroom       ,0.00535754673183
3,dining_room    ,0.00168572168332
4,office         ,0.000895552861039
