,scene_name,probs
0,home_office    ,0.892769217491
1,study          ,0.0542399585247
2,living_room    ,0.0244040600955
3,dining_room    ,0.00653862534091
4,bedroom        ,0.00522308889776
