,scene_name,probs
0,bathroom       ,0.55448114872
1,bedroom        ,0.166046023369
2,dining_room    ,0.108173288405
3,living_room    ,0.0650774240494
4,kitchen        ,0.0319129861891
