,scene_name,probs
0,dining_room    ,0.545870840549
1,living_room    ,0.230245411396
2,kitchen        ,0.100485786796
3,bathroom       ,0.0422992967069
4,study          ,0.0248230434954
