,scene_name,probs
0,bedroom        ,0.813685953617
1,living_room    ,0.121077507734
2,home_office    ,0.0327351652086
3,playroom       ,0.0108421370387
4,study          ,0.0104847000912
