,scene_name,probs
0,bathroom       ,0.772235691547
1,bedroom        ,0.117000795901
2,dining_room    ,0.0389964990318
3,office_kitchen ,0.020734263584
4,kitchen        ,0.0200069434941
