,scene_name,probs
0,bedroom        ,0.47026848793
1,living_room    ,0.236790299416
2,bathroom       ,0.178638383746
3,dining_room    ,0.0552572757006
4,kitchen        ,0.0201913677156
