,scene_name,probs
0,bedroom        ,0.771931886673
1,living_room    ,0.123048447073
2,playroom       ,0.0546006709337
3,classroom      ,0.0146237071604
4,study          ,0.010674524121
