,scene_name,probs
0,study          ,0.666903078556
1,reception_room ,0.0937887653708
2,playroom       ,0.0714635178447
3,furniture_store,0.0402952246368
4,office_kitchen ,0.0387284383178
