,scene_name,probs
0,study          ,0.812573134899
1,playroom       ,0.090540997684
2,living_room    ,0.0265124831349
3,home_office    ,0.0252635609359
4,bedroom        ,0.0213482696563
