,scene_name,probs
0,study          ,0.792996704578
1,home_office    ,0.0833027213812
2,living_room    ,0.0531180426478
3,bedroom        ,0.0373043715954
4,dining_room    ,0.0196525212377
