,scene_name,probs
0,furniture_store,0.947426795959
1,office         ,0.0198157783598
2,living_room    ,0.00878274533898
3,bedroom        ,0.00746369268745
4,study          ,0.00571074802428
