,scene_name,probs
0,kitchen        ,0.430392593145
1,dining_room    ,0.314912110567
2,living_room    ,0.0918358638883
3,bathroom       ,0.052125737071
4,reception_room ,0.026688490063
