,scene_name,probs
0,furniture_store,0.955915868282
1,bookstore      ,0.031548563391
2,office         ,0.00713932048529
3,kitchen        ,0.00167611392681
4,living_room    ,0.00133236846887
