,scene_name,probs
0,bedroom        ,0.619577109814
1,living_room    ,0.14397367835
2,office         ,0.0973522514105
3,study          ,0.0462273657322
4,bathroom       ,0.0218054670841
