,scene_name,probs
0,office         ,0.910456955433
1,bathroom       ,0.0457668639719
2,kitchen        ,0.00976335257292
3,furniture_store,0.00666453316808
4,office_kitchen ,0.005438816268
