,scene_name,probs
0,reception_room ,0.594359099865
1,home_office    ,0.10432523489
2,study          ,0.0747492983937
3,living_room    ,0.0571028329432
4,bookstore      ,0.0419214405119
