,scene_name,probs
0,living_room    ,0.425667107105
1,bedroom        ,0.324859976768
2,dining_room    ,0.106823317707
3,home_office    ,0.0654176324606
4,playroom       ,0.059112906456
