,scene_name,probs
0,dining_room    ,0.846440732479
1,living_room    ,0.0328356921673
2,playroom       ,0.0310734249651
3,study          ,0.0212017204612
4,home_office    ,0.0188871901482
