,scene_name,probs
0,reception_room ,0.424975574017
1,dining_room    ,0.184630289674
2,study          ,0.0970192477107
3,living_room    ,0.0904607325792
4,home_office    ,0.0800345465541
