,scene_name,probs
0,bathroom       ,0.566469609737
1,bedroom        ,0.192696750164
2,kitchen        ,0.0780863389373
3,living_room    ,0.0451608225703
4,dining_room    ,0.039620526135
