,scene_name,probs
0,home_office    ,0.359364926815
1,living_room    ,0.283892035484
2,study          ,0.16697730124
3,kitchen        ,0.0682257711887
4,bedroom        ,0.0551398508251
