,scene_name,probs
0,classroom      ,0.926195085049
1,bookstore      ,0.0229939837009
2,office         ,0.0153140081093
3,living_room    ,0.0127512235194
4,playroom       ,0.0091955717653
