,scene_name,probs
0,reception_room ,0.954590678215
1,dining_room    ,0.0116610061377
2,kitchen        ,0.00909354817122
3,bathroom       ,0.00645334180444
4,office_kitchen ,0.00643674610183
