,scene_name,probs
0,classroom      ,0.899664461613
1,bookstore      ,0.0589516125619
2,office         ,0.0190718639642
3,home_office    ,0.00470804562792
4,playroom       ,0.00440862914547
