,scene_name,probs
0,office         ,0.678670525551
1,kitchen        ,0.107053637505
2,bathroom       ,0.0779650136828
3,living_room    ,0.0591157414019
4,dining_room    ,0.0233261622488
