,scene_name,probs
0,bedroom        ,0.485010951757
1,dining_room    ,0.162821501493
2,bathroom       ,0.140400394797
3,kitchen        ,0.110622569919
4,living_room    ,0.0579375959933
