,scene_name,probs
0,bedroom        ,0.306858927011
1,living_room    ,0.181832998991
2,dining_room    ,0.157688692212
3,playroom       ,0.134539231658
4,office_kitchen ,0.0578456111252
