,scene_name,probs
0,study          ,0.265383422375
1,home_office    ,0.261052280664
2,bedroom        ,0.142871171236
3,living_room    ,0.0846599042416
4,dining_room    ,0.0672716423869
