,scene_name,probs
0,bedroom        ,0.352232992649
1,living_room    ,0.246712043881
2,dining_room    ,0.139178931713
3,kitchen        ,0.100012078881
4,office         ,0.0569442361593
