,scene_name,probs
0,office         ,0.333593159914
1,dining_room    ,0.149045586586
2,classroom      ,0.120417416096
3,playroom       ,0.106319479644
4,furniture_store,0.0675457641482
