,scene_name,probs
0,bookstore      ,0.932231724262
1,classroom      ,0.0179307535291
2,furniture_store,0.012029370293
3,living_room    ,0.0100022153929
4,playroom       ,0.0066907890141
