,scene_name,probs
0,living_room    ,0.395281016827
1,office         ,0.166264057159
2,playroom       ,0.0914945080876
3,bedroom        ,0.0879815742373
4,dining_room    ,0.0877100676298
