,scene_name,probs
0,bathroom       ,0.552412450314
1,kitchen        ,0.329272478819
2,office_kitchen ,0.0495730228722
3,reception_room ,0.0232772286981
4,bedroom        ,0.013185011223
