,scene_name,probs
0,furniture_store,0.922403812408
1,bookstore      ,0.0555850341916
2,study          ,0.0100063169375
3,reception_room ,0.00727507984266
4,playroom       ,0.00233403546736
