,scene_name,probs
0,living_room    ,0.422678142786
1,bedroom        ,0.404262632132
2,dining_room    ,0.0696226209402
3,bathroom       ,0.041910815984
4,kitchen        ,0.0286669805646
