,scene_name,probs
0,bookstore      ,0.95243960619
1,kitchen        ,0.0188489723951
2,classroom      ,0.011528680101
3,furniture_store,0.00392177933827
4,living_room    ,0.00336800282821
