,scene_name,probs
0,reception_room ,0.170515105128
1,office         ,0.159991547465
2,classroom      ,0.144592106342
3,office_kitchen ,0.143854796886
4,living_room    ,0.123940788209
