,scene_name,probs
0,office_kitchen ,0.262192070484
1,reception_room ,0.182486921549
2,furniture_store,0.173615798354
3,bathroom       ,0.0998924672604
4,playroom       ,0.0498785190284
