,scene_name,probs
0,reception_room ,0.654262363911
1,kitchen        ,0.0651110857725
2,bathroom       ,0.0616254284978
3,office_kitchen ,0.0591190941632
4,furniture_store,0.0508787259459
