,scene_name,probs
0,bedroom        ,0.831392645836
1,living_room    ,0.0684701949358
2,playroom       ,0.0377223715186
3,dining_room    ,0.0313412807882
4,study          ,0.0136363264173
