,scene_name,probs
0,home_office    ,0.453926503658
1,living_room    ,0.168045505881
2,bedroom        ,0.165499016643
3,dining_room    ,0.0514671057463
4,playroom       ,0.0415979065001
