,scene_name,probs
0,bathroom       ,0.24114908278
1,office         ,0.213923573494
2,kitchen        ,0.121877394617
3,study          ,0.117717050016
4,bedroom        ,0.100288182497
