,scene_name,probs
0,furniture_store,0.637573003769
1,study          ,0.139054447412
2,reception_room ,0.123623020947
3,bookstore      ,0.0532101728022
4,playroom       ,0.0106563773006
