,scene_name,probs
0,reception_room ,0.837926745415
1,office_kitchen ,0.074718862772
2,furniture_store,0.0272140149027
3,classroom      ,0.0119970068336
4,bookstore      ,0.0116803459823
