,scene_name,probs
0,bathroom       ,0.647667825222
1,office_kitchen ,0.120575800538
2,bedroom        ,0.103973321617
3,kitchen        ,0.0387871935964
4,living_room    ,0.0264436397702
