,scene_name,probs
0,bedroom        ,0.91370254755
1,living_room    ,0.0430942177773
2,bathroom       ,0.0157638546079
3,dining_room    ,0.0136313084513
4,playroom       ,0.00609477236867
