,scene_name,probs
0,office         ,0.630792617798
1,living_room    ,0.108784221113
2,kitchen        ,0.105245120823
3,dining_room    ,0.0483589060605
4,home_office    ,0.0276387259364
