,scene_name,probs
0,living_room    ,0.309824973345
1,bathroom       ,0.215737119317
2,bedroom        ,0.179814234376
3,kitchen        ,0.132528886199
4,dining_room    ,0.088420689106
