,scene_name,probs
0,bedroom        ,0.55272513628
1,dining_room    ,0.150662496686
2,living_room    ,0.145966753364
3,study          ,0.0772539377213
4,bathroom       ,0.0211570039392
