,scene_name,probs
0,classroom      ,0.929327905178
1,bedroom        ,0.014018648304
2,office         ,0.0125813139603
3,office_kitchen ,0.00914213061333
4,playroom       ,0.00904702022672
