,scene_name,probs
0,bedroom        ,0.854746878147
1,living_room    ,0.0663634389639
2,playroom       ,0.023417070508
3,study          ,0.0220785196871
4,bathroom       ,0.0105100469664
