,scene_name,probs
0,office         ,0.491983681917
1,living_room    ,0.126320227981
2,dining_room    ,0.0892182141542
3,reception_room ,0.0740711912513
4,home_office    ,0.0512513034046
