,scene_name,probs
0,bedroom        ,0.950458049774
1,living_room    ,0.0171392410994
2,study          ,0.0107012372464
3,playroom       ,0.0069862101227
4,dining_room    ,0.00484732165933
