,scene_name,probs
0,bathroom       ,0.896748125553
1,office_kitchen ,0.0365841351449
2,office         ,0.0258936025202
3,kitchen        ,0.0186568628997
4,reception_room ,0.00804835092276
