,scene_name,probs
0,dining_room    ,0.53765130043
1,living_room    ,0.291609734297
2,bedroom        ,0.0578435435891
3,home_office    ,0.0463765561581
4,kitchen        ,0.0250944066793
