,scene_name,probs
0,classroom      ,0.915306985378
1,bookstore      ,0.0296799857169
2,office         ,0.021677352488
3,furniture_store,0.00814163777977
4,playroom       ,0.00555482367054
