,scene_name,probs
0,classroom      ,0.891743600368
1,bookstore      ,0.0766325518489
2,home_office    ,0.00876278895885
3,reception_room ,0.00551460171118
4,office         ,0.00456123938784
