,scene_name,probs
0,study          ,0.531144201756
1,bookstore      ,0.134144902229
2,reception_room ,0.127035245299
3,furniture_store,0.0667957365513
4,home_office    ,0.0552684031427
