,scene_name,probs
0,living_room    ,0.513435542583
1,kitchen        ,0.194958269596
2,dining_room    ,0.133419051766
3,bedroom        ,0.0528687089682
4,bathroom       ,0.0494661256671
