,scene_name,probs
0,reception_room ,0.422720938921
1,playroom       ,0.14028570056
2,office_kitchen ,0.116546332836
3,home_office    ,0.0995177775621
4,classroom      ,0.0559923760593
