,scene_name,probs
0,office_kitchen ,0.664083778858
1,office         ,0.10415071249
2,reception_room ,0.090802192688
3,classroom      ,0.0300017613918
4,playroom       ,0.0298384968191
