,scene_name,probs
0,classroom      ,0.704650938511
1,bookstore      ,0.167975082994
2,playroom       ,0.0391023121774
3,living_room    ,0.0211823768914
4,home_office    ,0.0156781747937
