,scene_name,probs
0,bathroom       ,0.83659696579
1,kitchen        ,0.106145881116
2,dining_room    ,0.0292386338115
3,reception_room ,0.0131351966411
4,living_room    ,0.00571538228542
