,scene_name,probs
0,bathroom       ,0.839695811272
1,office         ,0.0944643765688
2,kitchen        ,0.0191659796983
3,reception_room ,0.0107494527474
4,dining_room    ,0.00747077027336
