,scene_name,probs
0,playroom       ,0.946096479893
1,bedroom        ,0.00972166471183
2,living_room    ,0.00891343038529
3,office         ,0.00797361228615
4,classroom      ,0.00555621040985
