,scene_name,probs
0,kitchen        ,0.315453708172
1,dining_room    ,0.243547454476
2,office         ,0.126178056002
3,living_room    ,0.110852226615
4,bedroom        ,0.0697383955121
