,scene_name,probs
0,office_kitchen ,0.910626471043
1,bathroom       ,0.0304419361055
2,classroom      ,0.0129870660603
3,office         ,0.0117442049086
4,bedroom        ,0.00748209794983
