,scene_name,probs
0,dining_room    ,0.373601615429
1,kitchen        ,0.336925059557
2,living_room    ,0.1209025383
3,bookstore      ,0.0554247573018
4,furniture_store,0.0366284139454
