,scene_name,probs
0,office         ,0.334462434053
1,office_kitchen ,0.231633603573
2,classroom      ,0.14572006464
3,reception_room ,0.0881611555815
4,bathroom       ,0.0612106025219
