,scene_name,probs
0,living_room    ,0.43782761693
1,bedroom        ,0.296029925346
2,dining_room    ,0.107106141746
3,kitchen        ,0.049842171371
4,office         ,0.04006434232
