,scene_name,probs
0,furniture_store,0.820840954781
1,bookstore      ,0.0662522614002
2,reception_room ,0.0407539308071
3,study          ,0.0214475169778
4,office         ,0.0196080002934
