,scene_name,probs
0,furniture_store,0.563795864582
1,reception_room ,0.140328809619
2,bookstore      ,0.138154760003
3,study          ,0.0512270443141
4,playroom       ,0.0380136854947
