,scene_name,probs
0,furniture_store,0.886839330196
1,bookstore      ,0.0864530131221
2,kitchen        ,0.00983710307628
3,reception_room ,0.0041318978183
4,dining_room    ,0.0037219314836
