,scene_name,probs
0,home_office    ,0.292545050383
1,living_room    ,0.28418636322
2,study          ,0.201604992151
3,bedroom        ,0.0922981798649
4,playroom       ,0.0706588998437
