,scene_name,probs
0,kitchen        ,0.346532672644
1,bedroom        ,0.307645648718
2,living_room    ,0.083102747798
3,study          ,0.0652856454253
4,bathroom       ,0.0636120289564
