,scene_name,probs
0,office_kitchen ,0.813357889652
1,dining_room    ,0.051217854023
2,playroom       ,0.0314178466797
3,bathroom       ,0.0313458219171
4,classroom      ,0.0219682287425
