,scene_name,probs
0,bathroom       ,0.455926507711
1,kitchen        ,0.328137725592
2,office         ,0.0518509894609
3,office_kitchen ,0.0507972948253
4,reception_room ,0.0427570417523
