,scene_name,probs
0,bathroom       ,0.949812173843
1,kitchen        ,0.0247471798211
2,dining_room    ,0.00825067423284
3,living_room    ,0.00507208378986
4,bedroom        ,0.00476001994684
