,scene_name,probs
0,home_office    ,0.868705809116
1,living_room    ,0.0404939800501
2,playroom       ,0.0250315051526
3,bedroom        ,0.0243947375566
4,dining_room    ,0.0148723237216
