,scene_name,probs
0,bathroom       ,0.954147160053
1,kitchen        ,0.0133398454636
2,office_kitchen ,0.00864687468857
3,office         ,0.00641983980313
4,reception_room ,0.00425662007183
