,scene_name,probs
0,reception_room ,0.892925262451
1,office_kitchen ,0.0321782976389
2,furniture_store,0.0174185708165
3,kitchen        ,0.0156107284129
4,study          ,0.00902958028018
