,scene_name,probs
0,furniture_store,0.762504696846
1,bookstore      ,0.127931579947
2,living_room    ,0.0478479228914
3,office         ,0.0289428755641
4,home_office    ,0.0070240162313
