,scene_name,probs
0,bookstore      ,0.98292195797
1,classroom      ,0.00595371704549
2,furniture_store,0.00411375705153
3,office         ,0.00150391412899
4,study          ,0.00134119705763
