,scene_name,probs
0,classroom      ,0.599045872688
1,office         ,0.217592567205
2,bookstore      ,0.0563031323254
3,bedroom        ,0.0247814301401
4,kitchen        ,0.0216200966388
