,scene_name,probs
0,bathroom       ,0.845075428486
1,bedroom        ,0.0400854349136
2,kitchen        ,0.0282217469066
3,office         ,0.0202861279249
4,furniture_store,0.0171136669815
