,scene_name,probs
0,kitchen        ,0.400099307299
1,living_room    ,0.213408634067
2,reception_room ,0.103415176272
3,study          ,0.0871266797185
4,dining_room    ,0.0598808452487
