,scene_name,probs
0,playroom       ,0.844761788845
1,bedroom        ,0.0503956303
2,living_room    ,0.0487333573401
3,study          ,0.00987666100264
4,office         ,0.00946587324142
