,scene_name,probs
0,dining_room    ,0.771954059601
1,home_office    ,0.0803126171231
2,living_room    ,0.0690423250198
3,bedroom        ,0.0586695671082
4,study          ,0.0079777892679
