,scene_name,probs
0,office_kitchen ,0.952373862267
1,reception_room ,0.0134737798944
2,playroom       ,0.0131733138114
3,classroom      ,0.00683619035408
4,office         ,0.00491445651278
