,scene_name,probs
0,bedroom        ,0.255261540413
1,office         ,0.212040930986
2,bathroom       ,0.201097518206
3,furniture_store,0.118311628699
4,living_room    ,0.0725608244538
