,scene_name,probs
0,dining_room    ,0.781289041042
1,living_room    ,0.12762413919
2,home_office    ,0.0408385768533
3,playroom       ,0.0129932491109
4,kitchen        ,0.0128783052787
