,scene_name,probs
0,bathroom       ,0.371754705906
1,office         ,0.138202130795
2,playroom       ,0.113462932408
3,furniture_store,0.0936652645469
4,bedroom        ,0.0757334828377
