,scene_name,probs
0,dining_room    ,0.592396438122
1,living_room    ,0.123460046947
2,reception_room ,0.0931937471032
3,kitchen        ,0.0555235743523
4,playroom       ,0.0304992031306
