,scene_name,probs
0,bedroom        ,0.365453213453
1,living_room    ,0.279005229473
2,study          ,0.22456638515
3,dining_room    ,0.034276664257
4,playroom       ,0.0330442488194
