,scene_name,probs
0,furniture_store,0.835431456566
1,bookstore      ,0.0521117374301
2,living_room    ,0.0486991070211
3,kitchen        ,0.0148648098111
4,dining_room    ,0.00844858493656
