,scene_name,probs
0,bedroom        ,0.80633354187
1,living_room    ,0.15478746593
2,playroom       ,0.0106631955132
3,office         ,0.00853133294731
4,bathroom       ,0.00589963886887
