,scene_name,probs
0,bookstore      ,0.942328691483
1,office         ,0.0211875829846
2,furniture_store,0.0186911802739
3,classroom      ,0.0101048564538
4,playroom       ,0.00228609354235
