,scene_name,probs
0,bedroom        ,0.602800071239
1,living_room    ,0.151377096772
2,dining_room    ,0.124363288283
3,bathroom       ,0.0502095334232
4,playroom       ,0.0381632521749
