,scene_name,probs
0,bookstore      ,0.985642492771
1,furniture_store,0.00731749506667
2,classroom      ,0.0015124703059
3,study          ,0.00124006939586
4,kitchen        ,0.00122427928727
