,scene_name,probs
0,office_kitchen ,0.644892692566
1,reception_room ,0.146007806063
2,playroom       ,0.0997340902686
3,classroom      ,0.0286589916795
4,furniture_store,0.0225691571832
