,scene_name,probs
0,bedroom        ,0.468985110521
1,living_room    ,0.286873549223
2,dining_room    ,0.117093957961
3,home_office    ,0.06066506356
4,playroom       ,0.025687083602
