,scene_name,probs
0,living_room    ,0.532582819462
1,dining_room    ,0.217211022973
2,bedroom        ,0.122334241867
3,home_office    ,0.0709729269147
4,kitchen        ,0.031762752682
