,scene_name,probs
0,furniture_store,0.959792017937
1,office         ,0.0176250599325
2,bathroom       ,0.00843678228557
3,reception_room ,0.00404475349933
4,bookstore      ,0.00307757197879
