,scene_name,probs
0,home_office    ,0.901047408581
1,study          ,0.0561739355326
2,bedroom        ,0.0198085047305
3,living_room    ,0.0124774426222
4,dining_room    ,0.00344853289425
