,scene_name,probs
0,office         ,0.557718753815
1,bedroom        ,0.217995375395
2,bathroom       ,0.102494128048
3,living_room    ,0.0398276410997
4,office_kitchen ,0.0223229397088
