,scene_name,probs
0,home_office    ,0.875943124294
1,study          ,0.0658913105726
2,playroom       ,0.0324736237526
3,bookstore      ,0.011146732606
4,living_room    ,0.0040725544095
