,scene_name,probs
0,office         ,0.302961826324
1,bathroom       ,0.263789087534
2,office_kitchen ,0.118131384254
3,bedroom        ,0.0800259485841
4,classroom      ,0.0728296935558
