,scene_name,probs
0,home_office    ,0.256510913372
1,study          ,0.170102536678
2,playroom       ,0.15840536356
3,furniture_store,0.123327806592
4,reception_room ,0.099910967052
