,scene_name,probs
0,kitchen        ,0.703906178474
1,dining_room    ,0.217816397548
2,living_room    ,0.0208212900907
3,home_office    ,0.0197242889553
4,bookstore      ,0.0122236879542
