,scene_name,probs
0,office         ,0.884298622608
1,classroom      ,0.0388337634504
2,office_kitchen ,0.0158217102289
3,kitchen        ,0.0154218971729
4,bookstore      ,0.0112870866433
