,scene_name,probs
0,dining_room    ,0.829263210297
1,living_room    ,0.126418039203
2,reception_room ,0.0098805418238
3,kitchen        ,0.00845027621835
4,playroom       ,0.00690952781588
