,scene_name,probs
0,dining_room    ,0.421411931515
1,living_room    ,0.266853302717
2,home_office    ,0.1738717556
3,kitchen        ,0.0624276027083
4,reception_room ,0.018344828859
