,scene_name,probs
0,bedroom        ,0.429093003273
1,bathroom       ,0.250475406647
2,living_room    ,0.14230453968
3,kitchen        ,0.114430360496
4,office         ,0.0295022428036
