,scene_name,probs
0,study          ,0.455428808928
1,playroom       ,0.212889865041
2,bookstore      ,0.109361603856
3,reception_room ,0.0892262756824
4,home_office    ,0.0505373552442
