,scene_name,probs
0,bathroom       ,0.912682712078
1,office_kitchen ,0.0322446003556
2,kitchen        ,0.0309620499611
3,dining_room    ,0.0102566108108
4,reception_room ,0.00886225234717
