,scene_name,probs
0,bedroom        ,0.224503800273
1,living_room    ,0.14451494813
2,playroom       ,0.131917059422
3,reception_room ,0.0961258932948
4,office         ,0.0643258318305
