,scene_name,probs
0,dining_room    ,0.564546108246
1,living_room    ,0.208266884089
2,kitchen        ,0.0696843490005
3,office         ,0.0544109679759
4,home_office    ,0.0301915314049
