,scene_name,probs
0,classroom      ,0.293452352285
1,living_room    ,0.242736935616
2,bedroom        ,0.100243240595
3,kitchen        ,0.0731711313128
4,playroom       ,0.0730414241552
