,scene_name,probs
0,furniture_store,0.852864146233
1,office         ,0.0853793844581
2,bookstore      ,0.0178106185049
3,dining_room    ,0.0080039286986
4,kitchen        ,0.00756889535114
