,scene_name,probs
0,playroom       ,0.662035822868
1,living_room    ,0.219055041671
2,bedroom        ,0.0508017316461
3,office         ,0.0205149464309
4,dining_room    ,0.0162794478238
