,scene_name,probs
0,office         ,0.82105576992
1,bathroom       ,0.0672845393419
2,living_room    ,0.0384538993239
3,bedroom        ,0.02678662166
4,office_kitchen ,0.012553775683
