,scene_name,probs
0,dining_room    ,0.62430781126
1,living_room    ,0.316675931215
2,bedroom        ,0.0168476961553
3,bathroom       ,0.0111973583698
4,kitchen        ,0.010695614852
