,scene_name,probs
0,living_room    ,0.454810708761
1,office         ,0.197261303663
2,bedroom        ,0.159521967173
3,dining_room    ,0.0444798395038
4,kitchen        ,0.0434293821454
