,scene_name,probs
0,bedroom        ,0.315620303154
1,bathroom       ,0.302005648613
2,kitchen        ,0.283650904894
3,living_room    ,0.0466239266098
4,dining_room    ,0.0155921149999
