,scene_name,probs
0,furniture_store,0.888840079308
1,bookstore      ,0.082722209394
2,kitchen        ,0.0131821222603
3,reception_room ,0.00406357925385
4,office         ,0.0038374257274
