,scene_name,probs
0,classroom      ,0.965550124645
1,office_kitchen ,0.0104149207473
2,bookstore      ,0.00834380928427
3,office         ,0.00767789548263
4,playroom       ,0.00395136233419
