,scene_name,probs
0,home_office    ,0.489104390144
1,living_room    ,0.10704857856
2,dining_room    ,0.103296197951
3,kitchen        ,0.097173511982
4,study          ,0.0707402229309
