,scene_name,probs
0,bedroom        ,0.396089285612
1,living_room    ,0.252448260784
2,study          ,0.165533840656
3,office         ,0.0615998804569
4,furniture_store,0.0608492232859
