,scene_name,probs
0,office         ,0.942611098289
1,playroom       ,0.0111809317023
2,bedroom        ,0.00964725203812
3,furniture_store,0.00742234149948
4,living_room    ,0.0070238080807
