,scene_name,probs
0,bedroom        ,0.937671720982
1,living_room    ,0.0327178090811
2,playroom       ,0.00760040758178
3,classroom      ,0.00727676786482
4,bathroom       ,0.00508530018851
