,scene_name,probs
0,office_kitchen ,0.771209061146
1,reception_room ,0.0968008190393
2,office         ,0.0430242680013
3,bathroom       ,0.0290871355683
4,classroom      ,0.021043445915
