,scene_name,probs
0,bathroom       ,0.298064976931
1,dining_room    ,0.186776071787
2,kitchen        ,0.164588630199
3,reception_room ,0.135056838393
4,living_room    ,0.105535104871
