,scene_name,probs
0,bathroom       ,0.265003234148
1,office         ,0.209212273359
2,living_room    ,0.205433681607
3,kitchen        ,0.112693473697
4,furniture_store,0.0710973143578
