,scene_name,probs
0,dining_room    ,0.254329621792
1,classroom      ,0.16291283071
2,bedroom        ,0.134139403701
3,playroom       ,0.121182903647
4,living_room    ,0.10890712589
