,scene_name,probs
0,classroom      ,0.712494313717
1,bookstore      ,0.0664981976151
2,home_office    ,0.0482107661664
3,office         ,0.0399142876267
4,reception_room ,0.0325275994837
