,scene_name,probs
0,office         ,0.720989644527
1,living_room    ,0.0735688954592
2,dining_room    ,0.0441066622734
3,home_office    ,0.0277501568198
4,reception_room ,0.0277039855719
