,scene_name,probs
0,playroom       ,0.768576204777
1,bedroom        ,0.0562530048192
2,bookstore      ,0.0367489643395
3,living_room    ,0.0358818843961
4,classroom      ,0.0353578925133
