,scene_name,probs
0,bedroom        ,0.214980766177
1,study          ,0.197703495622
2,playroom       ,0.135424271226
3,home_office    ,0.0818358436227
4,dining_room    ,0.0727488696575
