,scene_name,probs
0,reception_room ,0.585660338402
1,dining_room    ,0.175604835153
2,kitchen        ,0.0961624756455
3,bathroom       ,0.0451169572771
4,office         ,0.0292037688196
