,scene_name,probs
0,bedroom        ,0.66269338131
1,living_room    ,0.177513584495
2,playroom       ,0.0512254349887
3,office         ,0.0443876348436
4,dining_room    ,0.0197031907737
