,scene_name,probs
0,office         ,0.537396430969
1,classroom      ,0.209070324898
2,living_room    ,0.0510515831411
3,bedroom        ,0.0505709014833
4,home_office    ,0.0408018678427
