,scene_name,probs
0,reception_room ,0.791125297546
1,kitchen        ,0.0507318489254
2,bathroom       ,0.0400012396276
3,living_room    ,0.0290524028242
4,dining_room    ,0.0279111620039
