,scene_name,probs
0,office         ,0.879392921925
1,bookstore      ,0.0259672757238
2,living_room    ,0.022027309984
3,classroom      ,0.0213470235467
4,home_office    ,0.020042585209
