,scene_name,probs
0,office         ,0.345127046108
1,bedroom        ,0.289147555828
2,classroom      ,0.107315458357
3,living_room    ,0.0518479421735
4,kitchen        ,0.0499758720398
