,scene_name,probs
0,reception_room ,0.756453990936
1,office_kitchen ,0.0696189031005
2,playroom       ,0.0581050924957
3,study          ,0.0303978845477
4,home_office    ,0.0266276169568
