,scene_name,probs
0,furniture_store,0.819266974926
1,reception_room ,0.0368076488376
2,bookstore      ,0.0357526913285
3,playroom       ,0.0321059860289
4,study          ,0.0312463436276
