,scene_name,probs
0,bedroom        ,0.661608994007
1,living_room    ,0.111726969481
2,playroom       ,0.0957556888461
3,study          ,0.0250135492533
4,office         ,0.0239597801119
