,scene_name,probs
0,study          ,0.7657943964
1,playroom       ,0.0845946669579
2,reception_room ,0.0270002260804
3,bedroom        ,0.0259045120329
4,home_office    ,0.02574519068
