,scene_name,probs
0,living_room    ,0.46919259429
1,bedroom        ,0.140471279621
2,dining_room    ,0.101565644145
3,kitchen        ,0.0908487811685
4,study          ,0.0614907480776
