,scene_name,probs
0,furniture_store,0.834332466125
1,bookstore      ,0.100380182266
2,reception_room ,0.0365913175046
3,study          ,0.0131048345938
4,playroom       ,0.00581418676302
