,scene_name,probs
0,office         ,0.780376851559
1,bedroom        ,0.051680598408
2,playroom       ,0.050018068403
3,living_room    ,0.0268513839692
4,office_kitchen ,0.0195568948984
