,scene_name,probs
0,bathroom       ,0.75307148695
1,bedroom        ,0.0659193843603
2,office_kitchen ,0.0363345481455
3,kitchen        ,0.0328190587461
4,living_room    ,0.0267709698528
