,scene_name,probs
0,kitchen        ,0.484560459852
1,living_room    ,0.159309238195
2,dining_room    ,0.133469834924
3,bedroom        ,0.0905141606927
4,bathroom       ,0.051009722054
