,scene_name,probs
0,living_room    ,0.233587384224
1,bedroom        ,0.198510333896
2,dining_room    ,0.170973077416
3,kitchen        ,0.107968322933
4,study          ,0.0999719649553
