,scene_name,probs
0,bedroom        ,0.784704148769
1,office_kitchen ,0.0890592485666
2,classroom      ,0.0510344430804
3,living_room    ,0.0272679533809
4,playroom       ,0.0149377631024
