,scene_name,probs
0,home_office    ,0.245338663459
1,study          ,0.183595135808
2,office         ,0.181850612164
3,bedroom        ,0.161506846547
4,living_room    ,0.115496084094
