,scene_name,probs
0,dining_room    ,0.597600579262
1,home_office    ,0.186249494553
2,living_room    ,0.152573436499
3,bedroom        ,0.0235745310783
4,reception_room ,0.0113061256707
