,scene_name,probs
0,bathroom       ,0.682906985283
1,study          ,0.081581890583
2,bedroom        ,0.0705824568868
3,dining_room    ,0.0425675697625
4,kitchen        ,0.0374545790255
