,scene_name,probs
0,bookstore      ,0.777336537838
1,furniture_store,0.0700821056962
2,study          ,0.0445337407291
3,home_office    ,0.0378249622881
4,playroom       ,0.024814106524
