,scene_name,probs
0,study          ,0.831033706665
1,home_office    ,0.119417048991
2,playroom       ,0.0206120498478
3,living_room    ,0.0109245125204
4,dining_room    ,0.00787735544145
