,scene_name,probs
0,home_office    ,0.942271947861
1,dining_room    ,0.0266685262322
2,living_room    ,0.00928771216422
3,kitchen        ,0.00603374373168
4,study          ,0.00543994596228
