,scene_name,probs
0,office_kitchen ,0.936607062817
1,office         ,0.0178798362613
2,bathroom       ,0.0169659908861
3,kitchen        ,0.00777053786442
4,classroom      ,0.00735790235922
