,scene_name,probs
0,reception_room ,0.723048090935
1,living_room    ,0.069280937314
2,bathroom       ,0.0411876663566
3,kitchen        ,0.0411836579442
4,office         ,0.0316721200943
