,scene_name,probs
0,bathroom       ,0.276988863945
1,living_room    ,0.236212208867
2,bedroom        ,0.179916381836
3,kitchen        ,0.0895720049739
4,dining_room    ,0.0475666113198
