,scene_name,probs
0,living_room    ,0.270487934351
1,dining_room    ,0.261099070311
2,home_office    ,0.130792245269
3,office         ,0.0756903216243
4,kitchen        ,0.06537463516
