,scene_name,probs
0,bathroom       ,0.663206279278
1,office_kitchen ,0.160929188132
2,bedroom        ,0.0563386753201
3,reception_room ,0.0381877198815
4,office         ,0.0251954067498
