,scene_name,probs
0,bookstore      ,0.898712158203
1,classroom      ,0.0425981543958
2,playroom       ,0.032220993191
3,furniture_store,0.0123108588159
4,home_office    ,0.00473238993436
