,scene_name,probs
0,bookstore      ,0.843655049801
1,classroom      ,0.0837607905269
2,office         ,0.0358823239803
3,kitchen        ,0.00876368489116
4,playroom       ,0.00802169553936
