,scene_name,probs
0,bathroom       ,0.964926183224
1,living_room    ,0.0109129818156
2,kitchen        ,0.00627529341727
3,office_kitchen ,0.00594405690208
4,dining_room    ,0.00316844996996
