,scene_name,probs
0,bookstore      ,0.531305968761
1,reception_room ,0.099669367075
2,office         ,0.0766842290759
3,kitchen        ,0.0661759376526
4,dining_room    ,0.0584374144673
