,scene_name,probs
0,office         ,0.377853482962
1,classroom      ,0.326961427927
2,living_room    ,0.0819889232516
3,home_office    ,0.054392054677
4,dining_room    ,0.0540101639926
