,scene_name,probs
0,bedroom        ,0.385186970234
1,living_room    ,0.321659296751
2,playroom       ,0.143213003874
3,dining_room    ,0.0683228522539
4,home_office    ,0.0371153391898
