,scene_name,probs
0,home_office    ,0.611490726471
1,dining_room    ,0.149743363261
2,living_room    ,0.0715615749359
3,study          ,0.0534001477063
4,playroom       ,0.0471933670342
