,scene_name,probs
0,bathroom       ,0.959594249725
1,bedroom        ,0.0117416754365
2,kitchen        ,0.0101208612323
3,living_room    ,0.00504800165072
4,dining_room    ,0.00370295741595
