,scene_name,probs
0,office_kitchen ,0.926771879196
1,bathroom       ,0.027542822063
2,office         ,0.00882146507502
3,dining_room    ,0.00752316694707
4,reception_room ,0.00662182364613
