,scene_name,probs
0,furniture_store,0.870925307274
1,living_room    ,0.0350805968046
2,kitchen        ,0.0232285372913
3,office         ,0.0149247404188
4,bookstore      ,0.0141401942819
