,scene_name,probs
0,study          ,0.584775328636
1,home_office    ,0.180475398898
2,playroom       ,0.0858171582222
3,bookstore      ,0.0492133945227
4,reception_room ,0.0396882817149
