,scene_name,probs
0,reception_room ,0.568818509579
1,kitchen        ,0.213462501764
2,bookstore      ,0.063208386302
3,living_room    ,0.0319152846932
4,furniture_store,0.0226777326316
