,scene_name,probs
0,reception_room ,0.790052771568
1,office_kitchen ,0.0724378377199
2,bathroom       ,0.0250288937241
3,furniture_store,0.0223702508956
4,study          ,0.0219686087221
