,scene_name,probs
0,office         ,0.907666921616
1,classroom      ,0.0168004259467
2,home_office    ,0.0130489431322
3,kitchen        ,0.0118858618662
4,living_room    ,0.011299232021
