,scene_name,probs
0,home_office    ,0.727739930153
1,study          ,0.0949484109879
2,living_room    ,0.0690416917205
3,bookstore      ,0.0259999260306
4,dining_room    ,0.0250486228615
