,scene_name,probs
0,bedroom        ,0.592057347298
1,home_office    ,0.113600857556
2,living_room    ,0.0843209922314
3,office         ,0.0397605448961
4,playroom       ,0.0384747944772
