,scene_name,probs
0,study          ,0.787438809872
1,home_office    ,0.0702461153269
2,playroom       ,0.0597197562456
3,living_room    ,0.027216328308
4,bedroom        ,0.0197817794979
