,scene_name,probs
0,bookstore      ,0.951053440571
1,classroom      ,0.0172848962247
2,furniture_store,0.0136026917025
3,kitchen        ,0.00697381934151
4,dining_room    ,0.00374579336494
