,scene_name,probs
0,dining_room    ,0.722375929356
1,living_room    ,0.117643348873
2,kitchen        ,0.0496701225638
3,classroom      ,0.0260453354567
4,reception_room ,0.0184110607952
