,scene_name,probs
0,bathroom       ,0.801113903522
1,living_room    ,0.0469420142472
2,kitchen        ,0.0424782186747
3,bedroom        ,0.0388247072697
4,office         ,0.0307933054864
