,scene_name,probs
0,office_kitchen ,0.673423409462
1,bedroom        ,0.154804155231
2,office         ,0.0869399532676
3,bathroom       ,0.0185148306191
4,living_room    ,0.0160804949701
