,scene_name,probs
0,living_room    ,0.39664208889
1,study          ,0.209542691708
2,home_office    ,0.13397423923
3,bedroom        ,0.0883787125349
4,office         ,0.0719658210874
