,scene_name,probs
0,furniture_store,0.961499452591
1,bookstore      ,0.0258777104318
2,living_room    ,0.00331777869724
3,playroom       ,0.00195906287991
4,office         ,0.00178623583633
