,scene_name,probs
0,reception_room ,0.739457368851
1,furniture_store,0.0598912499845
2,office_kitchen ,0.0471527278423
3,bookstore      ,0.044957306236
4,classroom      ,0.03075507842
