,scene_name,probs
0,dining_room    ,0.43037712574
1,bedroom        ,0.22508084774
2,home_office    ,0.141047626734
3,living_room    ,0.109128668904
4,study          ,0.0357027798891
