,scene_name,probs
0,kitchen        ,0.388579636812
1,reception_room ,0.293558120728
2,living_room    ,0.078933544457
3,bookstore      ,0.0523600466549
4,dining_room    ,0.0387213379145
