,scene_name,probs
0,bedroom        ,0.559704780579
1,office         ,0.130467951298
2,living_room    ,0.108647346497
3,kitchen        ,0.0672399699688
4,bathroom       ,0.0415772460401
