,scene_name,probs
0,bedroom        ,0.259252637625
1,living_room    ,0.238373994827
2,dining_room    ,0.211089089513
3,home_office    ,0.190188065171
4,playroom       ,0.0556623935699
