,scene_name,probs
0,bedroom        ,0.460041284561
1,living_room    ,0.28658670187
2,playroom       ,0.14511013031
3,study          ,0.0494587868452
4,office         ,0.0164521485567
