,scene_name,probs
0,bookstore      ,0.655586063862
1,reception_room ,0.0728212073445
2,home_office    ,0.072124093771
3,furniture_store,0.0563375391066
4,study          ,0.0514657199383
