,scene_name,probs
0,bedroom        ,0.806576967239
1,living_room    ,0.102257914841
2,office         ,0.0320659726858
3,playroom       ,0.0146849574521
4,dining_room    ,0.0107203470543
