,scene_name,probs
0,dining_room    ,0.477011889219
1,living_room    ,0.260115623474
2,bedroom        ,0.113432668149
3,kitchen        ,0.0529291890562
4,home_office    ,0.0528748519719
