,scene_name,probs
0,bathroom       ,0.689017653465
1,office         ,0.0903031378984
2,kitchen        ,0.0795374959707
3,furniture_store,0.0431739501655
4,living_room    ,0.0329808518291
