,scene_name,probs
0,home_office    ,0.739629566669
1,playroom       ,0.100805535913
2,study          ,0.0560511387885
3,living_room    ,0.0308765880764
4,reception_room ,0.028031738475
