,scene_name,probs
0,living_room    ,0.212376877666
1,bedroom        ,0.210577815771
2,study          ,0.141544505954
3,reception_room ,0.0885537937284
4,office         ,0.0873146876693
