,scene_name,probs
0,home_office    ,0.685073494911
1,study          ,0.164512112737
2,playroom       ,0.0706529393792
3,bookstore      ,0.0319218710065
4,living_room    ,0.0186815857887
