,scene_name,probs
0,dining_room    ,0.526921212673
1,living_room    ,0.285001635551
2,bedroom        ,0.048449177295
3,playroom       ,0.0454001426697
4,kitchen        ,0.0324268564582
