,scene_name,probs
0,living_room    ,0.824464797974
1,dining_room    ,0.0582627989352
2,kitchen        ,0.0335934050381
3,home_office    ,0.0278353765607
4,study          ,0.026645436883
