,scene_name,probs
0,bedroom        ,0.236116975546
1,playroom       ,0.138686671853
2,classroom      ,0.116784207523
3,bathroom       ,0.0995931103826
4,living_room    ,0.0930167809129
