,scene_name,probs
0,home_office    ,0.644081652164
1,playroom       ,0.13273280859
2,study          ,0.0733688250184
3,bookstore      ,0.0645651370287
4,classroom      ,0.0361074507236
