,scene_name,probs
0,reception_room ,0.979467213154
1,office_kitchen ,0.00367782521062
2,dining_room    ,0.00358323915862
3,bathroom       ,0.00280595012009
4,office         ,0.00277793197893
