,scene_name,probs
0,bedroom        ,0.368768572807
1,living_room    ,0.259732604027
2,office         ,0.159146890044
3,playroom       ,0.0862160474062
4,bathroom       ,0.0479821898043
