,scene_name,probs
0,bedroom        ,0.79094606638
1,living_room    ,0.137152716517
2,playroom       ,0.0529076866806
3,dining_room    ,0.00527978921309
4,office         ,0.00305849337019
