,scene_name,probs
0,playroom       ,0.956808686256
1,living_room    ,0.0172936245799
2,home_office    ,0.00991174206138
3,bedroom        ,0.00711176451296
4,dining_room    ,0.00239481194876
