,scene_name,probs
0,bookstore      ,0.714149773121
1,furniture_store,0.0699843242764
2,living_room    ,0.0458288602531
3,study          ,0.0300665963441
4,kitchen        ,0.0298863928765
