,scene_name,probs
0,bathroom       ,0.7621062994
1,dining_room    ,0.0643234327435
2,bedroom        ,0.0387623496354
3,living_room    ,0.0364307537675
4,kitchen        ,0.0296700336039
