,scene_name,probs
0,bathroom       ,0.956564724445
1,bedroom        ,0.0111669087783
2,dining_room    ,0.0072401878424
3,office         ,0.00686931842938
4,office_kitchen ,0.00674774125218
