,scene_name,probs
0,office         ,0.554930746555
1,bathroom       ,0.265268534422
2,furniture_store,0.0647422149777
3,office_kitchen ,0.0336325466633
4,bedroom        ,0.0208277013153
