,scene_name,probs
0,living_room    ,0.475166201591
1,bedroom        ,0.330596268177
2,home_office    ,0.0718060359359
3,dining_room    ,0.0475644730031
4,playroom       ,0.0271512717009
