,scene_name,probs
0,living_room    ,0.554294645786
1,bedroom        ,0.0928786247969
2,kitchen        ,0.0927938222885
3,dining_room    ,0.0654364675283
4,office         ,0.0640164837241
