,scene_name,probs
0,bedroom        ,0.850651502609
1,living_room    ,0.120836310089
2,home_office    ,0.00607777247205
3,playroom       ,0.00549618480727
4,study          ,0.00414261035621
