,scene_name,probs
0,living_room    ,0.333326101303
1,dining_room    ,0.221936225891
2,bedroom        ,0.20719575882
3,playroom       ,0.151807636023
4,home_office    ,0.0404833965003
