,scene_name,probs
0,classroom      ,0.946743011475
1,office         ,0.0168379619718
2,playroom       ,0.0100441901013
3,bedroom        ,0.00788268074393
4,office_kitchen ,0.00666956230998
