,scene_name,probs
0,dining_room    ,0.562668442726
1,living_room    ,0.164786428213
2,kitchen        ,0.124686032534
3,bathroom       ,0.0400924272835
4,bedroom        ,0.0331399664283
