,scene_name,probs
0,dining_room    ,0.367217808962
1,kitchen        ,0.352691054344
2,living_room    ,0.189397349954
3,reception_room ,0.0218338500708
4,study          ,0.014910007827
