,scene_name,probs
0,kitchen        ,0.669875323772
1,living_room    ,0.0684341937304
2,office         ,0.0579599700868
3,dining_room    ,0.0306770075113
4,bathroom       ,0.0293962545693
