,scene_name,probs
0,dining_room    ,0.609327554703
1,kitchen        ,0.110330738127
2,bookstore      ,0.0633420348167
3,classroom      ,0.061943128705
4,living_room    ,0.0293254628778
