,scene_name,probs
0,office_kitchen ,0.754927873611
1,kitchen        ,0.105935975909
2,bathroom       ,0.0941042378545
3,reception_room ,0.0204466748983
4,office         ,0.0092521449551
