,scene_name,probs
0,office_kitchen ,0.744305729866
1,bedroom        ,0.120331756771
2,office         ,0.0713855922222
3,bathroom       ,0.0143853593618
4,living_room    ,0.00984085723758
