,scene_name,probs
0,kitchen        ,0.71597969532
1,bathroom       ,0.0900524258614
2,office         ,0.060980014503
3,dining_room    ,0.0582963712513
4,living_room    ,0.0263212155551
