,scene_name,probs
0,reception_room ,0.558426976204
1,playroom       ,0.120363861322
2,home_office    ,0.0935431420803
3,office_kitchen ,0.0611981973052
4,study          ,0.0597531087697
