,scene_name,probs
0,study          ,0.601106643677
1,home_office    ,0.350864976645
2,playroom       ,0.0326722972095
3,living_room    ,0.00446873437613
4,bedroom        ,0.00387309188955
