,scene_name,probs
0,home_office    ,0.190774947405
1,reception_room ,0.189299151301
2,office         ,0.176147967577
3,living_room    ,0.172958597541
4,playroom       ,0.10534093529
