,scene_name,probs
0,bathroom       ,0.848408043385
1,kitchen        ,0.0856929942966
2,living_room    ,0.017969045788
3,office         ,0.00983645021915
4,playroom       ,0.00906904134899
