,scene_name,probs
0,office_kitchen ,0.846077919006
1,reception_room ,0.0462426617742
2,playroom       ,0.0378870591521
3,classroom      ,0.013507977128
4,study          ,0.0130582517013
