,scene_name,probs
0,bathroom       ,0.533020555973
1,kitchen        ,0.147737905383
2,living_room    ,0.117015860975
3,bedroom        ,0.049175594002
4,dining_room    ,0.0411894693971
