,scene_name,probs
0,study          ,0.24185962975
1,home_office    ,0.221803754568
2,bedroom        ,0.190689221025
3,dining_room    ,0.155791327357
4,living_room    ,0.144131317735
