,scene_name,probs
0,bedroom        ,0.736047387123
1,living_room    ,0.157232880592
2,dining_room    ,0.0326813012362
3,kitchen        ,0.0313424617052
4,home_office    ,0.0104936519638
