,scene_name,probs
0,office         ,0.831330597401
1,bedroom        ,0.0490368492901
2,playroom       ,0.0388825163245
3,living_room    ,0.0165493879467
4,office_kitchen ,0.015320694074
