,scene_name,probs
0,bathroom       ,0.958439230919
1,dining_room    ,0.0202855579555
2,living_room    ,0.00551233626902
3,kitchen        ,0.00542736984789
4,bedroom        ,0.00355331040919
