,scene_name,probs
0,office_kitchen ,0.928420126438
1,reception_room ,0.0296637173742
2,playroom       ,0.0113141871989
3,office         ,0.0105125242844
4,classroom      ,0.00534966308624
