,scene_name,probs
0,bathroom       ,0.583673238754
1,office         ,0.130981430411
2,bedroom        ,0.0916211754084
3,kitchen        ,0.0802327170968
4,office_kitchen ,0.0381773933768
