,scene_name,probs
0,bedroom        ,0.520388126373
1,living_room    ,0.198148161173
2,classroom      ,0.064642958343
3,furniture_store,0.0539167784154
4,playroom       ,0.0404337272048
