,scene_name,probs
0,office         ,0.907796382904
1,living_room    ,0.0221503265202
2,bathroom       ,0.0156532227993
3,bedroom        ,0.0143968043849
4,kitchen        ,0.0115658184513
