,scene_name,probs
0,bedroom        ,0.600739002228
1,living_room    ,0.208727702498
2,home_office    ,0.0595087856054
3,study          ,0.0527369007468
4,kitchen        ,0.0293092969805
