,scene_name,probs
0,bedroom        ,0.820573925972
1,living_room    ,0.0981964617968
2,dining_room    ,0.0298943333328
3,playroom       ,0.0219989027828
4,bathroom       ,0.0124151231721
