,scene_name,probs
0,bathroom       ,0.464154422283
1,living_room    ,0.140988245606
2,office         ,0.140899315476
3,bedroom        ,0.0771501287818
4,kitchen        ,0.0543337464333
