,scene_name,probs
0,dining_room    ,0.844143509865
1,living_room    ,0.0734311938286
2,kitchen        ,0.0272791590542
3,bathroom       ,0.0140571286902
4,reception_room ,0.0131222419441
