,scene_name,probs
0,dining_room    ,0.944663405418
1,living_room    ,0.0195447783917
2,kitchen        ,0.019050847739
3,bathroom       ,0.00548268994316
4,bedroom        ,0.00341612379998
