,scene_name,probs
0,bathroom       ,0.941439032555
1,office_kitchen ,0.0222518779337
2,bedroom        ,0.0149217052385
3,kitchen        ,0.00473911035806
4,dining_room    ,0.00448157358915
