,scene_name,probs
0,bedroom        ,0.40574863553
1,bathroom       ,0.168896138668
2,living_room    ,0.114799000323
3,office         ,0.106022901833
4,reception_room ,0.0381758064032
