,scene_name,probs
0,classroom      ,0.935266256332
1,bookstore      ,0.0287194177508
2,playroom       ,0.0132205672562
3,office         ,0.0115590337664
4,bedroom        ,0.0041384822689
