,scene_name,probs
0,classroom      ,0.982972979546
1,bookstore      ,0.0122240362689
2,playroom       ,0.000936965167057
3,office         ,0.00085595616838
4,kitchen        ,0.000820419576485
