,scene_name,probs
0,home_office    ,0.314192771912
1,playroom       ,0.220001012087
2,reception_room ,0.216785281897
3,classroom      ,0.110686473548
4,office_kitchen ,0.035774551332
