,scene_name,probs
0,bathroom       ,0.964213907719
1,office_kitchen ,0.0113755268976
2,bedroom        ,0.00867257639766
3,office         ,0.00565093010664
4,kitchen        ,0.00374408997595
