,scene_name,probs
0,living_room    ,0.594779551029
1,bedroom        ,0.238257914782
2,dining_room    ,0.0515754036605
3,home_office    ,0.0486220605671
4,kitchen        ,0.0271170139313
