,scene_name,probs
0,furniture_store,0.790461778641
1,reception_room ,0.0935328751802
2,bookstore      ,0.0491467304528
3,study          ,0.0413765087724
4,playroom       ,0.00848256424069
