,scene_name,probs
0,dining_room    ,0.711849749088
1,kitchen        ,0.152081087232
2,living_room    ,0.0594636835158
3,bedroom        ,0.0307295080274
4,playroom       ,0.0183415804058
