,scene_name,probs
0,office_kitchen ,0.707694649696
1,reception_room ,0.099716283381
2,playroom       ,0.0687326714396
3,classroom      ,0.0334201045334
4,bookstore      ,0.0190037768334
