,scene_name,probs
0,bookstore      ,0.758162021637
1,furniture_store,0.140352040529
2,classroom      ,0.0513157732785
3,playroom       ,0.0200661104172
4,home_office    ,0.0129330670461
