,scene_name,probs
0,classroom      ,0.872922241688
1,bookstore      ,0.0260179787874
2,office         ,0.0213872566819
3,dining_room    ,0.0184397213161
4,living_room    ,0.018372669816
