,scene_name,probs
0,dining_room    ,0.786369681358
1,kitchen        ,0.0888077840209
2,living_room    ,0.0673794597387
3,home_office    ,0.0168027840555
4,study          ,0.0159760341048
