,scene_name,probs
0,dining_room    ,0.262662708759
1,kitchen        ,0.208940580487
2,classroom      ,0.127036616206
3,reception_room ,0.105608277023
4,office_kitchen ,0.067948885262
