,scene_name,probs
0,classroom      ,0.973335266113
1,bookstore      ,0.0143334306777
2,office_kitchen ,0.00306382612325
3,dining_room    ,0.00150591076817
4,home_office    ,0.00140929012559
