,scene_name,probs
0,office_kitchen ,0.850032866001
1,reception_room ,0.0964982435107
2,playroom       ,0.0117468973622
3,bathroom       ,0.00973528344184
4,classroom      ,0.00852300785482
