,scene_name,probs
0,home_office    ,0.481913685799
1,bookstore      ,0.353578776121
2,study          ,0.0562138967216
3,reception_room ,0.0408813506365
4,furniture_store,0.028566589579
