,scene_name,probs
0,dining_room    ,0.376632243395
1,living_room    ,0.273343592882
2,bedroom        ,0.196424171329
3,playroom       ,0.0480620227754
4,kitchen        ,0.0410083122551
