,scene_name,probs
0,home_office    ,0.474056720734
1,study          ,0.45154607296
2,bedroom        ,0.0272638760507
3,living_room    ,0.0224153082818
4,office         ,0.00910984259099
