,scene_name,probs
0,bedroom        ,0.743178367615
1,living_room    ,0.104240439832
2,dining_room    ,0.0623841285706
3,study          ,0.033286113292
4,playroom       ,0.0290070697665
