,scene_name,probs
0,bedroom        ,0.662080407143
1,living_room    ,0.0878627896309
2,kitchen        ,0.0713105872273
3,bathroom       ,0.0604307204485
4,playroom       ,0.0304173324257
