,scene_name,probs
0,office         ,0.799132168293
1,living_room    ,0.0692117735744
2,home_office    ,0.0306968372315
3,reception_room ,0.0252417307347
4,bedroom        ,0.0179911926389
