,scene_name,probs
0,living_room    ,0.281033843756
1,dining_room    ,0.273868083954
2,bedroom        ,0.143059834838
3,home_office    ,0.140892952681
4,office         ,0.0598108433187
