,scene_name,probs
0,home_office    ,0.550257563591
1,classroom      ,0.106726460159
2,living_room    ,0.0742746964097
3,office         ,0.0633681938052
4,bookstore      ,0.0601168386638
