,scene_name,probs
0,classroom      ,0.932985603809
1,bookstore      ,0.0379954464734
2,playroom       ,0.0173931643367
3,office_kitchen ,0.00494338106364
4,home_office    ,0.00203145551495
