,scene_name,probs
0,dining_room    ,0.486096262932
1,kitchen        ,0.309556007385
2,living_room    ,0.0758195742965
3,reception_room ,0.0431031137705
4,bookstore      ,0.0282177068293
