,scene_name,probs
0,bathroom       ,0.295655399561
1,kitchen        ,0.171490386128
2,bedroom        ,0.14005318284
3,office_kitchen ,0.114087335765
4,dining_room    ,0.106236107647
