,scene_name,probs
0,furniture_store,0.66373705864
1,bookstore      ,0.118129171431
2,reception_room ,0.0943901538849
3,playroom       ,0.0700449943542
4,study          ,0.0199998021126
