,scene_name,probs
0,reception_room ,0.664409041405
1,playroom       ,0.0818601325154
2,study          ,0.075888350606
3,bookstore      ,0.043813470751
4,office_kitchen ,0.0388095937669
