,scene_name,probs
0,office         ,0.160127684474
1,classroom      ,0.159932643175
2,reception_room ,0.148371115327
3,living_room    ,0.131387934089
4,office_kitchen ,0.119918003678
