,scene_name,probs
0,classroom      ,0.968958497047
1,bookstore      ,0.00763263553381
2,bedroom        ,0.00578575767577
3,playroom       ,0.00410309014842
4,dining_room    ,0.0030521384906
