,scene_name,probs
0,bookstore      ,0.923612833023
1,classroom      ,0.0192803237587
2,furniture_store,0.0184007380158
3,office         ,0.0126605806872
4,kitchen        ,0.0111510260031
