,scene_name,probs
0,bathroom       ,0.52064794302
1,bedroom        ,0.166431814432
2,living_room    ,0.119799792767
3,dining_room    ,0.107723593712
4,kitchen        ,0.0258173439652
