,scene_name,probs
0,bedroom        ,0.684127926826
1,living_room    ,0.220101282001
2,playroom       ,0.0403848290443
3,dining_room    ,0.0219152569771
4,home_office    ,0.0205258671194
