,scene_name,probs
0,furniture_store,0.686711788177
1,playroom       ,0.146238848567
2,bookstore      ,0.064865462482
3,study          ,0.0379304811358
4,home_office    ,0.0162273775786
