,scene_name,probs
0,home_office    ,0.945906460285
1,study          ,0.0442291162908
2,living_room    ,0.00297608901747
3,playroom       ,0.0025101879146
4,bookstore      ,0.00103746994864
