,scene_name,probs
0,playroom       ,0.312322080135
1,bedroom        ,0.191353753209
2,dining_room    ,0.0981053262949
3,office         ,0.0956060364842
4,classroom      ,0.0697953104973
