,scene_name,probs
0,reception_room ,0.473296552896
1,office_kitchen ,0.157934263349
2,home_office    ,0.09305626899
3,classroom      ,0.0824640840292
4,playroom       ,0.0458251461387
