,scene_name,probs
0,office         ,0.412510991096
1,classroom      ,0.188932046294
2,living_room    ,0.0844485387206
3,kitchen        ,0.0801960900426
4,bookstore      ,0.0728451609612
