,scene_name,probs
0,furniture_store,0.866784334183
1,bookstore      ,0.0635239183903
2,living_room    ,0.0205204766244
3,home_office    ,0.00972261186689
4,dining_room    ,0.00969262514263
