,scene_name,probs
0,playroom       ,0.858659863472
1,home_office    ,0.0370540618896
2,study          ,0.0358069501817
3,bedroom        ,0.0181620251387
4,living_room    ,0.0130482800305
