,scene_name,probs
0,home_office    ,0.492884486914
1,study          ,0.461246520281
2,playroom       ,0.0299315899611
3,bookstore      ,0.00567796360701
4,reception_room ,0.00358503451571
