,scene_name,probs
0,bedroom        ,0.358792841434
1,living_room    ,0.269988298416
2,playroom       ,0.152939870954
3,home_office    ,0.0815920159221
4,study          ,0.0500277206302
