,scene_name,probs
0,home_office    ,0.702238857746
1,dining_room    ,0.108978763223
2,living_room    ,0.0646770149469
3,study          ,0.0455945134163
4,playroom       ,0.0287015531212
