,scene_name,probs
0,dining_room    ,0.306272447109
1,living_room    ,0.20059761405
2,bedroom        ,0.155963853002
3,playroom       ,0.135934323072
4,home_office    ,0.127546563745
