,scene_name,probs
0,living_room    ,0.212553232908
1,bedroom        ,0.170059531927
2,kitchen        ,0.151615723968
3,dining_room    ,0.137015923858
4,bathroom       ,0.0923269540071
