,scene_name,probs
0,playroom       ,0.497883379459
1,home_office    ,0.107255853713
2,study          ,0.0852690711617
3,living_room    ,0.0551096387208
4,classroom      ,0.0527414642274
