,scene_name,probs
0,dining_room    ,0.529094517231
1,living_room    ,0.13542021811
2,playroom       ,0.10473497957
3,bedroom        ,0.104390531778
4,home_office    ,0.0476497597992
