,scene_name,probs
0,playroom       ,0.655008375645
1,bedroom        ,0.166818633676
2,living_room    ,0.0797375291586
3,dining_room    ,0.0542282536626
4,bathroom       ,0.010428394191
