,scene_name,probs
0,furniture_store,0.924580991268
1,office         ,0.025926347822
2,study          ,0.0174122359604
3,living_room    ,0.0069383494556
4,bookstore      ,0.00509484810755
