,scene_name,probs
0,living_room    ,0.586552500725
1,kitchen        ,0.139342203736
2,dining_room    ,0.0622416250408
3,bedroom        ,0.0542100779712
4,study          ,0.0301345866174
