,scene_name,probs
0,classroom      ,0.948712527752
1,bookstore      ,0.0140654984862
2,bedroom        ,0.0135228196159
3,office         ,0.00676896842197
4,playroom       ,0.00464097270742
