,scene_name,probs
0,study          ,0.583452165127
1,home_office    ,0.316324293613
2,playroom       ,0.0544869638979
3,living_room    ,0.0177461765707
4,bedroom        ,0.0132112996653
