,scene_name,probs
0,dining_room    ,0.202409788966
1,living_room    ,0.155118063092
2,reception_room ,0.145621657372
3,kitchen        ,0.109720975161
4,classroom      ,0.0967850983143
