,scene_name,probs
0,office         ,0.396016895771
1,classroom      ,0.140551924706
2,living_room    ,0.103662833571
3,office_kitchen ,0.0849351882935
4,reception_room ,0.0782361850142
