,scene_name,probs
0,bedroom        ,0.867930471897
1,living_room    ,0.0591222755611
2,bathroom       ,0.0235009565949
3,study          ,0.0153003614396
4,playroom       ,0.0126733686775
