,scene_name,probs
0,bathroom       ,0.300266176462
1,bedroom        ,0.279018431902
2,kitchen        ,0.140480026603
3,living_room    ,0.0924652516842
4,dining_room    ,0.0661221519113
