,scene_name,probs
0,bookstore      ,0.851940393448
1,kitchen        ,0.0439990125597
2,classroom      ,0.0404854528606
3,furniture_store,0.0221045222133
4,office         ,0.0202919691801
