,scene_name,probs
0,furniture_store,0.709914565086
1,bookstore      ,0.172379463911
2,office         ,0.0433650948107
3,living_room    ,0.0393326468766
4,classroom      ,0.0111417416483
