,scene_name,probs
0,reception_room ,0.966639399529
1,dining_room    ,0.00636009173468
2,living_room    ,0.00566292507574
3,furniture_store,0.00434573041275
4,kitchen        ,0.00415352871642
