,scene_name,probs
0,bookstore      ,0.478069216013
1,home_office    ,0.240880355239
2,playroom       ,0.135614350438
3,classroom      ,0.0503030344844
4,furniture_store,0.0393803492188
