,scene_name,probs
0,study          ,0.681308805943
1,home_office    ,0.209680110216
2,playroom       ,0.0288506299257
3,reception_room ,0.0262478385121
4,bookstore      ,0.0159782338887
