,scene_name,probs
0,office         ,0.870096683502
1,office_kitchen ,0.0412710383534
2,reception_room ,0.0167924538255
3,bedroom        ,0.0165809430182
4,classroom      ,0.0165397468954
