,scene_name,probs
0,reception_room ,0.401856660843
1,living_room    ,0.126991838217
2,study          ,0.0994044542313
3,playroom       ,0.0778223574162
4,kitchen        ,0.0654099658132
