,scene_name,probs
0,living_room    ,0.260730206966
1,bookstore      ,0.204213619232
2,dining_room    ,0.172873958945
3,kitchen        ,0.167334839702
4,furniture_store,0.111107945442
