,scene_name,probs
0,home_office    ,0.444899976254
1,study          ,0.388367623091
2,playroom       ,0.0856807678938
3,bookstore      ,0.0254440158606
4,reception_room ,0.0116132497787
