,scene_name,probs
0,classroom      ,0.963352739811
1,bookstore      ,0.0188722480088
2,dining_room    ,0.00501894531772
3,playroom       ,0.00315785175189
4,living_room    ,0.00257716560736
