,scene_name,probs
0,bathroom       ,0.547156095505
1,kitchen        ,0.370481044054
2,dining_room    ,0.0149339269847
3,office         ,0.0137606374919
4,bedroom        ,0.0130857024342
