,scene_name,probs
0,bathroom       ,0.98325252533
1,kitchen        ,0.00521935569122
2,living_room    ,0.00294909789227
3,office_kitchen ,0.00237259385176
4,dining_room    ,0.0017884359695
