,scene_name,probs
0,home_office    ,0.517584741116
1,dining_room    ,0.138152241707
2,living_room    ,0.12949064374
3,study          ,0.0614332333207
4,playroom       ,0.0539158843458
