,scene_name,probs
0,dining_room    ,0.657685279846
1,living_room    ,0.11645039916
2,home_office    ,0.0934100300074
3,bedroom        ,0.0585996620357
4,study          ,0.0289618130773
