,scene_name,probs
0,classroom      ,0.603630185127
1,bookstore      ,0.0970669463277
2,office         ,0.0800688490272
3,office_kitchen ,0.0588096007705
4,playroom       ,0.0337304249406
