,scene_name,probs
0,classroom      ,0.98260062933
1,bookstore      ,0.00766111770645
2,playroom       ,0.00456119934097
3,dining_room    ,0.00128826289438
4,office         ,0.000973388843704
