,scene_name,probs
0,bedroom        ,0.650355875492
1,living_room    ,0.156682178378
2,home_office    ,0.0695073902607
3,playroom       ,0.0657276809216
4,study          ,0.0496991872787
