,scene_name,probs
0,bookstore      ,0.552552103996
1,classroom      ,0.270780026913
2,playroom       ,0.121675305068
3,office_kitchen ,0.0154615025967
4,furniture_store,0.0126955267042
