,scene_name,probs
0,dining_room    ,0.329835385084
1,living_room    ,0.127876743674
2,bathroom       ,0.111106388271
3,office_kitchen ,0.108497902751
4,kitchen        ,0.0791929587722
