,scene_name,probs
0,office_kitchen ,0.612304210663
1,reception_room ,0.226493373513
2,bathroom       ,0.035568613559
3,playroom       ,0.0240214467049
4,office         ,0.02268213965
