,scene_name,probs
0,bedroom        ,0.490322798491
1,kitchen        ,0.185033947229
2,living_room    ,0.103028684855
3,bathroom       ,0.074041210115
4,dining_room    ,0.0691177994013
