,scene_name,probs
0,bathroom       ,0.85732614994
1,office         ,0.0374804586172
2,reception_room ,0.023149445653
3,bedroom        ,0.0156127344817
4,office_kitchen ,0.0145267788321
