,scene_name,probs
0,bookstore      ,0.933473587036
1,classroom      ,0.0167037863284
2,kitchen        ,0.0134135512635
3,furniture_store,0.011594879441
4,office         ,0.00639098975807
