,scene_name,probs
0,reception_room ,0.719923496246
1,living_room    ,0.0587995573878
2,office         ,0.0402741059661
3,office_kitchen ,0.0338100753725
4,bedroom        ,0.0234998837113
