,scene_name,probs
0,kitchen        ,0.34019240737
1,office         ,0.215256497264
2,bedroom        ,0.167290657759
3,bathroom       ,0.0807941406965
4,living_room    ,0.068320043385
