,scene_name,probs
0,living_room    ,0.291641294956
1,bathroom       ,0.184272304177
2,office         ,0.168879374862
3,kitchen        ,0.119579456747
4,furniture_store,0.0795465856791
