,scene_name,probs
0,furniture_store,0.394837468863
1,study          ,0.220154955983
2,reception_room ,0.099059253931
3,playroom       ,0.0658337324858
4,office_kitchen ,0.056108918041
