,scene_name,probs
0,bookstore      ,0.780162155628
1,kitchen        ,0.0874722898006
2,living_room    ,0.0538312345743
3,dining_room    ,0.0382618382573
4,office         ,0.0131885912269
