,scene_name,probs
0,bathroom       ,0.974350035191
1,kitchen        ,0.00642554834485
2,dining_room    ,0.00509301293641
3,office_kitchen ,0.0050714109093
4,bedroom        ,0.00332153984345
