,scene_name,probs
0,living_room    ,0.335579931736
1,bookstore      ,0.141229748726
2,office         ,0.0998608544469
3,dining_room    ,0.0828641727567
4,playroom       ,0.0725690945983
