,scene_name,probs
0,bathroom       ,0.319702833891
1,bedroom        ,0.226092562079
2,living_room    ,0.0995822921395
3,office         ,0.0738375037909
4,dining_room    ,0.0660566464067
