,scene_name,probs
0,playroom       ,0.438546478748
1,home_office    ,0.399255871773
2,study          ,0.0671549290419
3,living_room    ,0.0238378830254
4,bookstore      ,0.0170773621649
