,scene_name,probs
0,bathroom       ,0.65956056118
1,kitchen        ,0.159028202295
2,bedroom        ,0.072862111032
3,living_room    ,0.0293558072299
4,office         ,0.0223031938076
