,scene_name,probs
0,home_office    ,0.925250291824
1,living_room    ,0.0272584650666
2,study          ,0.0204127803445
3,bedroom        ,0.0169216003269
4,dining_room    ,0.00370603217743
