,scene_name,probs
0,study          ,0.922503530979
1,playroom       ,0.0381368771195
2,home_office    ,0.0293261818588
3,living_room    ,0.00412895763293
4,furniture_store,0.00141232961323
