,scene_name,probs
0,dining_room    ,0.268762499094
1,living_room    ,0.173431947827
2,reception_room ,0.0857195779681
3,office         ,0.0776561871171
4,kitchen        ,0.0770984664559
