,scene_name,probs
0,office_kitchen ,0.493610352278
1,reception_room ,0.422100394964
2,living_room    ,0.015677433461
3,playroom       ,0.0116569362581
4,bathroom       ,0.0111001254991
