,scene_name,probs
0,bedroom        ,0.345556944609
1,playroom       ,0.240295320749
2,living_room    ,0.173242792487
3,dining_room    ,0.0502025261521
4,office_kitchen ,0.0399886779487
