,scene_name,probs
0,office_kitchen ,0.899486720562
1,office         ,0.0465484373271
2,reception_room ,0.0140838241205
3,bedroom        ,0.00853063724935
4,playroom       ,0.007541062776
