,scene_name,probs
0,office_kitchen ,0.790972411633
1,playroom       ,0.0539501234889
2,reception_room ,0.049567759037
3,office         ,0.0326155424118
4,classroom      ,0.0152158010751
