,scene_name,probs
0,kitchen        ,0.285660266876
1,dining_room    ,0.23572717607
2,bookstore      ,0.154585212469
3,living_room    ,0.083610445261
4,office         ,0.0765831544995
