,scene_name,probs
0,living_room    ,0.342366427183
1,bedroom        ,0.164214864373
2,bathroom       ,0.149095326662
3,office         ,0.122671939433
4,kitchen        ,0.11580324918
