,scene_name,probs
0,study          ,0.926990866661
1,home_office    ,0.0307673420757
2,furniture_store,0.0142717016861
3,bookstore      ,0.0109581891447
4,dining_room    ,0.00435290951282
