,scene_name,probs
0,dining_room    ,0.532595396042
1,study          ,0.153612405062
2,living_room    ,0.0927813500166
3,kitchen        ,0.0732518136501
4,bedroom        ,0.0685555636883
