,scene_name,probs
0,furniture_store,0.888042628765
1,bookstore      ,0.0504853054881
2,living_room    ,0.0198765229434
3,office         ,0.0114394528791
4,home_office    ,0.00624628644437
