,scene_name,probs
0,home_office    ,0.597456872463
1,study          ,0.154300451279
2,living_room    ,0.108988277614
3,bedroom        ,0.0683223232627
4,dining_room    ,0.0223280824721
