,scene_name,probs
0,bedroom        ,0.771415531635
1,living_room    ,0.049405772239
2,playroom       ,0.0396904200315
3,office_kitchen ,0.0353622101247
4,dining_room    ,0.02654309012
