,scene_name,probs
0,office         ,0.885718524456
1,classroom      ,0.0402593538165
2,playroom       ,0.0163727607578
3,home_office    ,0.00919000152498
4,bookstore      ,0.00732813822106
