,scene_name,probs
0,bathroom       ,0.18847464025
1,kitchen        ,0.186805412173
2,bedroom        ,0.164069369435
3,reception_room ,0.160026103258
4,office_kitchen ,0.094165712595
