,scene_name,probs
0,furniture_store,0.440630406141
1,bookstore      ,0.392584353685
2,reception_room ,0.0762286931276
3,study          ,0.0307590384036
4,playroom       ,0.0177566632628
