,scene_name,probs
0,study          ,0.597177743912
1,playroom       ,0.230021610856
2,office_kitchen ,0.0426563769579
3,reception_room ,0.0381397791207
4,home_office    ,0.0333778783679
