,scene_name,probs
0,dining_room    ,0.221983894706
1,kitchen        ,0.184062615037
2,reception_room ,0.148612633348
3,living_room    ,0.114097073674
4,classroom      ,0.096822693944
