,scene_name,probs
0,bathroom       ,0.28916439414
1,living_room    ,0.264685571194
2,dining_room    ,0.196276754141
3,bedroom        ,0.11010286212
4,kitchen        ,0.0829795077443
