,scene_name,probs
0,office_kitchen ,0.957127690315
1,reception_room ,0.0262362044305
2,playroom       ,0.0045589688234
3,classroom      ,0.00284279254265
4,office         ,0.00256647402421
