,scene_name,probs
0,reception_room ,0.874883413315
1,furniture_store,0.0260505843908
2,office         ,0.0167646091431
3,living_room    ,0.0167239159346
4,study          ,0.0143506927416
