,scene_name,probs
0,furniture_store,0.650281667709
1,study          ,0.122961625457
2,reception_room ,0.103315226734
3,playroom       ,0.0308638308197
4,bookstore      ,0.0222234725952
