,scene_name,probs
0,living_room    ,0.281687051058
1,bedroom        ,0.213291451335
2,dining_room    ,0.127777904272
3,kitchen        ,0.107332073152
4,office         ,0.105715207756
