,scene_name,probs
0,bedroom        ,0.735456228256
1,living_room    ,0.087418705225
2,playroom       ,0.0681105405092
3,dining_room    ,0.0530798025429
4,office         ,0.0222683604807
