,scene_name,probs
0,kitchen        ,0.417584002018
1,living_room    ,0.229046493769
2,dining_room    ,0.0896031707525
3,bedroom        ,0.0751662999392
4,office         ,0.0683276057243
