,scene_name,probs
0,office         ,0.768557906151
1,classroom      ,0.0871497094631
2,bookstore      ,0.0510536469519
3,kitchen        ,0.0245529450476
4,living_room    ,0.0153207750991
