,scene_name,probs
0,bathroom       ,0.538526117802
1,kitchen        ,0.206368595362
2,living_room    ,0.0694290325046
3,office         ,0.0355978123844
4,reception_room ,0.0308690089732
