,scene_name,probs
0,study          ,0.851446866989
1,bedroom        ,0.0738789439201
2,home_office    ,0.0377963222563
3,living_room    ,0.0211547501385
4,playroom       ,0.0111082866788
