,scene_name,probs
0,home_office    ,0.822951734066
1,study          ,0.105637930334
2,bookstore      ,0.0542777143419
3,playroom       ,0.00515276892111
4,classroom      ,0.00417357403785
