,scene_name,probs
0,bedroom        ,0.331078290939
1,living_room    ,0.260662704706
2,dining_room    ,0.192163392901
3,home_office    ,0.0789261460304
4,study          ,0.0407106727362
