,scene_name,probs
0,study          ,0.826884448528
1,home_office    ,0.0800960958004
2,playroom       ,0.0701584815979
3,dining_room    ,0.00731477700174
4,living_room    ,0.00619112327695
