,scene_name,probs
0,furniture_store,0.913905084133
1,living_room    ,0.0295587871224
2,dining_room    ,0.0111753102392
3,bookstore      ,0.0104556381702
4,office         ,0.00647339830175
