,scene_name,probs
0,bedroom        ,0.695243656635
1,living_room    ,0.157563000917
2,bathroom       ,0.0514519326389
3,office_kitchen ,0.0262886956334
4,playroom       ,0.0201993621886
