,scene_name,probs
0,living_room    ,0.492664247751
1,bedroom        ,0.195101961493
2,playroom       ,0.1227016747
3,dining_room    ,0.0611335597932
4,home_office    ,0.0536819770932
