,scene_name,probs
0,bathroom       ,0.956842899323
1,bedroom        ,0.0132480990142
2,kitchen        ,0.00784637965262
3,study          ,0.00711409421638
4,living_room    ,0.00412373337895
