,scene_name,probs
0,dining_room    ,0.261587530375
1,kitchen        ,0.249979764223
2,bedroom        ,0.183307468891
3,living_room    ,0.132645457983
4,home_office    ,0.0723113119602
