,scene_name,probs
0,dining_room    ,0.691772222519
1,living_room    ,0.132114350796
2,bedroom        ,0.0869050249457
3,kitchen        ,0.0322701074183
4,home_office    ,0.0141285369173
