,scene_name,probs
0,bedroom        ,0.799753785133
1,living_room    ,0.08486507833
2,bathroom       ,0.0695653110743
3,study          ,0.0192048288882
4,playroom       ,0.00880062300712
