,scene_name,probs
0,bedroom        ,0.694147825241
1,living_room    ,0.10565957427
2,study          ,0.103369548917
3,home_office    ,0.0308979675174
4,dining_room    ,0.0208334531635
