,scene_name,probs
0,dining_room    ,0.397280007601
1,bathroom       ,0.196685746312
2,living_room    ,0.109165564179
3,kitchen        ,0.0907894894481
4,office         ,0.0641708076
