,scene_name,probs
0,bedroom        ,0.374282479286
1,kitchen        ,0.145822018385
2,living_room    ,0.120669908822
3,dining_room    ,0.0803956836462
4,home_office    ,0.0531910024583
