,scene_name,probs
0,study          ,0.8827034235
1,living_room    ,0.0302249826491
2,bedroom        ,0.0280336420983
3,home_office    ,0.0212888401002
4,playroom       ,0.00873045437038
