,scene_name,probs
0,bedroom        ,0.211020842195
1,office         ,0.207705587149
2,living_room    ,0.166850626469
3,playroom       ,0.144122108817
4,study          ,0.131993755698
