,scene_name,probs
0,office         ,0.928049921989
1,kitchen        ,0.0175492614508
2,furniture_store,0.0170477554202
3,living_room    ,0.0115678953007
4,bathroom       ,0.0100240614265
