,scene_name,probs
0,living_room    ,0.419116526842
1,bedroom        ,0.215609282255
2,dining_room    ,0.159849718213
3,bathroom       ,0.0908885598183
4,study          ,0.0577291660011
