,scene_name,probs
0,living_room    ,0.419904142618
1,bedroom        ,0.241596072912
2,playroom       ,0.123952820897
3,study          ,0.0673039406538
4,dining_room    ,0.0454492382705
