,scene_name,probs
0,dining_room    ,0.247954264283
1,living_room    ,0.195414140821
2,kitchen        ,0.167463093996
3,home_office    ,0.11940138042
4,bookstore      ,0.0807069763541
