,scene_name,probs
0,classroom      ,0.351642996073
1,home_office    ,0.340685784817
2,bookstore      ,0.0868171229959
3,reception_room ,0.0826279893517
4,playroom       ,0.0452577099204
