,scene_name,probs
0,reception_room ,0.640779137611
1,dining_room    ,0.0724036693573
2,office         ,0.0516586899757
3,office_kitchen ,0.050310280174
4,kitchen        ,0.0426178053021
