,scene_name,probs
0,furniture_store,0.686750233173
1,study          ,0.130877450109
2,reception_room ,0.0786494910717
3,bookstore      ,0.0463931970298
4,playroom       ,0.0169183425605
