,scene_name,probs
0,bedroom        ,0.48451384902
1,dining_room    ,0.143605723977
2,living_room    ,0.0893658548594
3,kitchen        ,0.0787625685334
4,bathroom       ,0.0440022796392
