,scene_name,probs
0,bathroom       ,0.439614474773
1,kitchen        ,0.251343846321
2,bedroom        ,0.126311063766
3,living_room    ,0.0484446585178
4,office         ,0.0440940745175
