,scene_name,probs
0,bedroom        ,0.600911915302
1,living_room    ,0.0650959312916
2,office_kitchen ,0.0627018511295
3,playroom       ,0.0610029362142
4,classroom      ,0.0489084944129
