,scene_name,probs
0,bookstore      ,0.402710855007
1,reception_room ,0.215746209025
2,office_kitchen ,0.123417600989
3,furniture_store,0.0842202007771
4,classroom      ,0.0403636917472
