,scene_name,probs
0,office         ,0.755425989628
1,office_kitchen ,0.044766575098
2,classroom      ,0.0403562746942
3,bookstore      ,0.0340638756752
4,playroom       ,0.0268423855305
