,scene_name,probs
0,bedroom        ,0.752237021923
1,living_room    ,0.0684004426003
2,playroom       ,0.0625771731138
3,dining_room    ,0.0550486817956
4,study          ,0.031278360635
