,scene_name,probs
0,dining_room    ,0.246307760477
1,kitchen        ,0.167671859264
2,living_room    ,0.143004983664
3,office         ,0.116165287793
4,bedroom        ,0.106599502265
